date,month,season,is_holiday,holiday_type,product_id,product_name,category,selling_price,purchase_price,stock,promotion,discount,units_sold
2024-09-27,9,Autumn,0,None,P001,Jacket,Clothing,70.0,30.0,191,0,0.0,11
2024-09-28,9,Autumn,0,None,P001,Jacket,Clothing,70.0,30.0,180,0,0.0,11
2024-09-29,9,Autumn,0,None,P001,Jacket,Clothing,70.0,30.0,168,0,0.0,12
2024-09-30,9,Autumn,0,None,P001,Jacket,Clothing,70.0,30.0,160,0,0.0,8
2024-10-01,10,Autumn,0,None,P001,Jacket,Clothing,70.0,30.0,151,0,0.0,9
2024-10-02,10,Autumn,0,None,P001,Jacket,Clothing,70.0,30.0,141,0,0.0,10
2024-10-03,10,Autumn,0,None,P001,Jacket,Clothing,70.0,30.0,129,0,0.0,12
2024-10-04,10,Autumn,0,None,P001,Jacket,Clothing,62.68,30.0,114,1,0.10461248500828316,15
2024-10-05,10,Autumn,0,None,P001,Jacket,Clothing,70.0,30.0,103,0,0.0,11
2024-10-06,10,Autumn,0,None,P001,Jacket,Clothing,70.0,30.0,91,0,0.0,12
2024-10-07,10,Autumn,0,None,P001,Jacket,Clothing,70.0,30.0,81,0,0.0,10
2024-10-08,10,Autumn,0,None,P001,Jacket,Clothing,70.0,30.0,73,0,0.0,8
2024-10-09,10,Autumn,0,None,P001,Jacket,Clothing,70.0,30.0,61,0,0.0,12
2024-10-10,10,Autumn,0,None,P001,Jacket,Clothing,70.0,30.0,52,0,0.0,9
2024-10-11,10,Autumn,0,None,P001,Jacket,Clothing,70.0,30.0,47,0,0.0,5
2024-10-12,10,Autumn,0,None,P001,Jacket,Clothing,70.0,30.0,184,0,0.0,15
2024-10-13,10,Autumn,0,None,P001,Jacket,Clothing,70.0,30.0,169,0,0.0,15
2024-10-14,10,Autumn,0,None,P001,Jacket,Clothing,70.0,30.0,156,0,0.0,13
2024-10-15,10,Autumn,0,None,P001,Jacket,Clothing,70.0,30.0,149,0,0.0,7
2024-10-16,10,Autumn,0,None,P001,Jacket,Clothing,70.0,30.0,140,0,0.0,9
2024-10-17,10,Autumn,0,None,P001,Jacket,Clothing,70.0,30.0,130,0,0.0,10
2024-10-18,10,Autumn,0,None,P001,Jacket,Clothing,51.21,30.0,119,1,0.2684569549189997,11
2024-10-19,10,Autumn,0,None,P001,Jacket,Clothing,70.0,30.0,105,0,0.0,14
2024-10-20,10,Autumn,0,None,P001,Jacket,Clothing,70.0,30.0,93,0,0.0,12
2024-10-21,10,Autumn,0,None,P001,Jacket,Clothing,70.0,30.0,82,0,0.0,11
2024-10-22,10,Autumn,0,None,P001,Jacket,Clothing,70.0,30.0,67,0,0.0,15
2024-10-23,10,Autumn,0,None,P001,Jacket,Clothing,70.0,30.0,57,0,0.0,10
2024-10-24,10,Autumn,0,None,P001,Jacket,Clothing,70.0,30.0,44,0,0.0,13
2024-10-25,10,Autumn,0,None,P001,Jacket,Clothing,70.0,30.0,330,0,0.0,8
2024-10-26,10,Autumn,0,None,P001,Jacket,Clothing,70.0,30.0,320,0,0.0,10
2024-10-27,10,Autumn,0,None,P001,Jacket,Clothing,57.07,30.0,308,1,0.1846802961412739,12
2024-10-28,10,Autumn,0,None,P001,Jacket,Clothing,60.22,30.0,298,1,0.13976848081776103,10
2024-10-29,10,Autumn,0,None,P001,Jacket,Clothing,70.0,30.0,288,0,0.0,10
2024-10-30,10,Autumn,0,None,P001,Jacket,Clothing,70.0,30.0,276,0,0.0,12
2024-10-31,10,Autumn,0,None,P001,Jacket,Clothing,70.0,30.0,268,0,0.0,8
2024-11-01,11,Autumn,0,None,P001,Jacket,Clothing,70.0,30.0,259,0,0.0,9
2024-11-02,11,Autumn,0,None,P001,Jacket,Clothing,70.0,30.0,244,0,0.0,15
2024-11-03,11,Autumn,0,None,P001,Jacket,Clothing,70.0,30.0,227,0,0.0,17
2024-11-04,11,Autumn,0,None,P001,Jacket,Clothing,70.0,30.0,217,0,0.0,10
2024-11-05,11,Autumn,0,None,P001,Jacket,Clothing,70.0,30.0,208,0,0.0,9
2024-11-06,11,Autumn,0,None,P001,Jacket,Clothing,70.0,30.0,200,0,0.0,8
2024-11-07,11,Autumn,0,None,P001,Jacket,Clothing,53.05,30.0,188,1,0.24213257793715748,12
2024-11-08,11,Autumn,0,None,P001,Jacket,Clothing,70.0,30.0,181,0,0.0,7
2024-11-09,11,Autumn,0,None,P001,Jacket,Clothing,70.0,30.0,169,0,0.0,12
2024-11-10,11,Autumn,0,None,P001,Jacket,Clothing,70.0,30.0,152,0,0.0,17
2024-11-11,11,Autumn,0,None,P001,Jacket,Clothing,70.0,30.0,141,0,0.0,11
2024-11-12,11,Autumn,0,None,P001,Jacket,Clothing,70.0,30.0,134,0,0.0,7
2024-11-13,11,Autumn,0,None,P001,Jacket,Clothing,70.0,30.0,124,0,0.0,10
2024-11-14,11,Autumn,0,None,P001,Jacket,Clothing,70.0,30.0,113,0,0.0,11
2024-11-15,11,Autumn,0,None,P001,Jacket,Clothing,70.0,30.0,103,0,0.0,10
2024-11-16,11,Autumn,0,None,P001,Jacket,Clothing,70.0,30.0,91,0,0.0,12
2024-11-17,11,Autumn,0,None,P001,Jacket,Clothing,70.0,30.0,81,0,0.0,10
2024-11-18,11,Autumn,0,None,P001,Jacket,Clothing,70.0,30.0,72,0,0.0,9
2024-11-19,11,Autumn,0,None,P001,Jacket,Clothing,70.0,30.0,61,0,0.0,11
2024-11-20,11,Autumn,0,None,P001,Jacket,Clothing,70.0,30.0,52,0,0.0,9
2024-11-21,11,Autumn,0,None,P001,Jacket,Clothing,70.0,30.0,42,0,0.0,10
2024-11-22,11,Autumn,0,None,P001,Jacket,Clothing,70.0,30.0,184,0,0.0,8
2024-11-23,11,Autumn,0,None,P001,Jacket,Clothing,70.0,30.0,173,0,0.0,11
2024-11-24,11,Autumn,0,None,P001,Jacket,Clothing,70.0,30.0,163,0,0.0,10
2024-11-25,11,Autumn,0,None,P001,Jacket,Clothing,70.0,30.0,152,0,0.0,11
2024-11-26,11,Autumn,0,None,P001,Jacket,Clothing,70.0,30.0,142,0,0.0,10
2024-11-27,11,Autumn,0,None,P001,Jacket,Clothing,70.0,30.0,135,0,0.0,7
2024-11-28,11,Autumn,0,None,P001,Jacket,Clothing,59.45,30.0,120,1,0.15078308278686894,15
2024-11-29,11,Autumn,0,None,P001,Jacket,Clothing,70.0,30.0,113,0,0.0,7
2024-11-30,11,Autumn,0,None,P001,Jacket,Clothing,70.0,30.0,101,0,0.0,12
2024-12-01,12,Winter,0,None,P001,Jacket,Clothing,58.17,30.0,64,1,0.1690142496053366,37
2024-12-02,12,Winter,0,None,P001,Jacket,Clothing,70.0,30.0,43,0,0.0,21
2024-12-03,12,Winter,0,None,P001,Jacket,Clothing,70.0,30.0,233,0,0.0,27
2024-12-04,12,Winter,0,None,P001,Jacket,Clothing,70.0,30.0,214,0,0.0,19
2024-12-05,12,Winter,0,None,P001,Jacket,Clothing,70.0,30.0,197,0,0.0,17
2024-12-06,12,Winter,0,None,P001,Jacket,Clothing,70.0,30.0,176,0,0.0,21
2024-12-07,12,Winter,0,None,P001,Jacket,Clothing,70.0,30.0,151,0,0.0,25
2024-12-08,12,Winter,0,None,P001,Jacket,Clothing,70.0,30.0,128,0,0.0,23
2024-12-09,12,Winter,0,None,P001,Jacket,Clothing,70.0,30.0,107,0,0.0,21
2024-12-10,12,Winter,0,None,P001,Jacket,Clothing,70.0,30.0,89,0,0.0,18
2024-12-11,12,Winter,0,None,P001,Jacket,Clothing,70.0,30.0,66,0,0.0,23
2024-12-12,12,Winter,0,None,P001,Jacket,Clothing,70.0,30.0,49,0,0.0,17
2024-12-13,12,Winter,0,None,P001,Jacket,Clothing,70.0,30.0,189,0,0.0,24
2024-12-14,12,Winter,0,None,P001,Jacket,Clothing,70.0,30.0,157,0,0.0,32
2024-12-15,12,Winter,0,None,P001,Jacket,Clothing,70.0,30.0,131,0,0.0,26
2024-12-16,12,Winter,0,None,P001,Jacket,Clothing,70.0,30.0,111,0,0.0,20
2024-12-17,12,Winter,0,None,P001,Jacket,Clothing,70.0,30.0,97,0,0.0,14
2024-12-18,12,Winter,0,None,P001,Jacket,Clothing,70.0,30.0,84,0,0.0,13
2024-12-19,12,Winter,0,None,P001,Jacket,Clothing,70.0,30.0,64,0,0.0,20
2024-12-20,12,Winter,0,None,P001,Jacket,Clothing,70.0,30.0,40,0,0.0,24
2024-12-21,12,Winter,0,None,P001,Jacket,Clothing,70.0,30.0,192,0,0.0,26
2024-12-22,12,Winter,0,None,P001,Jacket,Clothing,70.0,30.0,166,0,0.0,26
2024-12-23,12,Winter,0,None,P001,Jacket,Clothing,70.0,30.0,146,0,0.0,20
2024-12-24,12,Winter,0,None,P001,Jacket,Clothing,70.0,30.0,124,0,0.0,22
2024-12-25,12,Winter,0,None,P001,Jacket,Clothing,70.0,30.0,100,0,0.0,24
2024-12-26,12,Winter,0,None,P001,Jacket,Clothing,70.0,30.0,84,0,0.0,16
2024-12-27,12,Winter,0,None,P001,Jacket,Clothing,70.0,30.0,69,0,0.0,15
2024-12-28,12,Winter,0,None,P001,Jacket,Clothing,70.0,30.0,44,0,0.0,25
2024-12-29,12,Winter,0,None,P001,Jacket,Clothing,70.0,30.0,196,0,0.0,24
2024-12-30,12,Winter,0,None,P001,Jacket,Clothing,70.0,30.0,180,0,0.0,16
2024-12-31,12,Winter,0,None,P001,Jacket,Clothing,70.0,30.0,156,0,0.0,24
2025-01-01,1,Winter,0,None,P001,Jacket,Clothing,70.0,30.0,142,0,0.0,14
2025-01-02,1,Winter,0,None,P001,Jacket,Clothing,70.0,30.0,120,0,0.0,22
2025-01-03,1,Winter,0,None,P001,Jacket,Clothing,70.0,30.0,97,0,0.0,23
2025-01-04,1,Winter,0,None,P001,Jacket,Clothing,70.0,30.0,72,0,0.0,25
2025-01-05,1,Winter,0,None,P001,Jacket,Clothing,70.0,30.0,39,0,0.0,33
2025-01-06,1,Winter,0,None,P001,Jacket,Clothing,70.0,30.0,294,0,0.0,24
2025-01-07,1,Winter,0,None,P001,Jacket,Clothing,70.0,30.0,269,0,0.0,25
2025-01-08,1,Winter,0,None,P001,Jacket,Clothing,49.08,30.0,235,1,0.2989101021594682,34
2025-01-09,1,Winter,0,None,P001,Jacket,Clothing,70.0,30.0,213,0,0.0,22
2025-01-10,1,Winter,0,None,P001,Jacket,Clothing,70.0,30.0,195,0,0.0,18
2025-01-11,1,Winter,0,None,P001,Jacket,Clothing,70.0,30.0,166,0,0.0,29
2025-01-12,1,Winter,0,None,P001,Jacket,Clothing,70.0,30.0,151,0,0.0,15
2025-01-13,1,Winter,0,None,P001,Jacket,Clothing,70.0,30.0,132,0,0.0,19
2025-01-14,1,Winter,0,None,P001,Jacket,Clothing,70.0,30.0,114,0,0.0,18
2025-01-15,1,Winter,0,None,P001,Jacket,Clothing,70.0,30.0,104,0,0.0,10
2025-01-16,1,Winter,0,None,P001,Jacket,Clothing,70.0,30.0,86,0,0.0,18
2025-01-17,1,Winter,0,None,P001,Jacket,Clothing,70.0,30.0,64,0,0.0,22
2025-01-18,1,Winter,0,None,P001,Jacket,Clothing,70.0,30.0,44,0,0.0,20
2025-01-19,1,Winter,0,None,P001,Jacket,Clothing,70.0,30.0,202,0,0.0,30
2025-01-20,1,Winter,0,None,P001,Jacket,Clothing,70.0,30.0,184,0,0.0,18
2025-01-21,1,Winter,0,None,P001,Jacket,Clothing,70.0,30.0,172,0,0.0,12
2025-01-22,1,Winter,0,None,P001,Jacket,Clothing,70.0,30.0,151,0,0.0,21
2025-01-23,1,Winter,0,None,P001,Jacket,Clothing,70.0,30.0,134,0,0.0,17
2025-01-24,1,Winter,0,None,P001,Jacket,Clothing,54.21,30.0,104,1,0.2255788829897272,30
2025-01-25,1,Winter,0,None,P001,Jacket,Clothing,70.0,30.0,79,0,0.0,25
2025-01-26,1,Winter,0,None,P001,Jacket,Clothing,50.59,30.0,45,1,0.27732342979013197,34
2025-01-27,1,Winter,0,None,P001,Jacket,Clothing,70.0,30.0,172,0,0.0,27
2025-01-28,1,Winter,0,None,P001,Jacket,Clothing,70.0,30.0,155,0,0.0,17
2025-01-29,1,Winter,0,None,P001,Jacket,Clothing,70.0,30.0,137,0,0.0,18
2025-01-30,1,Winter,0,None,P001,Jacket,Clothing,58.75,30.0,108,1,0.16065310293464458,29
2025-01-31,1,Winter,0,None,P001,Jacket,Clothing,70.0,30.0,85,0,0.0,23
2025-02-01,2,Winter,0,None,P001,Jacket,Clothing,70.0,30.0,62,0,0.0,23
2025-02-02,2,Winter,0,None,P001,Jacket,Clothing,70.0,30.0,30,0,0.0,32
2025-02-03,2,Winter,0,None,P001,Jacket,Clothing,70.0,30.0,190,0,0.0,19
2025-02-04,2,Winter,0,None,P001,Jacket,Clothing,70.0,30.0,171,0,0.0,19
2025-02-05,2,Winter,0,None,P001,Jacket,Clothing,70.0,30.0,153,0,0.0,18
2025-02-06,2,Winter,0,None,P001,Jacket,Clothing,70.0,30.0,136,0,0.0,17
2025-02-07,2,Winter,0,None,P001,Jacket,Clothing,57.0,30.0,112,1,0.18566289498802155,24
2025-02-08,2,Winter,0,None,P001,Jacket,Clothing,70.0,30.0,95,0,0.0,17
2025-02-09,2,Winter,0,None,P001,Jacket,Clothing,60.44,30.0,65,1,0.13657319942146146,30
2025-02-10,2,Winter,0,None,P001,Jacket,Clothing,70.0,30.0,44,0,0.0,21
2025-02-11,2,Winter,0,None,P001,Jacket,Clothing,70.0,30.0,264,0,0.0,28
2025-02-12,2,Winter,0,None,P001,Jacket,Clothing,70.0,30.0,244,0,0.0,20
2025-02-13,2,Winter,0,None,P001,Jacket,Clothing,70.0,30.0,227,0,0.0,17
2025-02-14,2,Winter,0,None,P001,Jacket,Clothing,70.0,30.0,210,0,0.0,17
2025-02-15,2,Winter,0,None,P001,Jacket,Clothing,58.64,30.0,178,1,0.16228266187825885,32
2025-02-16,2,Winter,0,None,P001,Jacket,Clothing,70.0,30.0,149,0,0.0,29
2025-02-17,2,Winter,0,None,P001,Jacket,Clothing,70.0,30.0,127,0,0.0,22
2025-02-18,2,Winter,0,None,P001,Jacket,Clothing,70.0,30.0,109,0,0.0,18
2025-02-19,2,Winter,0,None,P001,Jacket,Clothing,70.0,30.0,89,0,0.0,20
2025-02-20,2,Winter,0,None,P001,Jacket,Clothing,70.0,30.0,69,0,0.0,20
2025-02-21,2,Winter,0,None,P001,Jacket,Clothing,70.0,30.0,46,0,0.0,23
2025-02-22,2,Winter,0,None,P001,Jacket,Clothing,70.0,30.0,271,0,0.0,27
2025-02-23,2,Winter,0,None,P001,Jacket,Clothing,70.0,30.0,241,0,0.0,30
2025-02-24,2,Winter,0,None,P001,Jacket,Clothing,70.0,30.0,226,0,0.0,15
2025-02-25,2,Winter,0,None,P001,Jacket,Clothing,70.0,30.0,206,0,0.0,20
2025-02-26,2,Winter,0,None,P001,Jacket,Clothing,70.0,30.0,182,0,0.0,24
2025-02-27,2,Winter,0,None,P001,Jacket,Clothing,70.0,30.0,161,0,0.0,21
2025-02-28,2,Winter,0,None,P001,Jacket,Clothing,70.0,30.0,145,0,0.0,16
2025-03-01,3,Spring,0,None,P001,Jacket,Clothing,70.0,30.0,140,0,0.0,5
2025-03-02,3,Spring,0,None,P001,Jacket,Clothing,54.34,30.0,129,1,0.22365077686757856,11
2025-03-03,3,Spring,0,None,P001,Jacket,Clothing,70.0,30.0,126,0,0.0,3
2025-03-04,3,Spring,0,None,P001,Jacket,Clothing,70.0,30.0,123,0,0.0,3
2025-03-05,3,Spring,0,None,P001,Jacket,Clothing,70.0,30.0,119,0,0.0,4
2025-03-06,3,Spring,0,None,P001,Jacket,Clothing,70.0,30.0,114,0,0.0,5
2025-03-07,3,Spring,0,None,P001,Jacket,Clothing,57.15,30.0,108,1,0.18358920634311576,6
2025-03-08,3,Spring,0,None,P001,Jacket,Clothing,70.0,30.0,105,0,0.0,3
2025-03-09,3,Spring,0,None,P001,Jacket,Clothing,70.0,30.0,97,0,0.0,8
2025-03-10,3,Spring,1,Ramadan,P001,Jacket,Clothing,70.0,30.0,93,0,0.0,4
2025-03-11,3,Spring,1,Ramadan,P001,Jacket,Clothing,70.0,30.0,88,0,0.0,5
2025-03-12,3,Spring,1,Ramadan,P001,Jacket,Clothing,70.0,30.0,83,0,0.0,5
2025-03-13,3,Spring,1,Ramadan,P001,Jacket,Clothing,70.0,30.0,77,0,0.0,6
2025-03-14,3,Spring,1,Ramadan,P001,Jacket,Clothing,70.0,30.0,73,0,0.0,4
2025-03-15,3,Spring,1,Ramadan,P001,Jacket,Clothing,70.0,30.0,66,0,0.0,7
2025-03-16,3,Spring,1,Ramadan,P001,Jacket,Clothing,70.0,30.0,63,0,0.0,3
2025-03-17,3,Spring,1,Ramadan,P001,Jacket,Clothing,70.0,30.0,59,0,0.0,4
2025-03-18,3,Spring,1,Ramadan,P001,Jacket,Clothing,62.25,30.0,53,1,0.11069705934947378,6
2025-03-19,3,Spring,1,Ramadan,P001,Jacket,Clothing,70.0,30.0,49,0,0.0,4
2025-03-20,3,Spring,1,Ramadan,P001,Jacket,Clothing,70.0,30.0,265,0,0.0,6
2025-03-21,3,Spring,1,Ramadan,P001,Jacket,Clothing,70.0,30.0,258,0,0.0,7
2025-03-22,3,Spring,1,Ramadan,P001,Jacket,Clothing,70.0,30.0,252,0,0.0,6
2025-03-23,3,Spring,1,Ramadan,P001,Jacket,Clothing,70.0,30.0,246,0,0.0,6
2025-03-24,3,Spring,1,Ramadan,P001,Jacket,Clothing,70.0,30.0,241,0,0.0,5
2025-03-25,3,Spring,1,Ramadan,P001,Jacket,Clothing,70.0,30.0,235,0,0.0,6
2025-03-26,3,Spring,1,Ramadan,P001,Jacket,Clothing,70.0,30.0,230,0,0.0,5
2025-03-27,3,Spring,1,Ramadan,P001,Jacket,Clothing,70.0,30.0,225,0,0.0,5
2025-03-28,3,Spring,1,Ramadan,P001,Jacket,Clothing,70.0,30.0,222,0,0.0,3
2025-03-29,3,Spring,1,Ramadan,P001,Jacket,Clothing,70.0,30.0,216,0,0.0,6
2025-03-30,3,Spring,1,Ramadan,P001,Jacket,Clothing,70.0,30.0,210,0,0.0,6
2025-03-31,3,Spring,1,Ramadan,P001,Jacket,Clothing,70.0,30.0,207,0,0.0,3
2025-04-01,4,Spring,0,None,P001,Jacket,Clothing,70.0,30.0,202,0,0.0,5
2025-04-02,4,Spring,0,None,P001,Jacket,Clothing,70.0,30.0,198,0,0.0,4
2025-04-03,4,Spring,0,None,P001,Jacket,Clothing,70.0,30.0,194,0,0.0,4
2025-04-04,4,Spring,0,None,P001,Jacket,Clothing,70.0,30.0,188,0,0.0,6
2025-04-05,4,Spring,0,None,P001,Jacket,Clothing,70.0,30.0,183,0,0.0,5
2025-04-06,4,Spring,0,None,P001,Jacket,Clothing,70.0,30.0,179,0,0.0,4
2025-04-07,4,Spring,0,None,P001,Jacket,Clothing,70.0,30.0,173,0,0.0,6
2025-04-08,4,Spring,0,None,P001,Jacket,Clothing,70.0,30.0,170,0,0.0,3
2025-04-09,4,Spring,1,Eid al-Fitr,P001,Jacket,Clothing,70.0,30.0,165,0,0.0,5
2025-04-10,4,Spring,1,Eid al-Fitr,P001,Jacket,Clothing,70.0,30.0,160,0,0.0,5
2025-04-11,4,Spring,0,None,P001,Jacket,Clothing,70.0,30.0,156,0,0.0,4
2025-04-12,4,Spring,0,None,P001,Jacket,Clothing,55.6,30.0,152,1,0.2056740242594418,4
2025-04-13,4,Spring,0,None,P001,Jacket,Clothing,70.0,30.0,148,0,0.0,4
2025-04-14,4,Spring,0,None,P001,Jacket,Clothing,50.05,30.0,140,1,0.2849286660447192,8
2025-04-15,4,Spring,0,None,P001,Jacket,Clothing,70.0,30.0,135,0,0.0,5
2025-04-16,4,Spring,0,None,P001,Jacket,Clothing,60.67,30.0,131,1,0.1332430863818506,4
2025-04-17,4,Spring,0,None,P001,Jacket,Clothing,70.0,30.0,127,0,0.0,4
2025-04-18,4,Spring,0,None,P001,Jacket,Clothing,70.0,30.0,121,0,0.0,6
2025-04-19,4,Spring,0,None,P001,Jacket,Clothing,70.0,30.0,116,0,0.0,5
2025-04-20,4,Spring,0,None,P001,Jacket,Clothing,70.0,30.0,110,0,0.0,6
2025-04-21,4,Spring,0,None,P001,Jacket,Clothing,70.0,30.0,107,0,0.0,3
2025-04-22,4,Spring,0,None,P001,Jacket,Clothing,70.0,30.0,101,0,0.0,6
2025-04-23,4,Spring,0,None,P001,Jacket,Clothing,70.0,30.0,98,0,0.0,3
2025-04-24,4,Spring,0,None,P001,Jacket,Clothing,70.0,30.0,94,0,0.0,4
2025-04-25,4,Spring,0,None,P001,Jacket,Clothing,59.08,30.0,86,1,0.15595270143378914,8
2025-04-26,4,Spring,0,None,P001,Jacket,Clothing,70.0,30.0,82,0,0.0,4
2025-04-27,4,Spring,0,None,P001,Jacket,Clothing,70.0,30.0,74,0,0.0,8
2025-04-28,4,Spring,0,None,P001,Jacket,Clothing,70.0,30.0,71,0,0.0,3
2025-04-29,4,Spring,0,None,P001,Jacket,Clothing,50.73,30.0,66,1,0.2753322971851585,5
2025-04-30,4,Spring,0,None,P001,Jacket,Clothing,70.0,30.0,61,0,0.0,5
2025-05-01,5,Spring,0,None,P001,Jacket,Clothing,70.0,30.0,56,0,0.0,5
2025-05-02,5,Spring,0,None,P001,Jacket,Clothing,70.0,30.0,52,0,0.0,4
2025-05-03,5,Spring,0,None,P001,Jacket,Clothing,70.0,30.0,45,0,0.0,7
2025-05-04,5,Spring,0,None,P001,Jacket,Clothing,62.48,30.0,273,1,0.10736437352719828,7
2025-05-05,5,Spring,0,None,P001,Jacket,Clothing,70.0,30.0,268,0,0.0,5
2025-05-06,5,Spring,0,None,P001,Jacket,Clothing,70.0,30.0,262,0,0.0,6
2025-05-07,5,Spring,0,None,P001,Jacket,Clothing,70.0,30.0,256,0,0.0,6
2025-05-08,5,Spring,0,None,P001,Jacket,Clothing,70.0,30.0,251,0,0.0,5
2025-05-09,5,Spring,0,None,P001,Jacket,Clothing,70.0,30.0,247,0,0.0,4
2025-05-10,5,Spring,0,None,P001,Jacket,Clothing,70.0,30.0,242,0,0.0,5
2025-05-11,5,Spring,0,None,P001,Jacket,Clothing,70.0,30.0,236,0,0.0,6
2025-05-12,5,Spring,0,None,P001,Jacket,Clothing,70.0,30.0,232,0,0.0,4
2025-05-13,5,Spring,0,None,P001,Jacket,Clothing,59.24,30.0,226,1,0.15373449640506148,6
2025-05-14,5,Spring,0,None,P001,Jacket,Clothing,70.0,30.0,222,0,0.0,4
2025-05-15,5,Spring,0,None,P001,Jacket,Clothing,70.0,30.0,217,0,0.0,5
2025-05-16,5,Spring,0,None,P001,Jacket,Clothing,70.0,30.0,213,0,0.0,4
2025-05-17,5,Spring,0,None,P001,Jacket,Clothing,51.91,30.0,205,1,0.25836356789392656,8
2025-05-18,5,Spring,0,None,P001,Jacket,Clothing,70.0,30.0,196,0,0.0,9
2025-05-19,5,Spring,0,None,P001,Jacket,Clothing,70.0,30.0,190,0,0.0,6
2025-05-20,5,Spring,0,None,P001,Jacket,Clothing,70.0,30.0,185,0,0.0,5
2025-05-21,5,Spring,0,None,P001,Jacket,Clothing,70.0,30.0,180,0,0.0,5
2025-05-22,5,Spring,0,None,P001,Jacket,Clothing,70.0,30.0,175,0,0.0,5
2025-05-23,5,Spring,0,None,P001,Jacket,Clothing,70.0,30.0,170,0,0.0,5
2025-05-24,5,Spring,0,None,P001,Jacket,Clothing,70.0,30.0,165,0,0.0,5
2025-05-25,5,Spring,0,None,P001,Jacket,Clothing,70.0,30.0,159,0,0.0,6
2025-05-26,5,Spring,0,None,P001,Jacket,Clothing,70.0,30.0,154,0,0.0,5
2025-05-27,5,Spring,0,None,P001,Jacket,Clothing,70.0,30.0,150,0,0.0,4
2025-05-28,5,Spring,0,None,P001,Jacket,Clothing,70.0,30.0,144,0,0.0,6
2025-05-29,5,Spring,0,None,P001,Jacket,Clothing,70.0,30.0,141,0,0.0,3
2025-05-30,5,Spring,0,None,P001,Jacket,Clothing,70.0,30.0,135,0,0.0,6
2025-05-31,5,Spring,0,None,P001,Jacket,Clothing,70.0,30.0,128,0,0.0,7
2025-06-01,6,Summer,0,None,P001,Jacket,Clothing,70.0,30.0,128,0,0.0,0
2025-06-02,6,Summer,0,None,P001,Jacket,Clothing,70.0,30.0,127,0,0.0,1
2025-06-03,6,Summer,0,None,P001,Jacket,Clothing,70.0,30.0,127,0,0.0,0
2025-06-04,6,Summer,0,None,P001,Jacket,Clothing,70.0,30.0,126,0,0.0,1
2025-06-05,6,Summer,0,None,P001,Jacket,Clothing,70.0,30.0,126,0,0.0,0
2025-06-06,6,Summer,0,None,P001,Jacket,Clothing,70.0,30.0,126,0,0.0,0
2025-06-07,6,Summer,0,None,P001,Jacket,Clothing,70.0,30.0,125,0,0.0,1
2025-06-08,6,Summer,0,None,P001,Jacket,Clothing,70.0,30.0,124,0,0.0,1
2025-06-09,6,Summer,0,None,P001,Jacket,Clothing,70.0,30.0,124,0,0.0,0
2025-06-10,6,Summer,0,None,P001,Jacket,Clothing,70.0,30.0,123,0,0.0,1
2025-06-11,6,Summer,0,None,P001,Jacket,Clothing,70.0,30.0,123,0,0.0,0
2025-06-12,6,Summer,0,None,P001,Jacket,Clothing,70.0,30.0,123,0,0.0,0
2025-06-13,6,Summer,0,None,P001,Jacket,Clothing,70.0,30.0,123,0,0.0,0
2025-06-14,6,Summer,0,None,P001,Jacket,Clothing,70.0,30.0,123,0,0.0,0
2025-06-15,6,Summer,0,None,P001,Jacket,Clothing,70.0,30.0,122,0,0.0,1
2025-06-16,6,Summer,1,Eid al-Adha,P001,Jacket,Clothing,50.84,30.0,121,1,0.2736602214071173,1
2025-06-17,6,Summer,1,Eid al-Adha,P001,Jacket,Clothing,70.0,30.0,121,0,0.0,0
2025-06-18,6,Summer,0,None,P001,Jacket,Clothing,70.0,30.0,121,0,0.0,0
2025-06-19,6,Summer,0,None,P001,Jacket,Clothing,70.0,30.0,120,0,0.0,1
2025-06-20,6,Summer,0,None,P001,Jacket,Clothing,70.0,30.0,120,0,0.0,0
2025-06-21,6,Summer,0,None,P001,Jacket,Clothing,70.0,30.0,119,0,0.0,1
2025-06-22,6,Summer,0,None,P001,Jacket,Clothing,70.0,30.0,118,0,0.0,1
2025-06-23,6,Summer,0,None,P001,Jacket,Clothing,70.0,30.0,117,0,0.0,1
2025-06-24,6,Summer,0,None,P001,Jacket,Clothing,50.86,30.0,116,1,0.2734429962149446,1
2025-06-25,6,Summer,0,None,P001,Jacket,Clothing,70.0,30.0,116,0,0.0,0
2025-06-26,6,Summer,0,None,P001,Jacket,Clothing,70.0,30.0,115,0,0.0,1
2025-06-27,6,Summer,0,None,P001,Jacket,Clothing,70.0,30.0,115,0,0.0,0
2025-06-28,6,Summer,0,None,P001,Jacket,Clothing,55.51,30.0,114,1,0.2070671128031047,1
2025-06-29,6,Summer,0,None,P001,Jacket,Clothing,70.0,30.0,114,0,0.0,0
2025-06-30,6,Summer,0,None,P001,Jacket,Clothing,70.0,30.0,114,0,0.0,0
2025-07-01,7,Summer,0,None,P001,Jacket,Clothing,70.0,30.0,113,0,0.0,1
2025-07-02,7,Summer,0,None,P001,Jacket,Clothing,70.0,30.0,112,0,0.0,1
2025-07-03,7,Summer,0,None,P001,Jacket,Clothing,70.0,30.0,111,0,0.0,1
2025-07-04,7,Summer,0,None,P001,Jacket,Clothing,70.0,30.0,110,0,0.0,1
2025-07-05,7,Summer,0,None,P001,Jacket,Clothing,70.0,30.0,109,0,0.0,1
2025-07-06,7,Summer,0,None,P001,Jacket,Clothing,70.0,30.0,109,0,0.0,0
2025-07-07,7,Summer,0,None,P001,Jacket,Clothing,70.0,30.0,109,0,0.0,0
2025-07-08,7,Summer,0,None,P001,Jacket,Clothing,59.85,30.0,108,1,0.14506655954250564,1
2025-07-09,7,Summer,0,None,P001,Jacket,Clothing,70.0,30.0,108,0,0.0,0
2025-07-10,7,Summer,0,None,P001,Jacket,Clothing,51.72,30.0,107,1,0.26117297734822864,1
2025-07-11,7,Summer,0,None,P001,Jacket,Clothing,70.0,30.0,106,0,0.0,1
2025-07-12,7,Summer,0,None,P001,Jacket,Clothing,49.35,30.0,104,1,0.29501343258902846,2
2025-07-13,7,Summer,0,None,P001,Jacket,Clothing,70.0,30.0,103,0,0.0,1
2025-07-14,7,Summer,0,None,P001,Jacket,Clothing,70.0,30.0,103,0,0.0,0
2025-07-15,7,Summer,0,None,P001,Jacket,Clothing,70.0,30.0,102,0,0.0,1
2025-07-16,7,Summer,0,None,P001,Jacket,Clothing,70.0,30.0,101,0,0.0,1
2025-07-17,7,Summer,0,None,P001,Jacket,Clothing,70.0,30.0,101,0,0.0,0
2025-07-18,7,Summer,0,None,P001,Jacket,Clothing,70.0,30.0,101,0,0.0,0
2025-07-19,7,Summer,0,None,P001,Jacket,Clothing,70.0,30.0,100,0,0.0,1
2025-07-20,7,Summer,0,None,P001,Jacket,Clothing,70.0,30.0,99,0,0.0,1
2025-07-21,7,Summer,0,None,P001,Jacket,Clothing,70.0,30.0,99,0,0.0,0
2025-07-22,7,Summer,0,None,P001,Jacket,Clothing,70.0,30.0,98,0,0.0,1
2025-07-23,7,Summer,0,None,P001,Jacket,Clothing,70.0,30.0,97,0,0.0,1
2025-07-24,7,Summer,0,None,P001,Jacket,Clothing,70.0,30.0,96,0,0.0,1
2025-07-25,7,Summer,0,None,P001,Jacket,Clothing,70.0,30.0,96,0,0.0,0
2025-07-26,7,Summer,0,None,P001,Jacket,Clothing,70.0,30.0,95,0,0.0,1
2025-07-27,7,Summer,0,None,P001,Jacket,Clothing,70.0,30.0,94,0,0.0,1
2025-07-28,7,Summer,0,None,P001,Jacket,Clothing,70.0,30.0,93,0,0.0,1
2025-07-29,7,Summer,0,None,P001,Jacket,Clothing,70.0,30.0,93,0,0.0,0
2025-07-30,7,Summer,0,None,P001,Jacket,Clothing,52.06,30.0,92,1,0.25630289635028297,1
2025-07-31,7,Summer,0,None,P001,Jacket,Clothing,70.0,30.0,91,0,0.0,1
2025-08-01,8,Summer,0,None,P001,Jacket,Clothing,70.0,30.0,91,0,0.0,0
2025-08-02,8,Summer,0,None,P001,Jacket,Clothing,70.0,30.0,90,0,0.0,1
2025-08-03,8,Summer,0,None,P001,Jacket,Clothing,70.0,30.0,89,0,0.0,1
2025-08-04,8,Summer,0,None,P001,Jacket,Clothing,70.0,30.0,89,0,0.0,0
2025-08-05,8,Summer,0,None,P001,Jacket,Clothing,70.0,30.0,88,0,0.0,1
2025-08-06,8,Summer,0,None,P001,Jacket,Clothing,70.0,30.0,87,0,0.0,1
2025-08-07,8,Summer,0,None,P001,Jacket,Clothing,70.0,30.0,86,0,0.0,1
2025-08-08,8,Summer,0,None,P001,Jacket,Clothing,70.0,30.0,86,0,0.0,0
2025-08-09,8,Summer,0,None,P001,Jacket,Clothing,70.0,30.0,85,0,0.0,1
2025-08-10,8,Summer,0,None,P001,Jacket,Clothing,70.0,30.0,84,0,0.0,1
2025-08-11,8,Summer,0,None,P001,Jacket,Clothing,70.0,30.0,84,0,0.0,0
2025-08-12,8,Summer,0,None,P001,Jacket,Clothing,70.0,30.0,84,0,0.0,0
2025-08-13,8,Summer,0,None,P001,Jacket,Clothing,70.0,30.0,83,0,0.0,1
2025-08-14,8,Summer,0,None,P001,Jacket,Clothing,70.0,30.0,83,0,0.0,0
2025-08-15,8,Summer,0,None,P001,Jacket,Clothing,70.0,30.0,82,0,0.0,1
2025-08-16,8,Summer,0,None,P001,Jacket,Clothing,70.0,30.0,81,0,0.0,1
2025-08-17,8,Summer,0,None,P001,Jacket,Clothing,70.0,30.0,80,0,0.0,1
2025-08-18,8,Summer,0,None,P001,Jacket,Clothing,70.0,30.0,80,0,0.0,0
2025-08-19,8,Summer,0,None,P001,Jacket,Clothing,70.0,30.0,79,0,0.0,1
2025-08-20,8,Summer,0,None,P001,Jacket,Clothing,70.0,30.0,79,0,0.0,0
2025-08-21,8,Summer,0,None,P001,Jacket,Clothing,70.0,30.0,78,0,0.0,1
2025-08-22,8,Summer,0,None,P001,Jacket,Clothing,70.0,30.0,77,0,0.0,1
2025-08-23,8,Summer,0,None,P001,Jacket,Clothing,70.0,30.0,76,0,0.0,1
2025-08-24,8,Summer,0,None,P001,Jacket,Clothing,54.62,30.0,75,1,0.2196885402410454,1
2025-08-25,8,Summer,0,None,P001,Jacket,Clothing,70.0,30.0,74,0,0.0,1
2025-08-26,8,Summer,0,None,P001,Jacket,Clothing,70.0,30.0,73,0,0.0,1
2025-08-27,8,Summer,0,None,P001,Jacket,Clothing,70.0,30.0,73,0,0.0,0
2025-08-28,8,Summer,0,None,P001,Jacket,Clothing,70.0,30.0,73,0,0.0,0
2025-08-29,8,Summer,0,None,P001,Jacket,Clothing,70.0,30.0,72,0,0.0,1
2025-08-30,8,Summer,0,None,P001,Jacket,Clothing,70.0,30.0,71,0,0.0,1
2025-08-31,8,Summer,0,None,P001,Jacket,Clothing,70.0,30.0,70,0,0.0,1
2025-09-01,9,Autumn,1,Back_to_school,P001,Jacket,Clothing,70.0,30.0,62,0,0.0,8
2025-09-02,9,Autumn,1,Back_to_school,P001,Jacket,Clothing,70.0,30.0,54,0,0.0,8
2025-09-03,9,Autumn,1,Back_to_school,P001,Jacket,Clothing,61.92,30.0,39,1,0.11546421309775745,15
2025-09-04,9,Autumn,1,Back_to_school,P001,Jacket,Clothing,70.0,30.0,196,0,0.0,8
2025-09-05,9,Autumn,1,Back_to_school,P001,Jacket,Clothing,70.0,30.0,187,0,0.0,9
2025-09-06,9,Autumn,1,Back_to_school,P001,Jacket,Clothing,70.0,30.0,178,0,0.0,9
2025-09-07,9,Autumn,1,Back_to_school,P001,Jacket,Clothing,70.0,30.0,168,0,0.0,10
2025-09-08,9,Autumn,1,Back_to_school,P001,Jacket,Clothing,70.0,30.0,156,0,0.0,12
2025-09-09,9,Autumn,1,Back_to_school,P001,Jacket,Clothing,70.0,30.0,148,0,0.0,8
2025-09-10,9,Autumn,1,Back_to_school,P001,Jacket,Clothing,70.0,30.0,140,0,0.0,8
2025-09-11,9,Autumn,1,Back_to_school,P001,Jacket,Clothing,70.0,30.0,130,0,0.0,10
2025-09-12,9,Autumn,1,Back_to_school,P001,Jacket,Clothing,70.0,30.0,121,0,0.0,9
2025-09-13,9,Autumn,1,Back_to_school,P001,Jacket,Clothing,70.0,30.0,106,0,0.0,15
2025-09-14,9,Autumn,1,Back_to_school,P001,Jacket,Clothing,70.0,30.0,95,0,0.0,11
2025-09-15,9,Autumn,1,Back_to_school,P001,Jacket,Clothing,70.0,30.0,85,0,0.0,10
2025-09-16,9,Autumn,0,None,P001,Jacket,Clothing,70.0,30.0,78,0,0.0,7
2025-09-17,9,Autumn,0,None,P001,Jacket,Clothing,58.64,30.0,65,1,0.1622946342265515,13
2025-09-18,9,Autumn,0,None,P001,Jacket,Clothing,70.0,30.0,57,0,0.0,8
2025-09-19,9,Autumn,0,None,P001,Jacket,Clothing,70.0,30.0,49,0,0.0,8
2025-09-20,9,Autumn,0,None,P001,Jacket,Clothing,70.0,30.0,258,0,0.0,18
2025-09-21,9,Autumn,0,None,P001,Jacket,Clothing,70.0,30.0,250,0,0.0,8
2025-09-22,9,Autumn,0,None,P001,Jacket,Clothing,70.0,30.0,242,0,0.0,8
2025-09-23,9,Autumn,0,None,P001,Jacket,Clothing,70.0,30.0,234,0,0.0,8
2025-09-24,9,Autumn,0,None,P001,Jacket,Clothing,70.0,30.0,222,0,0.0,12
2025-09-25,9,Autumn,0,None,P001,Jacket,Clothing,70.0,30.0,213,0,0.0,9
2025-09-26,9,Autumn,0,None,P001,Jacket,Clothing,70.0,30.0,206,0,0.0,7
2025-09-27,9,Autumn,0,None,P001,Jacket,Clothing,70.0,30.0,190,0,0.0,16
2025-09-28,9,Autumn,0,None,P001,Jacket,Clothing,70.0,30.0,175,0,0.0,15
2025-09-29,9,Autumn,0,None,P001,Jacket,Clothing,70.0,30.0,168,0,0.0,7
2025-09-30,9,Autumn,0,None,P001,Jacket,Clothing,70.0,30.0,160,0,0.0,8
2025-10-01,10,Autumn,0,None,P001,Jacket,Clothing,70.0,30.0,158,0,0.0,2
2025-10-02,10,Autumn,0,None,P001,Jacket,Clothing,70.0,30.0,150,0,0.0,8
2025-10-03,10,Autumn,0,None,P001,Jacket,Clothing,70.0,30.0,141,0,0.0,9
2025-10-04,10,Autumn,0,None,P001,Jacket,Clothing,70.0,30.0,128,0,0.0,13
2025-10-05,10,Autumn,0,None,P001,Jacket,Clothing,70.0,30.0,113,0,0.0,15
2025-10-06,10,Autumn,0,None,P001,Jacket,Clothing,70.0,30.0,101,0,0.0,12
2025-10-07,10,Autumn,0,None,P001,Jacket,Clothing,70.0,30.0,96,0,0.0,5
2025-10-08,10,Autumn,0,None,P001,Jacket,Clothing,70.0,30.0,81,0,0.0,15
2025-10-09,10,Autumn,0,None,P001,Jacket,Clothing,70.0,30.0,71,0,0.0,10
2025-10-10,10,Autumn,0,None,P001,Jacket,Clothing,70.0,30.0,61,0,0.0,10
2025-10-11,10,Autumn,0,None,P001,Jacket,Clothing,70.0,30.0,46,0,0.0,15
2025-10-12,10,Autumn,0,None,P001,Jacket,Clothing,70.0,30.0,300,0,0.0,16
2025-10-13,10,Autumn,0,None,P001,Jacket,Clothing,70.0,30.0,290,0,0.0,10
2025-10-14,10,Autumn,0,None,P001,Jacket,Clothing,70.0,30.0,281,0,0.0,9
2025-10-15,10,Autumn,0,None,P001,Jacket,Clothing,70.0,30.0,274,0,0.0,7
2025-10-16,10,Autumn,0,None,P001,Jacket,Clothing,54.13,30.0,258,1,0.2266481549821921,16
2025-10-17,10,Autumn,0,None,P001,Jacket,Clothing,70.0,30.0,248,0,0.0,10
2025-10-18,10,Autumn,0,None,P001,Jacket,Clothing,70.0,30.0,232,0,0.0,16
2025-10-19,10,Autumn,0,None,P001,Jacket,Clothing,70.0,30.0,217,0,0.0,15
2025-10-20,10,Autumn,0,None,P001,Jacket,Clothing,70.0,30.0,205,0,0.0,12
2025-10-21,10,Autumn,0,None,P001,Jacket,Clothing,70.0,30.0,197,0,0.0,8
2025-10-22,10,Autumn,0,None,P001,Jacket,Clothing,51.37,30.0,179,1,0.26613090131304995,18
2025-10-23,10,Autumn,0,None,P001,Jacket,Clothing,70.0,30.0,171,0,0.0,8
2025-10-24,10,Autumn,0,None,P001,Jacket,Clothing,70.0,30.0,162,0,0.0,9
2025-10-25,10,Autumn,0,None,P001,Jacket,Clothing,70.0,30.0,149,0,0.0,13
2025-10-26,10,Autumn,0,None,P001,Jacket,Clothing,70.0,30.0,140,0,0.0,9
2025-10-27,10,Autumn,0,None,P001,Jacket,Clothing,70.0,30.0,131,0,0.0,9
2025-10-28,10,Autumn,0,None,P001,Jacket,Clothing,70.0,30.0,120,0,0.0,11
2025-10-29,10,Autumn,0,None,P001,Jacket,Clothing,70.0,30.0,108,0,0.0,12
2025-10-30,10,Autumn,0,None,P001,Jacket,Clothing,70.0,30.0,101,0,0.0,7
2025-10-31,10,Autumn,0,None,P001,Jacket,Clothing,70.0,30.0,88,0,0.0,13
2025-11-01,11,Autumn,0,None,P001,Jacket,Clothing,70.0,30.0,73,0,0.0,15
2025-11-02,11,Autumn,0,None,P001,Jacket,Clothing,70.0,30.0,58,0,0.0,15
2025-11-03,11,Autumn,0,None,P001,Jacket,Clothing,70.0,30.0,49,0,0.0,9
2025-11-04,11,Autumn,0,None,P001,Jacket,Clothing,70.0,30.0,197,0,0.0,12
2025-11-05,11,Autumn,0,None,P001,Jacket,Clothing,70.0,30.0,189,0,0.0,8
2025-11-06,11,Autumn,0,None,P001,Jacket,Clothing,70.0,30.0,179,0,0.0,10
2025-11-07,11,Autumn,0,None,P001,Jacket,Clothing,70.0,30.0,168,0,0.0,11
2025-11-08,11,Autumn,0,None,P001,Jacket,Clothing,70.0,30.0,158,0,0.0,10
2025-11-09,11,Autumn,0,None,P001,Jacket,Clothing,70.0,30.0,138,0,0.0,20
2025-11-10,11,Autumn,0,None,P001,Jacket,Clothing,70.0,30.0,129,0,0.0,9
2025-11-11,11,Autumn,0,None,P001,Jacket,Clothing,70.0,30.0,120,0,0.0,9
2025-11-12,11,Autumn,0,None,P001,Jacket,Clothing,70.0,30.0,108,0,0.0,12
2025-11-13,11,Autumn,0,None,P001,Jacket,Clothing,70.0,30.0,99,0,0.0,9
2025-11-14,11,Autumn,0,None,P001,Jacket,Clothing,70.0,30.0,87,0,0.0,12
2025-11-15,11,Autumn,0,None,P001,Jacket,Clothing,70.0,30.0,73,0,0.0,14
2025-11-16,11,Autumn,0,None,P001,Jacket,Clothing,70.0,30.0,60,0,0.0,13
2025-11-17,11,Autumn,0,None,P001,Jacket,Clothing,70.0,30.0,51,0,0.0,9
2025-11-18,11,Autumn,0,None,P001,Jacket,Clothing,70.0,30.0,44,0,0.0,7
2025-11-19,11,Autumn,0,None,P001,Jacket,Clothing,70.0,30.0,264,0,0.0,10
2025-11-20,11,Autumn,0,None,P001,Jacket,Clothing,70.0,30.0,254,0,0.0,10
2025-11-21,11,Autumn,0,None,P001,Jacket,Clothing,70.0,30.0,245,0,0.0,9
2025-11-22,11,Autumn,0,None,P001,Jacket,Clothing,70.0,30.0,227,0,0.0,18
2025-11-23,11,Autumn,0,None,P001,Jacket,Clothing,70.0,30.0,210,0,0.0,17
2025-11-24,11,Autumn,0,None,P001,Jacket,Clothing,70.0,30.0,202,0,0.0,8
2025-11-25,11,Autumn,0,None,P001,Jacket,Clothing,70.0,30.0,191,0,0.0,11
2025-11-26,11,Autumn,0,None,P001,Jacket,Clothing,70.0,30.0,183,0,0.0,8
2025-11-27,11,Autumn,0,None,P001,Jacket,Clothing,70.0,30.0,173,0,0.0,10
2025-11-28,11,Autumn,0,None,P001,Jacket,Clothing,49.59,30.0,152,1,0.29163415860078606,21
2025-11-29,11,Autumn,0,None,P001,Jacket,Clothing,70.0,30.0,136,0,0.0,16
2025-11-30,11,Autumn,0,None,P001,Jacket,Clothing,70.0,30.0,122,0,0.0,14
2025-12-01,12,Winter,0,None,P001,Jacket,Clothing,70.0,30.0,97,0,0.0,25
2025-12-02,12,Winter,0,None,P001,Jacket,Clothing,53.62,30.0,62,1,0.23398349291000783,35
2025-12-03,12,Winter,0,None,P001,Jacket,Clothing,54.76,30.0,45,1,0.2176527513939862,17
2025-12-04,12,Winter,0,None,P001,Jacket,Clothing,70.0,30.0,195,0,0.0,18
2025-12-05,12,Winter,0,None,P001,Jacket,Clothing,70.0,30.0,176,0,0.0,19
2025-12-06,12,Winter,0,None,P001,Jacket,Clothing,70.0,30.0,156,0,0.0,20
2025-12-07,12,Winter,0,None,P001,Jacket,Clothing,70.0,30.0,131,0,0.0,25
2025-12-08,12,Winter,0,None,P001,Jacket,Clothing,70.0,30.0,114,0,0.0,17
2025-12-09,12,Winter,0,None,P001,Jacket,Clothing,70.0,30.0,100,0,0.0,14
2025-12-10,12,Winter,0,None,P001,Jacket,Clothing,70.0,30.0,75,0,0.0,25
2025-12-11,12,Winter,0,None,P001,Jacket,Clothing,70.0,30.0,55,0,0.0,20
2025-12-12,12,Winter,0,None,P001,Jacket,Clothing,70.0,30.0,31,0,0.0,24
2025-12-13,12,Winter,0,None,P001,Jacket,Clothing,70.0,30.0,215,0,0.0,26
2025-12-14,12,Winter,0,None,P001,Jacket,Clothing,70.0,30.0,182,0,0.0,33
2025-12-15,12,Winter,0,None,P001,Jacket,Clothing,70.0,30.0,173,0,0.0,9
2025-12-16,12,Winter,0,None,P001,Jacket,Clothing,70.0,30.0,151,0,0.0,22
2025-12-17,12,Winter,0,None,P001,Jacket,Clothing,70.0,30.0,130,0,0.0,21
2025-12-18,12,Winter,0,None,P001,Jacket,Clothing,60.4,30.0,105,1,0.1370945819153445,25
2025-12-19,12,Winter,0,None,P001,Jacket,Clothing,70.0,30.0,75,0,0.0,30
2025-12-20,12,Winter,0,None,P001,Jacket,Clothing,70.0,30.0,53,0,0.0,22
2025-12-21,12,Winter,0,None,P001,Jacket,Clothing,70.0,30.0,29,0,0.0,24
2025-12-22,12,Winter,0,None,P001,Jacket,Clothing,70.0,30.0,240,0,0.0,17
2025-12-23,12,Winter,0,None,P001,Jacket,Clothing,56.46,30.0,208,1,0.19346215330753053,32
2025-12-24,12,Winter,0,None,P001,Jacket,Clothing,70.0,30.0,190,0,0.0,18
2025-12-25,12,Winter,0,None,P001,Jacket,Clothing,70.0,30.0,169,0,0.0,21
2025-12-26,12,Winter,0,None,P001,Jacket,Clothing,61.47,30.0,146,1,0.12189351973582303,23
2025-12-27,12,Winter,0,None,P001,Jacket,Clothing,70.0,30.0,124,0,0.0,22
2025-12-28,12,Winter,0,None,P001,Jacket,Clothing,70.0,30.0,94,0,0.0,30
2025-12-29,12,Winter,0,None,P001,Jacket,Clothing,70.0,30.0,74,0,0.0,20
2025-12-30,12,Winter,0,None,P001,Jacket,Clothing,70.0,30.0,51,0,0.0,23
2025-12-31,12,Winter,0,None,P001,Jacket,Clothing,70.0,30.0,32,0,0.0,19
2026-01-01,1,Winter,0,None,P001,Jacket,Clothing,70.0,30.0,222,0,0.0,20
2026-01-02,1,Winter,0,None,P001,Jacket,Clothing,70.0,30.0,203,0,0.0,19
2026-01-03,1,Winter,0,None,P001,Jacket,Clothing,49.6,30.0,166,1,0.2914540525966651,37
2026-01-04,1,Winter,0,None,P001,Jacket,Clothing,70.0,30.0,138,0,0.0,28
2026-01-05,1,Winter,0,None,P001,Jacket,Clothing,70.0,30.0,114,0,0.0,24
2026-01-06,1,Winter,0,None,P001,Jacket,Clothing,70.0,30.0,92,0,0.0,22
2026-01-07,1,Winter,0,None,P001,Jacket,Clothing,70.0,30.0,63,0,0.0,29
2026-01-08,1,Winter,0,None,P001,Jacket,Clothing,70.0,30.0,43,0,0.0,20
2026-01-09,1,Winter,0,None,P001,Jacket,Clothing,70.0,30.0,308,0,0.0,19
2026-01-10,1,Winter,0,None,P001,Jacket,Clothing,70.0,30.0,294,0,0.0,14
2026-01-11,1,Winter,0,None,P001,Jacket,Clothing,70.0,30.0,273,0,0.0,21
2026-01-12,1,Winter,0,None,P001,Jacket,Clothing,70.0,30.0,254,0,0.0,19
2026-01-13,1,Winter,0,None,P001,Jacket,Clothing,70.0,30.0,235,0,0.0,19
2026-01-14,1,Winter,0,None,P001,Jacket,Clothing,70.0,30.0,219,0,0.0,16
2026-01-15,1,Winter,0,None,P001,Jacket,Clothing,53.26,30.0,195,1,0.23914285856995002,24
2026-01-16,1,Winter,0,None,P001,Jacket,Clothing,55.54,30.0,162,1,0.20652050388015242,33
2026-01-17,1,Winter,0,None,P001,Jacket,Clothing,70.0,30.0,136,0,0.0,26
2026-01-18,1,Winter,0,None,P001,Jacket,Clothing,70.0,30.0,105,0,0.0,31
2026-01-19,1,Winter,0,None,P001,Jacket,Clothing,70.0,30.0,85,0,0.0,20
2026-01-20,1,Winter,0,None,P001,Jacket,Clothing,70.0,30.0,67,0,0.0,18
2026-01-21,1,Winter,0,None,P001,Jacket,Clothing,70.0,30.0,45,0,0.0,22
2026-01-22,1,Winter,0,None,P001,Jacket,Clothing,70.0,30.0,198,0,0.0,21
2026-01-23,1,Winter,0,None,P001,Jacket,Clothing,70.0,30.0,181,0,0.0,17
2026-01-24,1,Winter,0,None,P001,Jacket,Clothing,70.0,30.0,156,0,0.0,25
2026-01-25,1,Winter,0,None,P001,Jacket,Clothing,70.0,30.0,128,0,0.0,28
2026-01-26,1,Winter,0,None,P001,Jacket,Clothing,51.52,30.0,97,1,0.26398938348162004,31
2026-01-27,1,Winter,0,None,P001,Jacket,Clothing,55.21,30.0,70,1,0.2112363470079514,27
2026-01-28,1,Winter,0,None,P001,Jacket,Clothing,70.0,30.0,54,0,0.0,16
2026-01-29,1,Winter,0,None,P001,Jacket,Clothing,58.43,30.0,31,1,0.16528671530065858,23
2026-01-30,1,Winter,0,None,P001,Jacket,Clothing,70.0,30.0,245,0,0.0,19
2026-01-31,1,Winter,0,None,P001,Jacket,Clothing,70.0,30.0,219,0,0.0,26
2026-02-01,2,Winter,0,None,P001,Jacket,Clothing,56.95,30.0,186,1,0.18644815677850246,33
2026-02-02,2,Winter,0,None,P001,Jacket,Clothing,70.0,30.0,162,0,0.0,24
2026-02-03,2,Winter,0,None,P001,Jacket,Clothing,70.0,30.0,145,0,0.0,17
2026-02-04,2,Winter,0,None,P001,Jacket,Clothing,70.0,30.0,124,0,0.0,21
2026-02-05,2,Winter,0,None,P001,Jacket,Clothing,70.0,30.0,103,0,0.0,21
2026-02-06,2,Winter,0,None,P001,Jacket,Clothing,70.0,30.0,86,0,0.0,17
2026-02-07,2,Winter,0,None,P001,Jacket,Clothing,70.0,30.0,64,0,0.0,22
2026-02-08,2,Winter,0,None,P001,Jacket,Clothing,70.0,30.0,29,0,0.0,35
2026-02-09,2,Winter,0,None,P001,Jacket,Clothing,70.0,30.0,244,0,0.0,24
2026-02-10,2,Winter,0,None,P001,Jacket,Clothing,70.0,30.0,226,0,0.0,18
2026-02-11,2,Winter,0,None,P001,Jacket,Clothing,60.77,30.0,198,1,0.1317876566553513,28
2026-02-12,2,Winter,0,None,P001,Jacket,Clothing,70.0,30.0,179,0,0.0,19
2026-02-13,2,Winter,0,None,P001,Jacket,Clothing,70.0,30.0,154,0,0.0,25
2026-02-14,2,Winter,0,None,P001,Jacket,Clothing,70.0,30.0,128,0,0.0,26
2026-02-15,2,Winter,0,None,P001,Jacket,Clothing,70.0,30.0,106,0,0.0,22
2026-02-16,2,Winter,0,None,P001,Jacket,Clothing,70.0,30.0,84,0,0.0,22
2026-02-17,2,Winter,0,None,P001,Jacket,Clothing,70.0,30.0,63,0,0.0,21
2026-02-18,2,Winter,0,None,P001,Jacket,Clothing,70.0,30.0,43,0,0.0,20
2026-02-19,2,Winter,0,None,P001,Jacket,Clothing,70.0,30.0,325,0,0.0,12
2026-02-20,2,Winter,0,None,P001,Jacket,Clothing,70.0,30.0,308,0,0.0,17
2026-02-21,2,Winter,0,None,P001,Jacket,Clothing,70.0,30.0,287,0,0.0,21
2026-02-22,2,Winter,0,None,P001,Jacket,Clothing,70.0,30.0,258,0,0.0,29
2026-02-23,2,Winter,0,None,P001,Jacket,Clothing,70.0,30.0,243,0,0.0,15
2026-02-24,2,Winter,0,None,P001,Jacket,Clothing,70.0,30.0,213,0,0.0,30
2026-02-25,2,Winter,0,None,P001,Jacket,Clothing,70.0,30.0,194,0,0.0,19
2026-02-26,2,Winter,0,None,P001,Jacket,Clothing,70.0,30.0,179,0,0.0,15
2026-02-27,2,Winter,0,None,P001,Jacket,Clothing,51.84,30.0,146,1,0.2593595655728055,33
2026-02-28,2,Winter,0,None,P001,Jacket,Clothing,70.0,30.0,122,0,0.0,24
2026-03-01,3,Spring,0,None,P001,Jacket,Clothing,70.0,30.0,114,0,0.0,8
2026-03-02,3,Spring,0,None,P001,Jacket,Clothing,70.0,30.0,108,0,0.0,6
2026-03-03,3,Spring,0,None,P001,Jacket,Clothing,70.0,30.0,104,0,0.0,4
2026-03-04,3,Spring,0,None,P001,Jacket,Clothing,70.0,30.0,100,0,0.0,4
2026-03-05,3,Spring,0,None,P001,Jacket,Clothing,70.0,30.0,97,0,0.0,3
2026-03-06,3,Spring,0,None,P001,Jacket,Clothing,70.0,30.0,91,0,0.0,6
2026-03-07,3,Spring,0,None,P001,Jacket,Clothing,70.0,30.0,82,0,0.0,9
2026-03-08,3,Spring,0,None,P001,Jacket,Clothing,70.0,30.0,77,0,0.0,5
2026-03-09,3,Spring,0,None,P001,Jacket,Clothing,70.0,30.0,72,0,0.0,5
2026-03-10,3,Spring,1,Ramadan,P001,Jacket,Clothing,70.0,30.0,66,0,0.0,6
2026-03-11,3,Spring,1,Ramadan,P001,Jacket,Clothing,70.0,30.0,61,0,0.0,5
2026-03-12,3,Spring,1,Ramadan,P001,Jacket,Clothing,70.0,30.0,56,0,0.0,5
2026-03-13,3,Spring,1,Ramadan,P001,Jacket,Clothing,70.0,30.0,51,0,0.0,5
2026-03-14,3,Spring,1,Ramadan,P001,Jacket,Clothing,56.25,30.0,44,1,0.1964712763103183,7
2026-03-15,3,Spring,1,Ramadan,P001,Jacket,Clothing,70.0,30.0,219,0,0.0,6
2026-03-16,3,Spring,1,Ramadan,P001,Jacket,Clothing,70.0,30.0,215,0,0.0,4
2026-03-17,3,Spring,1,Ramadan,P001,Jacket,Clothing,51.46,30.0,210,1,0.2649028093793667,5
2026-03-18,3,Spring,1,Ramadan,P001,Jacket,Clothing,70.0,30.0,207,0,0.0,3
2026-03-19,3,Spring,1,Ramadan,P001,Jacket,Clothing,70.0,30.0,202,0,0.0,5
2026-03-20,3,Spring,1,Ramadan,P001,Jacket,Clothing,53.61,30.0,194,1,0.23407709167088245,8
2026-03-21,3,Spring,1,Ramadan,P001,Jacket,Clothing,70.0,30.0,186,0,0.0,8
2026-03-22,3,Spring,1,Ramadan,P001,Jacket,Clothing,70.0,30.0,178,0,0.0,8
2026-03-23,3,Spring,1,Ramadan,P001,Jacket,Clothing,70.0,30.0,172,0,0.0,6
2026-03-24,3,Spring,1,Ramadan,P001,Jacket,Clothing,70.0,30.0,167,0,0.0,5
2026-03-25,3,Spring,1,Ramadan,P001,Jacket,Clothing,70.0,30.0,162,0,0.0,5
2026-03-26,3,Spring,1,Ramadan,P001,Jacket,Clothing,70.0,30.0,156,0,0.0,6
2026-03-27,3,Spring,1,Ramadan,P001,Jacket,Clothing,70.0,30.0,152,0,0.0,4
2026-03-28,3,Spring,1,Ramadan,P001,Jacket,Clothing,70.0,30.0,146,0,0.0,6
2026-03-29,3,Spring,1,Ramadan,P001,Jacket,Clothing,70.0,30.0,139,0,0.0,7
2026-03-30,3,Spring,1,Ramadan,P001,Jacket,Clothing,70.0,30.0,133,0,0.0,6
2026-03-31,3,Spring,1,Ramadan,P001,Jacket,Clothing,70.0,30.0,130,0,0.0,3
2026-04-01,4,Spring,0,None,P001,Jacket,Clothing,70.0,30.0,124,0,0.0,6
2026-04-02,4,Spring,0,None,P001,Jacket,Clothing,70.0,30.0,120,0,0.0,4
2026-04-03,4,Spring,0,None,P001,Jacket,Clothing,60.74,30.0,113,1,0.13233450882936054,7
2026-04-04,4,Spring,0,None,P001,Jacket,Clothing,53.85,30.0,103,1,0.23065260384746603,10
2026-04-05,4,Spring,0,None,P001,Jacket,Clothing,70.0,30.0,100,0,0.0,3
2026-04-06,4,Spring,0,None,P001,Jacket,Clothing,57.35,30.0,94,1,0.18065227222476637,6
2026-04-07,4,Spring,0,None,P001,Jacket,Clothing,70.0,30.0,91,0,0.0,3
2026-04-08,4,Spring,0,None,P001,Jacket,Clothing,70.0,30.0,85,0,0.0,6
2026-04-09,4,Spring,1,Eid al-Fitr,P001,Jacket,Clothing,70.0,30.0,81,0,0.0,4
2026-04-10,4,Spring,1,Eid al-Fitr,P001,Jacket,Clothing,70.0,30.0,76,0,0.0,5
2026-04-11,4,Spring,0,None,P001,Jacket,Clothing,70.0,30.0,68,0,0.0,8
2026-04-12,4,Spring,0,None,P001,Jacket,Clothing,70.0,30.0,63,0,0.0,5
2026-04-13,4,Spring,0,None,P001,Jacket,Clothing,70.0,30.0,58,0,0.0,5
2026-04-14,4,Spring,0,None,P001,Jacket,Clothing,70.0,30.0,52,0,0.0,6
2026-04-15,4,Spring,0,None,P001,Jacket,Clothing,70.0,30.0,47,0,0.0,5
2026-04-16,4,Spring,0,None,P001,Jacket,Clothing,70.0,30.0,342,0,0.0,3
2026-04-17,4,Spring,0,None,P001,Jacket,Clothing,70.0,30.0,339,0,0.0,3
2026-04-18,4,Spring,0,None,P001,Jacket,Clothing,70.0,30.0,332,0,0.0,7
2026-04-19,4,Spring,0,None,P001,Jacket,Clothing,70.0,30.0,327,0,0.0,5
2026-04-20,4,Spring,0,None,P001,Jacket,Clothing,70.0,30.0,324,0,0.0,3
2026-04-21,4,Spring,0,None,P001,Jacket,Clothing,70.0,30.0,318,0,0.0,6
2026-04-22,4,Spring,0,None,P001,Jacket,Clothing,70.0,30.0,314,0,0.0,4
2026-04-23,4,Spring,0,None,P001,Jacket,Clothing,57.33,30.0,309,1,0.1810041598160643,5
2026-04-24,4,Spring,0,None,P001,Jacket,Clothing,70.0,30.0,303,0,0.0,6
2026-04-25,4,Spring,0,None,P001,Jacket,Clothing,53.87,30.0,292,1,0.23042464910608756,11
2026-04-26,4,Spring,0,None,P001,Jacket,Clothing,70.0,30.0,285,0,0.0,7
2026-04-27,4,Spring,0,None,P001,Jacket,Clothing,54.76,30.0,279,1,0.2176825266681211,6
2026-04-28,4,Spring,0,None,P001,Jacket,Clothing,70.0,30.0,276,0,0.0,3
2026-04-29,4,Spring,0,None,P001,Jacket,Clothing,70.0,30.0,272,0,0.0,4
2026-04-30,4,Spring,0,None,P001,Jacket,Clothing,70.0,30.0,269,0,0.0,3
2026-05-01,5,Spring,0,None,P001,Jacket,Clothing,70.0,30.0,265,0,0.0,4
2026-05-02,5,Spring,0,None,P001,Jacket,Clothing,70.0,30.0,259,0,0.0,6
2026-05-03,5,Spring,0,None,P001,Jacket,Clothing,70.0,30.0,254,0,0.0,5
2026-05-04,5,Spring,0,None,P001,Jacket,Clothing,70.0,30.0,250,0,0.0,4
2026-05-05,5,Spring,0,None,P001,Jacket,Clothing,70.0,30.0,247,0,0.0,3
2026-05-06,5,Spring,0,None,P001,Jacket,Clothing,70.0,30.0,242,0,0.0,5
2026-05-07,5,Spring,0,None,P001,Jacket,Clothing,70.0,30.0,240,0,0.0,2
2026-05-08,5,Spring,0,None,P001,Jacket,Clothing,70.0,30.0,234,0,0.0,6
2026-05-09,5,Spring,0,None,P001,Jacket,Clothing,70.0,30.0,228,0,0.0,6
2026-05-10,5,Spring,0,None,P001,Jacket,Clothing,70.0,30.0,222,0,0.0,6
2026-05-11,5,Spring,0,None,P001,Jacket,Clothing,54.04,30.0,216,1,0.22800059336738274,6
2026-05-12,5,Spring,0,None,P001,Jacket,Clothing,70.0,30.0,211,0,0.0,5
2026-05-13,5,Spring,0,None,P001,Jacket,Clothing,70.0,30.0,207,0,0.0,4
2026-05-14,5,Spring,0,None,P001,Jacket,Clothing,70.0,30.0,201,0,0.0,6
2026-05-15,5,Spring,0,None,P001,Jacket,Clothing,58.48,30.0,195,1,0.16462613141405572,6
2026-05-16,5,Spring,0,None,P001,Jacket,Clothing,70.0,30.0,191,0,0.0,4
2026-05-17,5,Spring,0,None,P001,Jacket,Clothing,70.0,30.0,184,0,0.0,7
2026-05-18,5,Spring,0,None,P001,Jacket,Clothing,70.0,30.0,181,0,0.0,3
2026-05-19,5,Spring,0,None,P001,Jacket,Clothing,70.0,30.0,176,0,0.0,5
2026-05-20,5,Spring,0,None,P001,Jacket,Clothing,70.0,30.0,171,0,0.0,5
2026-05-21,5,Spring,0,None,P001,Jacket,Clothing,70.0,30.0,166,0,0.0,5
2026-05-22,5,Spring,0,None,P001,Jacket,Clothing,70.0,30.0,162,0,0.0,4
2026-05-23,5,Spring,0,None,P001,Jacket,Clothing,70.0,30.0,155,0,0.0,7
2026-05-24,5,Spring,0,None,P001,Jacket,Clothing,70.0,30.0,148,0,0.0,7
2026-05-25,5,Spring,0,None,P001,Jacket,Clothing,70.0,30.0,145,0,0.0,3
2026-05-26,5,Spring,0,None,P001,Jacket,Clothing,70.0,30.0,140,0,0.0,5
2026-05-27,5,Spring,0,None,P001,Jacket,Clothing,70.0,30.0,135,0,0.0,5
2026-05-28,5,Spring,0,None,P001,Jacket,Clothing,70.0,30.0,130,0,0.0,5
2026-05-29,5,Spring,0,None,P001,Jacket,Clothing,70.0,30.0,125,0,0.0,5
2026-05-30,5,Spring,0,None,P001,Jacket,Clothing,70.0,30.0,121,0,0.0,4
2026-05-31,5,Spring,0,None,P001,Jacket,Clothing,70.0,30.0,114,0,0.0,7
2026-06-01,6,Summer,0,None,P001,Jacket,Clothing,70.0,30.0,113,0,0.0,1
2026-06-02,6,Summer,0,None,P001,Jacket,Clothing,70.0,30.0,113,0,0.0,0
2026-06-03,6,Summer,0,None,P001,Jacket,Clothing,70.0,30.0,113,0,0.0,0
2026-06-04,6,Summer,0,None,P001,Jacket,Clothing,70.0,30.0,113,0,0.0,0
2026-06-05,6,Summer,0,None,P001,Jacket,Clothing,70.0,30.0,112,0,0.0,1
2026-06-06,6,Summer,0,None,P001,Jacket,Clothing,70.0,30.0,111,0,0.0,1
2026-06-07,6,Summer,0,None,P001,Jacket,Clothing,70.0,30.0,110,0,0.0,1
2026-06-08,6,Summer,0,None,P001,Jacket,Clothing,70.0,30.0,109,0,0.0,1
2026-06-09,6,Summer,0,None,P001,Jacket,Clothing,70.0,30.0,108,0,0.0,1
2026-06-10,6,Summer,0,None,P001,Jacket,Clothing,70.0,30.0,108,0,0.0,0
2026-06-11,6,Summer,0,None,P001,Jacket,Clothing,70.0,30.0,107,0,0.0,1
2026-06-12,6,Summer,0,None,P001,Jacket,Clothing,70.0,30.0,107,0,0.0,0
2026-06-13,6,Summer,0,None,P001,Jacket,Clothing,70.0,30.0,106,0,0.0,1
2026-06-14,6,Summer,0,None,P001,Jacket,Clothing,70.0,30.0,105,0,0.0,1
2026-06-15,6,Summer,0,None,P001,Jacket,Clothing,70.0,30.0,104,0,0.0,1
2026-06-16,6,Summer,1,Eid al-Adha,P001,Jacket,Clothing,70.0,30.0,103,0,0.0,1
2026-06-17,6,Summer,1,Eid al-Adha,P001,Jacket,Clothing,70.0,30.0,103,0,0.0,0
2026-06-18,6,Summer,0,None,P001,Jacket,Clothing,70.0,30.0,102,0,0.0,1
2026-06-19,6,Summer,0,None,P001,Jacket,Clothing,70.0,30.0,101,0,0.0,1
2026-06-20,6,Summer,0,None,P001,Jacket,Clothing,70.0,30.0,100,0,0.0,1
2026-06-21,6,Summer,0,None,P001,Jacket,Clothing,70.0,30.0,99,0,0.0,1
2026-06-22,6,Summer,0,None,P001,Jacket,Clothing,70.0,30.0,98,0,0.0,1
2026-06-23,6,Summer,0,None,P001,Jacket,Clothing,49.63,30.0,97,1,0.29093200600666147,1
2026-06-24,6,Summer,0,None,P001,Jacket,Clothing,70.0,30.0,96,0,0.0,1
2026-06-25,6,Summer,0,None,P001,Jacket,Clothing,70.0,30.0,96,0,0.0,0
2026-06-26,6,Summer,0,None,P001,Jacket,Clothing,70.0,30.0,96,0,0.0,0
2026-06-27,6,Summer,0,None,P001,Jacket,Clothing,70.0,30.0,95,0,0.0,1
2026-06-28,6,Summer,0,None,P001,Jacket,Clothing,70.0,30.0,94,0,0.0,1
2026-06-29,6,Summer,0,None,P001,Jacket,Clothing,70.0,30.0,93,0,0.0,1
2026-06-30,6,Summer,0,None,P001,Jacket,Clothing,70.0,30.0,93,0,0.0,0
2026-07-01,7,Summer,0,None,P001,Jacket,Clothing,70.0,30.0,92,0,0.0,1
2026-07-02,7,Summer,0,None,P001,Jacket,Clothing,70.0,30.0,91,0,0.0,1
2026-07-03,7,Summer,0,None,P001,Jacket,Clothing,70.0,30.0,91,0,0.0,0
2026-07-04,7,Summer,0,None,P001,Jacket,Clothing,70.0,30.0,90,0,0.0,1
2026-07-05,7,Summer,0,None,P001,Jacket,Clothing,70.0,30.0,89,0,0.0,1
2026-07-06,7,Summer,0,None,P001,Jacket,Clothing,70.0,30.0,89,0,0.0,0
2026-07-07,7,Summer,0,None,P001,Jacket,Clothing,70.0,30.0,89,0,0.0,0
2026-07-08,7,Summer,0,None,P001,Jacket,Clothing,54.07,30.0,88,1,0.22759704115865953,1
2026-07-09,7,Summer,0,None,P001,Jacket,Clothing,70.0,30.0,87,0,0.0,1
2026-07-10,7,Summer,0,None,P001,Jacket,Clothing,70.0,30.0,86,0,0.0,1
2026-07-11,7,Summer,0,None,P001,Jacket,Clothing,70.0,30.0,85,0,0.0,1
2026-07-12,7,Summer,0,None,P001,Jacket,Clothing,70.0,30.0,84,0,0.0,1
2026-07-13,7,Summer,0,None,P001,Jacket,Clothing,70.0,30.0,84,0,0.0,0
2026-07-14,7,Summer,0,None,P001,Jacket,Clothing,70.0,30.0,84,0,0.0,0
2026-07-15,7,Summer,0,None,P001,Jacket,Clothing,70.0,30.0,83,0,0.0,1
2026-07-16,7,Summer,0,None,P001,Jacket,Clothing,70.0,30.0,82,0,0.0,1
2026-07-17,7,Summer,0,None,P001,Jacket,Clothing,70.0,30.0,82,0,0.0,0
2026-07-18,7,Summer,0,None,P001,Jacket,Clothing,70.0,30.0,81,0,0.0,1
2026-07-19,7,Summer,0,None,P001,Jacket,Clothing,70.0,30.0,80,0,0.0,1
2026-07-20,7,Summer,0,None,P001,Jacket,Clothing,70.0,30.0,80,0,0.0,0
2026-07-21,7,Summer,0,None,P001,Jacket,Clothing,70.0,30.0,80,0,0.0,0
2026-07-22,7,Summer,0,None,P001,Jacket,Clothing,70.0,30.0,80,0,0.0,0
2026-07-23,7,Summer,0,None,P001,Jacket,Clothing,70.0,30.0,80,0,0.0,0
2026-07-24,7,Summer,0,None,P001,Jacket,Clothing,70.0,30.0,79,0,0.0,1
2026-07-25,7,Summer,0,None,P001,Jacket,Clothing,70.0,30.0,78,0,0.0,1
2026-07-26,7,Summer,0,None,P001,Jacket,Clothing,70.0,30.0,77,0,0.0,1
2026-07-27,7,Summer,0,None,P001,Jacket,Clothing,70.0,30.0,76,0,0.0,1
2026-07-28,7,Summer,0,None,P001,Jacket,Clothing,70.0,30.0,76,0,0.0,0
2026-07-29,7,Summer,0,None,P001,Jacket,Clothing,70.0,30.0,75,0,0.0,1
2026-07-30,7,Summer,0,None,P001,Jacket,Clothing,70.0,30.0,74,0,0.0,1
2026-07-31,7,Summer,0,None,P001,Jacket,Clothing,70.0,30.0,74,0,0.0,0
2026-08-01,8,Summer,0,None,P001,Jacket,Clothing,70.0,30.0,73,0,0.0,1
2026-08-02,8,Summer,0,None,P001,Jacket,Clothing,70.0,30.0,72,0,0.0,1
2026-08-03,8,Summer,0,None,P001,Jacket,Clothing,70.0,30.0,71,0,0.0,1
2026-08-04,8,Summer,0,None,P001,Jacket,Clothing,70.0,30.0,70,0,0.0,1
2026-08-05,8,Summer,0,None,P001,Jacket,Clothing,70.0,30.0,70,0,0.0,0
2026-08-06,8,Summer,0,None,P001,Jacket,Clothing,70.0,30.0,70,0,0.0,0
2026-08-07,8,Summer,0,None,P001,Jacket,Clothing,70.0,30.0,69,0,0.0,1
2026-08-08,8,Summer,0,None,P001,Jacket,Clothing,70.0,30.0,68,0,0.0,1
2026-08-09,8,Summer,0,None,P001,Jacket,Clothing,70.0,30.0,67,0,0.0,1
2026-08-10,8,Summer,0,None,P001,Jacket,Clothing,70.0,30.0,67,0,0.0,0
2026-08-11,8,Summer,0,None,P001,Jacket,Clothing,70.0,30.0,67,0,0.0,0
2026-08-12,8,Summer,0,None,P001,Jacket,Clothing,49.54,30.0,65,1,0.2923331471909626,2
2026-08-13,8,Summer,0,None,P001,Jacket,Clothing,70.0,30.0,64,0,0.0,1
2026-08-14,8,Summer,0,None,P001,Jacket,Clothing,70.0,30.0,63,0,0.0,1
2026-08-15,8,Summer,0,None,P001,Jacket,Clothing,58.79,30.0,62,1,0.16017062167065102,1
2026-08-16,8,Summer,0,None,P001,Jacket,Clothing,70.0,30.0,62,0,0.0,0
2026-08-17,8,Summer,0,None,P001,Jacket,Clothing,70.0,30.0,62,0,0.0,0
2026-08-18,8,Summer,0,None,P001,Jacket,Clothing,70.0,30.0,62,0,0.0,0
2026-08-19,8,Summer,0,None,P001,Jacket,Clothing,70.0,30.0,61,0,0.0,1
2026-08-20,8,Summer,0,None,P001,Jacket,Clothing,59.4,30.0,60,1,0.15140945328641597,1
2026-08-21,8,Summer,0,None,P001,Jacket,Clothing,70.0,30.0,59,0,0.0,1
2026-08-22,8,Summer,0,None,P001,Jacket,Clothing,70.0,30.0,58,0,0.0,1
2026-08-23,8,Summer,0,None,P001,Jacket,Clothing,70.0,30.0,57,0,0.0,1
2026-08-24,8,Summer,0,None,P001,Jacket,Clothing,70.0,30.0,57,0,0.0,0
2026-08-25,8,Summer,0,None,P001,Jacket,Clothing,70.0,30.0,57,0,0.0,0
2026-08-26,8,Summer,0,None,P001,Jacket,Clothing,70.0,30.0,56,0,0.0,1
2026-08-27,8,Summer,0,None,P001,Jacket,Clothing,70.0,30.0,56,0,0.0,0
2026-08-28,8,Summer,0,None,P001,Jacket,Clothing,70.0,30.0,55,0,0.0,1
2026-08-29,8,Summer,0,None,P001,Jacket,Clothing,70.0,30.0,54,0,0.0,1
2026-08-30,8,Summer,0,None,P001,Jacket,Clothing,70.0,30.0,54,0,0.0,0
2026-08-31,8,Summer,0,None,P001,Jacket,Clothing,70.0,30.0,53,0,0.0,1
2026-09-01,9,Autumn,1,Back_to_school,P001,Jacket,Clothing,70.0,30.0,43,0,0.0,10
2026-09-02,9,Autumn,1,Back_to_school,P001,Jacket,Clothing,70.0,30.0,287,0,0.0,14
2026-09-03,9,Autumn,1,Back_to_school,P001,Jacket,Clothing,70.0,30.0,279,0,0.0,8
2026-09-04,9,Autumn,1,Back_to_school,P001,Jacket,Clothing,60.85,30.0,264,1,0.13075822993360622,15
2026-09-05,9,Autumn,1,Back_to_school,P001,Jacket,Clothing,70.0,30.0,251,0,0.0,13
2026-09-06,9,Autumn,1,Back_to_school,P001,Jacket,Clothing,70.0,30.0,237,0,0.0,14
2026-09-07,9,Autumn,1,Back_to_school,P001,Jacket,Clothing,70.0,30.0,231,0,0.0,6
2026-09-08,9,Autumn,1,Back_to_school,P001,Jacket,Clothing,70.0,30.0,222,0,0.0,9
2026-09-09,9,Autumn,1,Back_to_school,P001,Jacket,Clothing,70.0,30.0,212,0,0.0,10
2026-09-10,9,Autumn,1,Back_to_school,P001,Jacket,Clothing,70.0,30.0,203,0,0.0,9
2026-09-11,9,Autumn,1,Back_to_school,P001,Jacket,Clothing,70.0,30.0,194,0,0.0,9
2026-09-12,9,Autumn,1,Back_to_school,P001,Jacket,Clothing,70.0,30.0,184,0,0.0,10
2026-09-13,9,Autumn,1,Back_to_school,P001,Jacket,Clothing,70.0,30.0,171,0,0.0,13
2026-09-14,9,Autumn,1,Back_to_school,P001,Jacket,Clothing,70.0,30.0,163,0,0.0,8
2026-09-15,9,Autumn,1,Back_to_school,P001,Jacket,Clothing,70.0,30.0,152,0,0.0,11
2026-09-16,9,Autumn,0,None,P001,Jacket,Clothing,62.75,30.0,142,1,0.10353756192265146,10
2026-09-17,9,Autumn,0,None,P001,Jacket,Clothing,70.0,30.0,135,0,0.0,7
2026-09-18,9,Autumn,0,None,P001,Jacket,Clothing,70.0,30.0,129,0,0.0,6
2026-09-19,9,Autumn,0,None,P001,Jacket,Clothing,70.0,30.0,117,0,0.0,12
2026-09-20,9,Autumn,0,None,P001,Jacket,Clothing,70.0,30.0,108,0,0.0,9
2026-09-21,9,Autumn,0,None,P001,Jacket,Clothing,70.0,30.0,100,0,0.0,8
2026-09-22,9,Autumn,0,None,P001,Jacket,Clothing,70.0,30.0,94,0,0.0,6
2026-09-23,9,Autumn,0,None,P001,Jacket,Clothing,52.04,30.0,82,1,0.2565392081488298,12
2026-09-24,9,Autumn,0,None,P001,Jacket,Clothing,70.0,30.0,74,0,0.0,8
2026-09-25,9,Autumn,0,None,P001,Jacket,Clothing,70.0,30.0,67,0,0.0,7
2026-09-26,9,Autumn,0,None,P001,Jacket,Clothing,70.0,30.0,53,0,0.0,14
2024-09-27,9,Autumn,0,None,P002,T-Shirt,Clothing,25.0,10.0,463,0,0.0,16
2024-09-28,9,Autumn,0,None,P002,T-Shirt,Clothing,25.0,10.0,435,0,0.0,28
2024-09-29,9,Autumn,0,None,P002,T-Shirt,Clothing,25.0,10.0,417,0,0.0,18
2024-09-30,9,Autumn,0,None,P002,T-Shirt,Clothing,25.0,10.0,400,0,0.0,17
2024-10-01,10,Autumn,0,None,P002,T-Shirt,Clothing,25.0,10.0,382,0,0.0,18
2024-10-02,10,Autumn,0,None,P002,T-Shirt,Clothing,25.0,10.0,368,0,0.0,14
2024-10-03,10,Autumn,0,None,P002,T-Shirt,Clothing,25.0,10.0,354,0,0.0,14
2024-10-04,10,Autumn,0,None,P002,T-Shirt,Clothing,25.0,10.0,340,0,0.0,14
2024-10-05,10,Autumn,0,None,P002,T-Shirt,Clothing,21.2,10.0,318,1,0.15196264174900684,22
2024-10-06,10,Autumn,0,None,P002,T-Shirt,Clothing,25.0,10.0,297,0,0.0,21
2024-10-07,10,Autumn,0,None,P002,T-Shirt,Clothing,25.0,10.0,283,0,0.0,14
2024-10-08,10,Autumn,0,None,P002,T-Shirt,Clothing,25.0,10.0,267,0,0.0,16
2024-10-09,10,Autumn,0,None,P002,T-Shirt,Clothing,25.0,10.0,249,0,0.0,18
2024-10-10,10,Autumn,0,None,P002,T-Shirt,Clothing,20.06,10.0,229,1,0.19764822740435561,20
2024-10-11,10,Autumn,0,None,P002,T-Shirt,Clothing,25.0,10.0,211,0,0.0,18
2024-10-12,10,Autumn,0,None,P002,T-Shirt,Clothing,25.0,10.0,195,0,0.0,16
2024-10-13,10,Autumn,0,None,P002,T-Shirt,Clothing,25.0,10.0,179,0,0.0,16
2024-10-14,10,Autumn,0,None,P002,T-Shirt,Clothing,25.0,10.0,171,0,0.0,8
2024-10-15,10,Autumn,0,None,P002,T-Shirt,Clothing,25.0,10.0,153,0,0.0,18
2024-10-16,10,Autumn,0,None,P002,T-Shirt,Clothing,25.0,10.0,142,0,0.0,11
2024-10-17,10,Autumn,0,None,P002,T-Shirt,Clothing,25.0,10.0,685,0,0.0,21
2024-10-18,10,Autumn,0,None,P002,T-Shirt,Clothing,25.0,10.0,672,0,0.0,13
2024-10-19,10,Autumn,0,None,P002,T-Shirt,Clothing,25.0,10.0,648,0,0.0,24
2024-10-20,10,Autumn,0,None,P002,T-Shirt,Clothing,19.91,10.0,612,1,0.20368160438904082,36
2024-10-21,10,Autumn,0,None,P002,T-Shirt,Clothing,25.0,10.0,597,0,0.0,15
2024-10-22,10,Autumn,0,None,P002,T-Shirt,Clothing,25.0,10.0,577,0,0.0,20
2024-10-23,10,Autumn,0,None,P002,T-Shirt,Clothing,22.08,10.0,560,1,0.11695840320916065,17
2024-10-24,10,Autumn,0,None,P002,T-Shirt,Clothing,22.44,10.0,542,1,0.1024216950469775,18
2024-10-25,10,Autumn,0,None,P002,T-Shirt,Clothing,25.0,10.0,530,0,0.0,12
2024-10-26,10,Autumn,0,None,P002,T-Shirt,Clothing,25.0,10.0,506,0,0.0,24
2024-10-27,10,Autumn,0,None,P002,T-Shirt,Clothing,25.0,10.0,484,0,0.0,22
2024-10-28,10,Autumn,0,None,P002,T-Shirt,Clothing,25.0,10.0,466,0,0.0,18
2024-10-29,10,Autumn,0,None,P002,T-Shirt,Clothing,25.0,10.0,451,0,0.0,15
2024-10-30,10,Autumn,0,None,P002,T-Shirt,Clothing,25.0,10.0,439,0,0.0,12
2024-10-31,10,Autumn,0,None,P002,T-Shirt,Clothing,25.0,10.0,423,0,0.0,16
2024-11-01,11,Autumn,0,None,P002,T-Shirt,Clothing,25.0,10.0,405,0,0.0,18
2024-11-02,11,Autumn,0,None,P002,T-Shirt,Clothing,25.0,10.0,385,0,0.0,20
2024-11-03,11,Autumn,0,None,P002,T-Shirt,Clothing,25.0,10.0,370,0,0.0,15
2024-11-04,11,Autumn,0,None,P002,T-Shirt,Clothing,25.0,10.0,357,0,0.0,13
2024-11-05,11,Autumn,0,None,P002,T-Shirt,Clothing,25.0,10.0,342,0,0.0,15
2024-11-06,11,Autumn,0,None,P002,T-Shirt,Clothing,25.0,10.0,323,0,0.0,19
2024-11-07,11,Autumn,0,None,P002,T-Shirt,Clothing,25.0,10.0,303,0,0.0,20
2024-11-08,11,Autumn,0,None,P002,T-Shirt,Clothing,25.0,10.0,291,0,0.0,12
2024-11-09,11,Autumn,0,None,P002,T-Shirt,Clothing,25.0,10.0,271,0,0.0,20
2024-11-10,11,Autumn,0,None,P002,T-Shirt,Clothing,25.0,10.0,254,0,0.0,17
2024-11-11,11,Autumn,0,None,P002,T-Shirt,Clothing,25.0,10.0,243,0,0.0,11
2024-11-12,11,Autumn,0,None,P002,T-Shirt,Clothing,25.0,10.0,227,0,0.0,16
2024-11-13,11,Autumn,0,None,P002,T-Shirt,Clothing,25.0,10.0,212,0,0.0,15
2024-11-14,11,Autumn,0,None,P002,T-Shirt,Clothing,25.0,10.0,197,0,0.0,15
2024-11-15,11,Autumn,0,None,P002,T-Shirt,Clothing,25.0,10.0,183,0,0.0,14
2024-11-16,11,Autumn,0,None,P002,T-Shirt,Clothing,25.0,10.0,163,0,0.0,20
2024-11-17,11,Autumn,0,None,P002,T-Shirt,Clothing,25.0,10.0,143,0,0.0,20
2024-11-18,11,Autumn,0,None,P002,T-Shirt,Clothing,25.0,10.0,992,0,0.0,14
2024-11-19,11,Autumn,0,None,P002,T-Shirt,Clothing,25.0,10.0,973,0,0.0,19
2024-11-20,11,Autumn,0,None,P002,T-Shirt,Clothing,25.0,10.0,957,0,0.0,16
2024-11-21,11,Autumn,0,None,P002,T-Shirt,Clothing,25.0,10.0,939,0,0.0,18
2024-11-22,11,Autumn,0,None,P002,T-Shirt,Clothing,25.0,10.0,923,0,0.0,16
2024-11-23,11,Autumn,0,None,P002,T-Shirt,Clothing,25.0,10.0,907,0,0.0,16
2024-11-24,11,Autumn,0,None,P002,T-Shirt,Clothing,25.0,10.0,883,0,0.0,24
2024-11-25,11,Autumn,0,None,P002,T-Shirt,Clothing,25.0,10.0,868,0,0.0,15
2024-11-26,11,Autumn,0,None,P002,T-Shirt,Clothing,25.0,10.0,853,0,0.0,15
2024-11-27,11,Autumn,0,None,P002,T-Shirt,Clothing,25.0,10.0,831,0,0.0,22
2024-11-28,11,Autumn,0,None,P002,T-Shirt,Clothing,25.0,10.0,814,0,0.0,17
2024-11-29,11,Autumn,0,None,P002,T-Shirt,Clothing,25.0,10.0,798,0,0.0,16
2024-11-30,11,Autumn,0,None,P002,T-Shirt,Clothing,25.0,10.0,780,0,0.0,18
2024-12-01,12,Winter,0,None,P002,T-Shirt,Clothing,21.27,10.0,771,1,0.1493357729043246,9
2024-12-02,12,Winter,0,None,P002,T-Shirt,Clothing,25.0,10.0,762,0,0.0,9
2024-12-03,12,Winter,0,None,P002,T-Shirt,Clothing,25.0,10.0,756,0,0.0,6
2024-12-04,12,Winter,0,None,P002,T-Shirt,Clothing,25.0,10.0,748,0,0.0,8
2024-12-05,12,Winter,0,None,P002,T-Shirt,Clothing,25.0,10.0,739,0,0.0,9
2024-12-06,12,Winter,0,None,P002,T-Shirt,Clothing,25.0,10.0,732,0,0.0,7
2024-12-07,12,Winter,0,None,P002,T-Shirt,Clothing,18.7,10.0,714,1,0.2521981520056188,18
2024-12-08,12,Winter,0,None,P002,T-Shirt,Clothing,18.77,10.0,704,1,0.24914675654624643,10
2024-12-09,12,Winter,0,None,P002,T-Shirt,Clothing,25.0,10.0,699,0,0.0,5
2024-12-10,12,Winter,0,None,P002,T-Shirt,Clothing,25.0,10.0,693,0,0.0,6
2024-12-11,12,Winter,0,None,P002,T-Shirt,Clothing,25.0,10.0,689,0,0.0,4
2024-12-12,12,Winter,0,None,P002,T-Shirt,Clothing,25.0,10.0,685,0,0.0,4
2024-12-13,12,Winter,0,None,P002,T-Shirt,Clothing,25.0,10.0,676,0,0.0,9
2024-12-14,12,Winter,0,None,P002,T-Shirt,Clothing,25.0,10.0,664,0,0.0,12
2024-12-15,12,Winter,0,None,P002,T-Shirt,Clothing,19.56,10.0,652,1,0.21764045338967808,12
2024-12-16,12,Winter,0,None,P002,T-Shirt,Clothing,25.0,10.0,646,0,0.0,6
2024-12-17,12,Winter,0,None,P002,T-Shirt,Clothing,25.0,10.0,639,0,0.0,7
2024-12-18,12,Winter,0,None,P002,T-Shirt,Clothing,25.0,10.0,629,0,0.0,10
2024-12-19,12,Winter,0,None,P002,T-Shirt,Clothing,25.0,10.0,620,0,0.0,9
2024-12-20,12,Winter,0,None,P002,T-Shirt,Clothing,25.0,10.0,612,0,0.0,8
2024-12-21,12,Winter,0,None,P002,T-Shirt,Clothing,25.0,10.0,604,0,0.0,8
2024-12-22,12,Winter,0,None,P002,T-Shirt,Clothing,22.21,10.0,590,1,0.11171018584879584,14
2024-12-23,12,Winter,0,None,P002,T-Shirt,Clothing,25.0,10.0,584,0,0.0,6
2024-12-24,12,Winter,0,None,P002,T-Shirt,Clothing,25.0,10.0,581,0,0.0,3
2024-12-25,12,Winter,0,None,P002,T-Shirt,Clothing,25.0,10.0,573,0,0.0,8
2024-12-26,12,Winter,0,None,P002,T-Shirt,Clothing,25.0,10.0,567,0,0.0,6
2024-12-27,12,Winter,0,None,P002,T-Shirt,Clothing,25.0,10.0,560,0,0.0,7
2024-12-28,12,Winter,0,None,P002,T-Shirt,Clothing,25.0,10.0,550,0,0.0,10
2024-12-29,12,Winter,0,None,P002,T-Shirt,Clothing,25.0,10.0,540,0,0.0,10
2024-12-30,12,Winter,0,None,P002,T-Shirt,Clothing,25.0,10.0,534,0,0.0,6
2024-12-31,12,Winter,0,None,P002,T-Shirt,Clothing,25.0,10.0,527,0,0.0,7
2025-01-01,1,Winter,0,None,P002,T-Shirt,Clothing,25.0,10.0,518,0,0.0,9
2025-01-02,1,Winter,0,None,P002,T-Shirt,Clothing,25.0,10.0,514,0,0.0,4
2025-01-03,1,Winter,0,None,P002,T-Shirt,Clothing,25.0,10.0,509,0,0.0,5
2025-01-04,1,Winter,0,None,P002,T-Shirt,Clothing,22.38,10.0,500,1,0.10483835277827105,9
2025-01-05,1,Winter,0,None,P002,T-Shirt,Clothing,25.0,10.0,490,0,0.0,10
2025-01-06,1,Winter,0,None,P002,T-Shirt,Clothing,25.0,10.0,486,0,0.0,4
2025-01-07,1,Winter,0,None,P002,T-Shirt,Clothing,25.0,10.0,480,0,0.0,6
2025-01-08,1,Winter,0,None,P002,T-Shirt,Clothing,25.0,10.0,475,0,0.0,5
2025-01-09,1,Winter,0,None,P002,T-Shirt,Clothing,25.0,10.0,467,0,0.0,8
2025-01-10,1,Winter,0,None,P002,T-Shirt,Clothing,25.0,10.0,461,0,0.0,6
2025-01-11,1,Winter,0,None,P002,T-Shirt,Clothing,25.0,10.0,452,0,0.0,9
2025-01-12,1,Winter,0,None,P002,T-Shirt,Clothing,25.0,10.0,439,0,0.0,13
2025-01-13,1,Winter,0,None,P002,T-Shirt,Clothing,25.0,10.0,433,0,0.0,6
2025-01-14,1,Winter,0,None,P002,T-Shirt,Clothing,25.0,10.0,425,0,0.0,8
2025-01-15,1,Winter,0,None,P002,T-Shirt,Clothing,25.0,10.0,417,0,0.0,8
2025-01-16,1,Winter,0,None,P002,T-Shirt,Clothing,25.0,10.0,408,0,0.0,9
2025-01-17,1,Winter,0,None,P002,T-Shirt,Clothing,22.21,10.0,401,1,0.11141094423025087,7
2025-01-18,1,Winter,0,None,P002,T-Shirt,Clothing,25.0,10.0,393,0,0.0,8
2025-01-19,1,Winter,0,None,P002,T-Shirt,Clothing,25.0,10.0,385,0,0.0,8
2025-01-20,1,Winter,0,None,P002,T-Shirt,Clothing,25.0,10.0,379,0,0.0,6
2025-01-21,1,Winter,0,None,P002,T-Shirt,Clothing,25.0,10.0,373,0,0.0,6
2025-01-22,1,Winter,0,None,P002,T-Shirt,Clothing,17.97,10.0,362,1,0.28128749066888215,11
2025-01-23,1,Winter,0,None,P002,T-Shirt,Clothing,25.0,10.0,359,0,0.0,3
2025-01-24,1,Winter,0,None,P002,T-Shirt,Clothing,25.0,10.0,351,0,0.0,8
2025-01-25,1,Winter,0,None,P002,T-Shirt,Clothing,25.0,10.0,342,0,0.0,9
2025-01-26,1,Winter,0,None,P002,T-Shirt,Clothing,25.0,10.0,332,0,0.0,10
2025-01-27,1,Winter,0,None,P002,T-Shirt,Clothing,20.41,10.0,320,1,0.18375866381483227,12
2025-01-28,1,Winter,0,None,P002,T-Shirt,Clothing,25.0,10.0,314,0,0.0,6
2025-01-29,1,Winter,0,None,P002,T-Shirt,Clothing,25.0,10.0,309,0,0.0,5
2025-01-30,1,Winter,0,None,P002,T-Shirt,Clothing,25.0,10.0,301,0,0.0,8
2025-01-31,1,Winter,0,None,P002,T-Shirt,Clothing,25.0,10.0,294,0,0.0,7
2025-02-01,2,Winter,0,None,P002,T-Shirt,Clothing,25.0,10.0,284,0,0.0,10
2025-02-02,2,Winter,0,None,P002,T-Shirt,Clothing,25.0,10.0,276,0,0.0,8
2025-02-03,2,Winter,0,None,P002,T-Shirt,Clothing,25.0,10.0,270,0,0.0,6
2025-02-04,2,Winter,0,None,P002,T-Shirt,Clothing,25.0,10.0,261,0,0.0,9
2025-02-05,2,Winter,0,None,P002,T-Shirt,Clothing,25.0,10.0,250,0,0.0,11
2025-02-06,2,Winter,0,None,P002,T-Shirt,Clothing,25.0,10.0,243,0,0.0,7
2025-02-07,2,Winter,0,None,P002,T-Shirt,Clothing,25.0,10.0,236,0,0.0,7
2025-02-08,2,Winter,0,None,P002,T-Shirt,Clothing,25.0,10.0,227,0,0.0,9
2025-02-09,2,Winter,0,None,P002,T-Shirt,Clothing,25.0,10.0,219,0,0.0,8
2025-02-10,2,Winter,0,None,P002,T-Shirt,Clothing,25.0,10.0,213,0,0.0,6
2025-02-11,2,Winter,0,None,P002,T-Shirt,Clothing,25.0,10.0,203,0,0.0,10
2025-02-12,2,Winter,0,None,P002,T-Shirt,Clothing,25.0,10.0,197,0,0.0,6
2025-02-13,2,Winter,0,None,P002,T-Shirt,Clothing,25.0,10.0,190,0,0.0,7
2025-02-14,2,Winter,0,None,P002,T-Shirt,Clothing,25.0,10.0,184,0,0.0,6
2025-02-15,2,Winter,0,None,P002,T-Shirt,Clothing,25.0,10.0,175,0,0.0,9
2025-02-16,2,Winter,0,None,P002,T-Shirt,Clothing,25.0,10.0,167,0,0.0,8
2025-02-17,2,Winter,0,None,P002,T-Shirt,Clothing,25.0,10.0,161,0,0.0,6
2025-02-18,2,Winter,0,None,P002,T-Shirt,Clothing,25.0,10.0,156,0,0.0,5
2025-02-19,2,Winter,0,None,P002,T-Shirt,Clothing,25.0,10.0,149,0,0.0,7
2025-02-20,2,Winter,0,None,P002,T-Shirt,Clothing,25.0,10.0,987,0,0.0,7
2025-02-21,2,Winter,0,None,P002,T-Shirt,Clothing,25.0,10.0,982,0,0.0,5
2025-02-22,2,Winter,0,None,P002,T-Shirt,Clothing,25.0,10.0,971,0,0.0,11
2025-02-23,2,Winter,0,None,P002,T-Shirt,Clothing,25.0,10.0,962,0,0.0,9
2025-02-24,2,Winter,0,None,P002,T-Shirt,Clothing,25.0,10.0,955,0,0.0,7
2025-02-25,2,Winter,0,None,P002,T-Shirt,Clothing,25.0,10.0,949,0,0.0,6
2025-02-26,2,Winter,0,None,P002,T-Shirt,Clothing,25.0,10.0,942,0,0.0,7
2025-02-27,2,Winter,0,None,P002,T-Shirt,Clothing,25.0,10.0,937,0,0.0,5
2025-02-28,2,Winter,0,None,P002,T-Shirt,Clothing,25.0,10.0,927,0,0.0,10
2025-03-01,3,Spring,0,None,P002,T-Shirt,Clothing,25.0,10.0,899,0,0.0,28
2025-03-02,3,Spring,0,None,P002,T-Shirt,Clothing,25.0,10.0,876,0,0.0,23
2025-03-03,3,Spring,0,None,P002,T-Shirt,Clothing,25.0,10.0,855,0,0.0,21
2025-03-04,3,Spring,0,None,P002,T-Shirt,Clothing,25.0,10.0,840,0,0.0,15
2025-03-05,3,Spring,0,None,P002,T-Shirt,Clothing,25.0,10.0,819,0,0.0,21
2025-03-06,3,Spring,0,None,P002,T-Shirt,Clothing,25.0,10.0,803,0,0.0,16
2025-03-07,3,Spring,0,None,P002,T-Shirt,Clothing,25.0,10.0,787,0,0.0,16
2025-03-08,3,Spring,0,None,P002,T-Shirt,Clothing,25.0,10.0,769,0,0.0,18
2025-03-09,3,Spring,0,None,P002,T-Shirt,Clothing,25.0,10.0,744,0,0.0,25
2025-03-10,3,Spring,1,Ramadan,P002,T-Shirt,Clothing,25.0,10.0,726,0,0.0,18
2025-03-11,3,Spring,1,Ramadan,P002,T-Shirt,Clothing,25.0,10.0,703,0,0.0,23
2025-03-12,3,Spring,1,Ramadan,P002,T-Shirt,Clothing,25.0,10.0,689,0,0.0,14
2025-03-13,3,Spring,1,Ramadan,P002,T-Shirt,Clothing,25.0,10.0,670,0,0.0,19
2025-03-14,3,Spring,1,Ramadan,P002,T-Shirt,Clothing,25.0,10.0,648,0,0.0,22
2025-03-15,3,Spring,1,Ramadan,P002,T-Shirt,Clothing,25.0,10.0,613,0,0.0,35
2025-03-16,3,Spring,1,Ramadan,P002,T-Shirt,Clothing,25.0,10.0,589,0,0.0,24
2025-03-17,3,Spring,1,Ramadan,P002,T-Shirt,Clothing,25.0,10.0,573,0,0.0,16
2025-03-18,3,Spring,1,Ramadan,P002,T-Shirt,Clothing,25.0,10.0,555,0,0.0,18
2025-03-19,3,Spring,1,Ramadan,P002,T-Shirt,Clothing,25.0,10.0,533,0,0.0,22
2025-03-20,3,Spring,1,Ramadan,P002,T-Shirt,Clothing,25.0,10.0,511,0,0.0,22
2025-03-21,3,Spring,1,Ramadan,P002,T-Shirt,Clothing,25.0,10.0,494,0,0.0,17
2025-03-22,3,Spring,1,Ramadan,P002,T-Shirt,Clothing,25.0,10.0,465,0,0.0,29
2025-03-23,3,Spring,1,Ramadan,P002,T-Shirt,Clothing,25.0,10.0,442,0,0.0,23
2025-03-24,3,Spring,1,Ramadan,P002,T-Shirt,Clothing,25.0,10.0,421,0,0.0,21
2025-03-25,3,Spring,1,Ramadan,P002,T-Shirt,Clothing,25.0,10.0,402,0,0.0,19
2025-03-26,3,Spring,1,Ramadan,P002,T-Shirt,Clothing,25.0,10.0,386,0,0.0,16
2025-03-27,3,Spring,1,Ramadan,P002,T-Shirt,Clothing,25.0,10.0,372,0,0.0,14
2025-03-28,3,Spring,1,Ramadan,P002,T-Shirt,Clothing,25.0,10.0,350,0,0.0,22
2025-03-29,3,Spring,1,Ramadan,P002,T-Shirt,Clothing,25.0,10.0,320,0,0.0,30
2025-03-30,3,Spring,1,Ramadan,P002,T-Shirt,Clothing,25.0,10.0,295,0,0.0,25
2025-03-31,3,Spring,1,Ramadan,P002,T-Shirt,Clothing,25.0,10.0,278,0,0.0,17
2025-04-01,4,Spring,0,None,P002,T-Shirt,Clothing,25.0,10.0,265,0,0.0,13
2025-04-02,4,Spring,0,None,P002,T-Shirt,Clothing,25.0,10.0,243,0,0.0,22
2025-04-03,4,Spring,0,None,P002,T-Shirt,Clothing,21.63,10.0,222,1,0.13497628743519188,21
2025-04-04,4,Spring,0,None,P002,T-Shirt,Clothing,25.0,10.0,203,0,0.0,19
2025-04-05,4,Spring,0,None,P002,T-Shirt,Clothing,25.0,10.0,174,0,0.0,29
2025-04-06,4,Spring,0,None,P002,T-Shirt,Clothing,25.0,10.0,146,0,0.0,28
2025-04-07,4,Spring,0,None,P002,T-Shirt,Clothing,25.0,10.0,714,0,0.0,19
2025-04-08,4,Spring,0,None,P002,T-Shirt,Clothing,25.0,10.0,696,0,0.0,18
2025-04-09,4,Spring,1,Eid al-Fitr,P002,T-Shirt,Clothing,25.0,10.0,676,0,0.0,20
2025-04-10,4,Spring,1,Eid al-Fitr,P002,T-Shirt,Clothing,25.0,10.0,655,0,0.0,21
2025-04-11,4,Spring,0,None,P002,T-Shirt,Clothing,25.0,10.0,635,0,0.0,20
2025-04-12,4,Spring,0,None,P002,T-Shirt,Clothing,25.0,10.0,603,0,0.0,32
2025-04-13,4,Spring,0,None,P002,T-Shirt,Clothing,25.0,10.0,575,0,0.0,28
2025-04-14,4,Spring,0,None,P002,T-Shirt,Clothing,25.0,10.0,558,0,0.0,17
2025-04-15,4,Spring,0,None,P002,T-Shirt,Clothing,25.0,10.0,542,0,0.0,16
2025-04-16,4,Spring,0,None,P002,T-Shirt,Clothing,25.0,10.0,525,0,0.0,17
2025-04-17,4,Spring,0,None,P002,T-Shirt,Clothing,25.0,10.0,505,0,0.0,20
2025-04-18,4,Spring,0,None,P002,T-Shirt,Clothing,25.0,10.0,489,0,0.0,16
2025-04-19,4,Spring,0,None,P002,T-Shirt,Clothing,25.0,10.0,463,0,0.0,26
2025-04-20,4,Spring,0,None,P002,T-Shirt,Clothing,17.69,10.0,422,1,0.29256207141480517,41
2025-04-21,4,Spring,0,None,P002,T-Shirt,Clothing,25.0,10.0,401,0,0.0,21
2025-04-22,4,Spring,0,None,P002,T-Shirt,Clothing,25.0,10.0,385,0,0.0,16
2025-04-23,4,Spring,0,None,P002,T-Shirt,Clothing,25.0,10.0,366,0,0.0,19
2025-04-24,4,Spring,0,None,P002,T-Shirt,Clothing,25.0,10.0,351,0,0.0,15
2025-04-25,4,Spring,0,None,P002,T-Shirt,Clothing,21.29,10.0,328,1,0.1483787656517678,23
2025-04-26,4,Spring,0,None,P002,T-Shirt,Clothing,25.0,10.0,307,0,0.0,21
2025-04-27,4,Spring,0,None,P002,T-Shirt,Clothing,25.0,10.0,289,0,0.0,18
2025-04-28,4,Spring,0,None,P002,T-Shirt,Clothing,25.0,10.0,275,0,0.0,14
2025-04-29,4,Spring,0,None,P002,T-Shirt,Clothing,17.99,10.0,245,1,0.28057899903839745,30
2025-04-30,4,Spring,0,None,P002,T-Shirt,Clothing,25.0,10.0,224,0,0.0,21
2025-05-01,5,Spring,0,None,P002,T-Shirt,Clothing,25.0,10.0,204,0,0.0,20
2025-05-02,5,Spring,0,None,P002,T-Shirt,Clothing,19.59,10.0,182,1,0.21656136701669793,22
2025-05-03,5,Spring,0,None,P002,T-Shirt,Clothing,25.0,10.0,159,0,0.0,23
2025-05-04,5,Spring,0,None,P002,T-Shirt,Clothing,18.34,10.0,115,1,0.26627470287714194,44
2025-05-05,5,Spring,0,None,P002,T-Shirt,Clothing,25.0,10.0,813,0,0.0,21
2025-05-06,5,Spring,0,None,P002,T-Shirt,Clothing,25.0,10.0,794,0,0.0,19
2025-05-07,5,Spring,0,None,P002,T-Shirt,Clothing,25.0,10.0,786,0,0.0,8
2025-05-08,5,Spring,0,None,P002,T-Shirt,Clothing,25.0,10.0,766,0,0.0,20
2025-05-09,5,Spring,0,None,P002,T-Shirt,Clothing,25.0,10.0,747,0,0.0,19
2025-05-10,5,Spring,0,None,P002,T-Shirt,Clothing,25.0,10.0,718,0,0.0,29
2025-05-11,5,Spring,0,None,P002,T-Shirt,Clothing,25.0,10.0,688,0,0.0,30
2025-05-12,5,Spring,0,None,P002,T-Shirt,Clothing,25.0,10.0,666,0,0.0,22
2025-05-13,5,Spring,0,None,P002,T-Shirt,Clothing,25.0,10.0,648,0,0.0,18
2025-05-14,5,Spring,0,None,P002,T-Shirt,Clothing,25.0,10.0,636,0,0.0,12
2025-05-15,5,Spring,0,None,P002,T-Shirt,Clothing,25.0,10.0,611,0,0.0,25
2025-05-16,5,Spring,0,None,P002,T-Shirt,Clothing,25.0,10.0,594,0,0.0,17
2025-05-17,5,Spring,0,None,P002,T-Shirt,Clothing,25.0,10.0,571,0,0.0,23
2025-05-18,5,Spring,0,None,P002,T-Shirt,Clothing,25.0,10.0,540,0,0.0,31
2025-05-19,5,Spring,0,None,P002,T-Shirt,Clothing,21.23,10.0,519,1,0.1508783161683694,21
2025-05-20,5,Spring,0,None,P002,T-Shirt,Clothing,21.8,10.0,507,1,0.12800481951066353,12
2025-05-21,5,Spring,0,None,P002,T-Shirt,Clothing,25.0,10.0,495,0,0.0,12
2025-05-22,5,Spring,0,None,P002,T-Shirt,Clothing,25.0,10.0,478,0,0.0,17
2025-05-23,5,Spring,0,None,P002,T-Shirt,Clothing,25.0,10.0,460,0,0.0,18
2025-05-24,5,Spring,0,None,P002,T-Shirt,Clothing,22.46,10.0,441,1,0.10153280652984507,19
2025-05-25,5,Spring,0,None,P002,T-Shirt,Clothing,25.0,10.0,413,0,0.0,28
2025-05-26,5,Spring,0,None,P002,T-Shirt,Clothing,25.0,10.0,398,0,0.0,15
2025-05-27,5,Spring,0,None,P002,T-Shirt,Clothing,25.0,10.0,379,0,0.0,19
2025-05-28,5,Spring,0,None,P002,T-Shirt,Clothing,25.0,10.0,362,0,0.0,17
2025-05-29,5,Spring,0,None,P002,T-Shirt,Clothing,19.41,10.0,338,1,0.22341330322356023,24
2025-05-30,5,Spring,0,None,P002,T-Shirt,Clothing,25.0,10.0,323,0,0.0,15
2025-05-31,5,Spring,0,None,P002,T-Shirt,Clothing,25.0,10.0,291,0,0.0,32
2025-06-01,6,Summer,0,None,P002,T-Shirt,Clothing,25.0,10.0,243,0,0.0,48
2025-06-02,6,Summer,0,None,P002,T-Shirt,Clothing,25.0,10.0,211,0,0.0,32
2025-06-03,6,Summer,0,None,P002,T-Shirt,Clothing,25.0,10.0,185,0,0.0,26
2025-06-04,6,Summer,0,None,P002,T-Shirt,Clothing,25.0,10.0,146,0,0.0,39
2025-06-05,6,Summer,0,None,P002,T-Shirt,Clothing,25.0,10.0,828,0,0.0,41
2025-06-06,6,Summer,0,None,P002,T-Shirt,Clothing,25.0,10.0,790,0,0.0,38
2025-06-07,6,Summer,0,None,P002,T-Shirt,Clothing,25.0,10.0,748,0,0.0,42
2025-06-08,6,Summer,0,None,P002,T-Shirt,Clothing,25.0,10.0,708,0,0.0,40
2025-06-09,6,Summer,0,None,P002,T-Shirt,Clothing,25.0,10.0,688,0,0.0,20
2025-06-10,6,Summer,0,None,P002,T-Shirt,Clothing,25.0,10.0,640,0,0.0,48
2025-06-11,6,Summer,0,None,P002,T-Shirt,Clothing,22.1,10.0,599,1,0.1160360028163807,41
2025-06-12,6,Summer,0,None,P002,T-Shirt,Clothing,25.0,10.0,561,0,0.0,38
2025-06-13,6,Summer,0,None,P002,T-Shirt,Clothing,25.0,10.0,521,0,0.0,40
2025-06-14,6,Summer,0,None,P002,T-Shirt,Clothing,25.0,10.0,474,0,0.0,47
2025-06-15,6,Summer,0,None,P002,T-Shirt,Clothing,25.0,10.0,426,0,0.0,48
2025-06-16,6,Summer,1,Eid al-Adha,P002,T-Shirt,Clothing,25.0,10.0,382,0,0.0,44
2025-06-17,6,Summer,1,Eid al-Adha,P002,T-Shirt,Clothing,25.0,10.0,343,0,0.0,39
2025-06-18,6,Summer,0,None,P002,T-Shirt,Clothing,25.0,10.0,315,0,0.0,28
2025-06-19,6,Summer,0,None,P002,T-Shirt,Clothing,20.39,10.0,263,1,0.1844068520255278,52
2025-06-20,6,Summer,0,None,P002,T-Shirt,Clothing,25.0,10.0,206,0,0.0,57
2025-06-21,6,Summer,0,None,P002,T-Shirt,Clothing,21.88,10.0,152,1,0.12460065902474914,54
2025-06-22,6,Summer,0,None,P002,T-Shirt,Clothing,25.0,10.0,91,0,0.0,61
2025-06-23,6,Summer,0,None,P002,T-Shirt,Clothing,25.0,10.0,803,0,0.0,31
2025-06-24,6,Summer,0,None,P002,T-Shirt,Clothing,25.0,10.0,752,0,0.0,51
2025-06-25,6,Summer,0,None,P002,T-Shirt,Clothing,25.0,10.0,721,0,0.0,31
2025-06-26,6,Summer,0,None,P002,T-Shirt,Clothing,25.0,10.0,686,0,0.0,35
2025-06-27,6,Summer,0,None,P002,T-Shirt,Clothing,25.0,10.0,638,0,0.0,48
2025-06-28,6,Summer,0,None,P002,T-Shirt,Clothing,25.0,10.0,607,0,0.0,31
2025-06-29,6,Summer,0,None,P002,T-Shirt,Clothing,25.0,10.0,566,0,0.0,41
2025-06-30,6,Summer,0,None,P002,T-Shirt,Clothing,25.0,10.0,517,0,0.0,49
2025-07-01,7,Summer,0,None,P002,T-Shirt,Clothing,25.0,10.0,474,0,0.0,43
2025-07-02,7,Summer,0,None,P002,T-Shirt,Clothing,25.0,10.0,439,0,0.0,35
2025-07-03,7,Summer,0,None,P002,T-Shirt,Clothing,25.0,10.0,411,0,0.0,28
2025-07-04,7,Summer,0,None,P002,T-Shirt,Clothing,25.0,10.0,381,0,0.0,30
2025-07-05,7,Summer,0,None,P002,T-Shirt,Clothing,19.27,10.0,317,1,0.22916447725729686,64
2025-07-06,7,Summer,0,None,P002,T-Shirt,Clothing,25.0,10.0,274,0,0.0,43
2025-07-07,7,Summer,0,None,P002,T-Shirt,Clothing,25.0,10.0,239,0,0.0,35
2025-07-08,7,Summer,0,None,P002,T-Shirt,Clothing,25.0,10.0,195,0,0.0,44
2025-07-09,7,Summer,0,None,P002,T-Shirt,Clothing,25.0,10.0,146,0,0.0,49
2025-07-10,7,Summer,0,None,P002,T-Shirt,Clothing,25.0,10.0,643,0,0.0,51
2025-07-11,7,Summer,0,None,P002,T-Shirt,Clothing,25.0,10.0,609,0,0.0,34
2025-07-12,7,Summer,0,None,P002,T-Shirt,Clothing,25.0,10.0,561,0,0.0,48
2025-07-13,7,Summer,0,None,P002,T-Shirt,Clothing,25.0,10.0,517,0,0.0,44
2025-07-14,7,Summer,0,None,P002,T-Shirt,Clothing,25.0,10.0,488,0,0.0,29
2025-07-15,7,Summer,0,None,P002,T-Shirt,Clothing,18.72,10.0,436,1,0.25124272279003534,52
2025-07-16,7,Summer,0,None,P002,T-Shirt,Clothing,25.0,10.0,395,0,0.0,41
2025-07-17,7,Summer,0,None,P002,T-Shirt,Clothing,25.0,10.0,360,0,0.0,35
2025-07-18,7,Summer,0,None,P002,T-Shirt,Clothing,25.0,10.0,318,0,0.0,42
2025-07-19,7,Summer,0,None,P002,T-Shirt,Clothing,25.0,10.0,273,0,0.0,45
2025-07-20,7,Summer,0,None,P002,T-Shirt,Clothing,25.0,10.0,226,0,0.0,47
2025-07-21,7,Summer,0,None,P002,T-Shirt,Clothing,25.0,10.0,186,0,0.0,40
2025-07-22,7,Summer,0,None,P002,T-Shirt,Clothing,25.0,10.0,158,0,0.0,28
2025-07-23,7,Summer,0,None,P002,T-Shirt,Clothing,25.0,10.0,120,0,0.0,38
2025-07-24,7,Summer,0,None,P002,T-Shirt,Clothing,25.0,10.0,778,0,0.0,35
2025-07-25,7,Summer,0,None,P002,T-Shirt,Clothing,25.0,10.0,732,0,0.0,46
2025-07-26,7,Summer,0,None,P002,T-Shirt,Clothing,25.0,10.0,696,0,0.0,36
2025-07-27,7,Summer,0,None,P002,T-Shirt,Clothing,25.0,10.0,656,0,0.0,40
2025-07-28,7,Summer,0,None,P002,T-Shirt,Clothing,25.0,10.0,612,0,0.0,44
2025-07-29,7,Summer,0,None,P002,T-Shirt,Clothing,25.0,10.0,589,0,0.0,23
2025-07-30,7,Summer,0,None,P002,T-Shirt,Clothing,25.0,10.0,554,0,0.0,35
2025-07-31,7,Summer,0,None,P002,T-Shirt,Clothing,25.0,10.0,499,0,0.0,55
2025-08-01,8,Summer,0,None,P002,T-Shirt,Clothing,25.0,10.0,460,0,0.0,39
2025-08-02,8,Summer,0,None,P002,T-Shirt,Clothing,25.0,10.0,403,0,0.0,57
2025-08-03,8,Summer,0,None,P002,T-Shirt,Clothing,25.0,10.0,359,0,0.0,44
2025-08-04,8,Summer,0,None,P002,T-Shirt,Clothing,20.12,10.0,321,1,0.19510920749736532,38
2025-08-05,8,Summer,0,None,P002,T-Shirt,Clothing,25.0,10.0,282,0,0.0,39
2025-08-06,8,Summer,0,None,P002,T-Shirt,Clothing,25.0,10.0,241,0,0.0,41
2025-08-07,8,Summer,0,None,P002,T-Shirt,Clothing,25.0,10.0,202,0,0.0,39
2025-08-08,8,Summer,0,None,P002,T-Shirt,Clothing,25.0,10.0,168,0,0.0,34
2025-08-09,8,Summer,0,None,P002,T-Shirt,Clothing,25.0,10.0,114,0,0.0,54
2025-08-10,8,Summer,0,None,P002,T-Shirt,Clothing,25.0,10.0,943,0,0.0,45
2025-08-11,8,Summer,0,None,P002,T-Shirt,Clothing,25.0,10.0,906,0,0.0,37
2025-08-12,8,Summer,0,None,P002,T-Shirt,Clothing,25.0,10.0,866,0,0.0,40
2025-08-13,8,Summer,0,None,P002,T-Shirt,Clothing,25.0,10.0,840,0,0.0,26
2025-08-14,8,Summer,0,None,P002,T-Shirt,Clothing,25.0,10.0,809,0,0.0,31
2025-08-15,8,Summer,0,None,P002,T-Shirt,Clothing,25.0,10.0,770,0,0.0,39
2025-08-16,8,Summer,0,None,P002,T-Shirt,Clothing,25.0,10.0,745,0,0.0,25
2025-08-17,8,Summer,0,None,P002,T-Shirt,Clothing,25.0,10.0,685,0,0.0,60
2025-08-18,8,Summer,0,None,P002,T-Shirt,Clothing,25.0,10.0,651,0,0.0,34
2025-08-19,8,Summer,0,None,P002,T-Shirt,Clothing,25.0,10.0,605,0,0.0,46
2025-08-20,8,Summer,0,None,P002,T-Shirt,Clothing,25.0,10.0,570,0,0.0,35
2025-08-21,8,Summer,0,None,P002,T-Shirt,Clothing,18.08,10.0,505,1,0.27669295259721216,65
2025-08-22,8,Summer,0,None,P002,T-Shirt,Clothing,25.0,10.0,490,0,0.0,15
2025-08-23,8,Summer,0,None,P002,T-Shirt,Clothing,25.0,10.0,442,0,0.0,48
2025-08-24,8,Summer,0,None,P002,T-Shirt,Clothing,25.0,10.0,398,0,0.0,44
2025-08-25,8,Summer,0,None,P002,T-Shirt,Clothing,25.0,10.0,367,0,0.0,31
2025-08-26,8,Summer,0,None,P002,T-Shirt,Clothing,25.0,10.0,327,0,0.0,40
2025-08-27,8,Summer,0,None,P002,T-Shirt,Clothing,25.0,10.0,295,0,0.0,32
2025-08-28,8,Summer,0,None,P002,T-Shirt,Clothing,25.0,10.0,252,0,0.0,43
2025-08-29,8,Summer,0,None,P002,T-Shirt,Clothing,25.0,10.0,208,0,0.0,44
2025-08-30,8,Summer,0,None,P002,T-Shirt,Clothing,25.0,10.0,155,0,0.0,53
2025-08-31,8,Summer,0,None,P002,T-Shirt,Clothing,18.81,10.0,75,1,0.247573903712306,80
2025-09-01,9,Autumn,1,Back_to_school,P002,T-Shirt,Clothing,25.0,10.0,572,0,0.0,17
2025-09-02,9,Autumn,1,Back_to_school,P002,T-Shirt,Clothing,25.0,10.0,554,0,0.0,18
2025-09-03,9,Autumn,1,Back_to_school,P002,T-Shirt,Clothing,25.0,10.0,537,0,0.0,17
2025-09-04,9,Autumn,1,Back_to_school,P002,T-Shirt,Clothing,25.0,10.0,523,0,0.0,14
2025-09-05,9,Autumn,1,Back_to_school,P002,T-Shirt,Clothing,20.46,10.0,507,1,0.18150860620648618,16
2025-09-06,9,Autumn,1,Back_to_school,P002,T-Shirt,Clothing,25.0,10.0,489,0,0.0,18
2025-09-07,9,Autumn,1,Back_to_school,P002,T-Shirt,Clothing,25.0,10.0,472,0,0.0,17
2025-09-08,9,Autumn,1,Back_to_school,P002,T-Shirt,Clothing,25.0,10.0,457,0,0.0,15
2025-09-09,9,Autumn,1,Back_to_school,P002,T-Shirt,Clothing,25.0,10.0,441,0,0.0,16
2025-09-10,9,Autumn,1,Back_to_school,P002,T-Shirt,Clothing,20.0,10.0,418,1,0.20012485361408355,23
2025-09-11,9,Autumn,1,Back_to_school,P002,T-Shirt,Clothing,22.14,10.0,397,1,0.11458036707358071,21
2025-09-12,9,Autumn,1,Back_to_school,P002,T-Shirt,Clothing,25.0,10.0,385,0,0.0,12
2025-09-13,9,Autumn,1,Back_to_school,P002,T-Shirt,Clothing,25.0,10.0,369,0,0.0,16
2025-09-14,9,Autumn,1,Back_to_school,P002,T-Shirt,Clothing,25.0,10.0,351,0,0.0,18
2025-09-15,9,Autumn,1,Back_to_school,P002,T-Shirt,Clothing,25.0,10.0,334,0,0.0,17
2025-09-16,9,Autumn,0,None,P002,T-Shirt,Clothing,25.0,10.0,324,0,0.0,10
2025-09-17,9,Autumn,0,None,P002,T-Shirt,Clothing,25.0,10.0,310,0,0.0,14
2025-09-18,9,Autumn,0,None,P002,T-Shirt,Clothing,25.0,10.0,300,0,0.0,10
2025-09-19,9,Autumn,0,None,P002,T-Shirt,Clothing,25.0,10.0,282,0,0.0,18
2025-09-20,9,Autumn,0,None,P002,T-Shirt,Clothing,25.0,10.0,263,0,0.0,19
2025-09-21,9,Autumn,0,None,P002,T-Shirt,Clothing,25.0,10.0,240,0,0.0,23
2025-09-22,9,Autumn,0,None,P002,T-Shirt,Clothing,25.0,10.0,227,0,0.0,13
2025-09-23,9,Autumn,0,None,P002,T-Shirt,Clothing,25.0,10.0,212,0,0.0,15
2025-09-24,9,Autumn,0,None,P002,T-Shirt,Clothing,25.0,10.0,195,0,0.0,17
2025-09-25,9,Autumn,0,None,P002,T-Shirt,Clothing,25.0,10.0,179,0,0.0,16
2025-09-26,9,Autumn,0,None,P002,T-Shirt,Clothing,25.0,10.0,168,0,0.0,11
2025-09-27,9,Autumn,0,None,P002,T-Shirt,Clothing,25.0,10.0,149,0,0.0,19
2025-09-28,9,Autumn,0,None,P002,T-Shirt,Clothing,25.0,10.0,705,0,0.0,16
2025-09-29,9,Autumn,0,None,P002,T-Shirt,Clothing,25.0,10.0,692,0,0.0,13
2025-09-30,9,Autumn,0,None,P002,T-Shirt,Clothing,18.76,10.0,673,1,0.24972904682524,19
2025-10-01,10,Autumn,0,None,P002,T-Shirt,Clothing,25.0,10.0,658,0,0.0,15
2025-10-02,10,Autumn,0,None,P002,T-Shirt,Clothing,25.0,10.0,646,0,0.0,12
2025-10-03,10,Autumn,0,None,P002,T-Shirt,Clothing,25.0,10.0,628,0,0.0,18
2025-10-04,10,Autumn,0,None,P002,T-Shirt,Clothing,25.0,10.0,606,0,0.0,22
2025-10-05,10,Autumn,0,None,P002,T-Shirt,Clothing,25.0,10.0,589,0,0.0,17
2025-10-06,10,Autumn,0,None,P002,T-Shirt,Clothing,25.0,10.0,575,0,0.0,14
2025-10-07,10,Autumn,0,None,P002,T-Shirt,Clothing,25.0,10.0,558,0,0.0,17
2025-10-08,10,Autumn,0,None,P002,T-Shirt,Clothing,25.0,10.0,544,0,0.0,14
2025-10-09,10,Autumn,0,None,P002,T-Shirt,Clothing,25.0,10.0,524,0,0.0,20
2025-10-10,10,Autumn,0,None,P002,T-Shirt,Clothing,25.0,10.0,508,0,0.0,16
2025-10-11,10,Autumn,0,None,P002,T-Shirt,Clothing,25.0,10.0,492,0,0.0,16
2025-10-12,10,Autumn,0,None,P002,T-Shirt,Clothing,25.0,10.0,477,0,0.0,15
2025-10-13,10,Autumn,0,None,P002,T-Shirt,Clothing,25.0,10.0,459,0,0.0,18
2025-10-14,10,Autumn,0,None,P002,T-Shirt,Clothing,25.0,10.0,446,0,0.0,13
2025-10-15,10,Autumn,0,None,P002,T-Shirt,Clothing,25.0,10.0,431,0,0.0,15
2025-10-16,10,Autumn,0,None,P002,T-Shirt,Clothing,25.0,10.0,425,0,0.0,6
2025-10-17,10,Autumn,0,None,P002,T-Shirt,Clothing,25.0,10.0,410,0,0.0,15
2025-10-18,10,Autumn,0,None,P002,T-Shirt,Clothing,25.0,10.0,396,0,0.0,14
2025-10-19,10,Autumn,0,None,P002,T-Shirt,Clothing,18.66,10.0,375,1,0.25351352570358365,21
2025-10-20,10,Autumn,0,None,P002,T-Shirt,Clothing,25.0,10.0,360,0,0.0,15
2025-10-21,10,Autumn,0,None,P002,T-Shirt,Clothing,25.0,10.0,345,0,0.0,15
2025-10-22,10,Autumn,0,None,P002,T-Shirt,Clothing,25.0,10.0,327,0,0.0,18
2025-10-23,10,Autumn,0,None,P002,T-Shirt,Clothing,25.0,10.0,313,0,0.0,14
2025-10-24,10,Autumn,0,None,P002,T-Shirt,Clothing,25.0,10.0,303,0,0.0,10
2025-10-25,10,Autumn,0,None,P002,T-Shirt,Clothing,25.0,10.0,281,0,0.0,22
2025-10-26,10,Autumn,0,None,P002,T-Shirt,Clothing,25.0,10.0,265,0,0.0,16
2025-10-27,10,Autumn,0,None,P002,T-Shirt,Clothing,25.0,10.0,247,0,0.0,18
2025-10-28,10,Autumn,0,None,P002,T-Shirt,Clothing,25.0,10.0,235,0,0.0,12
2025-10-29,10,Autumn,0,None,P002,T-Shirt,Clothing,25.0,10.0,219,0,0.0,16
2025-10-30,10,Autumn,0,None,P002,T-Shirt,Clothing,25.0,10.0,206,0,0.0,13
2025-10-31,10,Autumn,0,None,P002,T-Shirt,Clothing,25.0,10.0,192,0,0.0,14
2025-11-01,11,Autumn,0,None,P002,T-Shirt,Clothing,25.0,10.0,170,0,0.0,22
2025-11-02,11,Autumn,0,None,P002,T-Shirt,Clothing,20.6,10.0,147,1,0.17581880973438724,23
2025-11-03,11,Autumn,0,None,P002,T-Shirt,Clothing,21.88,10.0,731,1,0.12487367980010206,17
2025-11-04,11,Autumn,0,None,P002,T-Shirt,Clothing,25.0,10.0,724,0,0.0,7
2025-11-05,11,Autumn,0,None,P002,T-Shirt,Clothing,25.0,10.0,710,0,0.0,14
2025-11-06,11,Autumn,0,None,P002,T-Shirt,Clothing,25.0,10.0,695,0,0.0,15
2025-11-07,11,Autumn,0,None,P002,T-Shirt,Clothing,25.0,10.0,674,0,0.0,21
2025-11-08,11,Autumn,0,None,P002,T-Shirt,Clothing,25.0,10.0,654,0,0.0,20
2025-11-09,11,Autumn,0,None,P002,T-Shirt,Clothing,25.0,10.0,635,0,0.0,19
2025-11-10,11,Autumn,0,None,P002,T-Shirt,Clothing,25.0,10.0,616,0,0.0,19
2025-11-11,11,Autumn,0,None,P002,T-Shirt,Clothing,25.0,10.0,602,0,0.0,14
2025-11-12,11,Autumn,0,None,P002,T-Shirt,Clothing,25.0,10.0,587,0,0.0,15
2025-11-13,11,Autumn,0,None,P002,T-Shirt,Clothing,21.03,10.0,567,1,0.15866172215611293,20
2025-11-14,11,Autumn,0,None,P002,T-Shirt,Clothing,25.0,10.0,548,0,0.0,19
2025-11-15,11,Autumn,0,None,P002,T-Shirt,Clothing,25.0,10.0,528,0,0.0,20
2025-11-16,11,Autumn,0,None,P002,T-Shirt,Clothing,25.0,10.0,509,0,0.0,19
2025-11-17,11,Autumn,0,None,P002,T-Shirt,Clothing,18.01,10.0,483,1,0.2797121209349679,26
2025-11-18,11,Autumn,0,None,P002,T-Shirt,Clothing,25.0,10.0,466,0,0.0,17
2025-11-19,11,Autumn,0,None,P002,T-Shirt,Clothing,25.0,10.0,453,0,0.0,13
2025-11-20,11,Autumn,0,None,P002,T-Shirt,Clothing,25.0,10.0,439,0,0.0,14
2025-11-21,11,Autumn,0,None,P002,T-Shirt,Clothing,25.0,10.0,419,0,0.0,20
2025-11-22,11,Autumn,0,None,P002,T-Shirt,Clothing,25.0,10.0,400,0,0.0,19
2025-11-23,11,Autumn,0,None,P002,T-Shirt,Clothing,17.71,10.0,370,1,0.2915579601976408,30
2025-11-24,11,Autumn,0,None,P002,T-Shirt,Clothing,25.0,10.0,355,0,0.0,15
2025-11-25,11,Autumn,0,None,P002,T-Shirt,Clothing,20.67,10.0,338,1,0.17313614965227425,17
2025-11-26,11,Autumn,0,None,P002,T-Shirt,Clothing,25.0,10.0,325,0,0.0,13
2025-11-27,11,Autumn,0,None,P002,T-Shirt,Clothing,25.0,10.0,309,0,0.0,16
2025-11-28,11,Autumn,0,None,P002,T-Shirt,Clothing,25.0,10.0,290,0,0.0,19
2025-11-29,11,Autumn,0,None,P002,T-Shirt,Clothing,25.0,10.0,276,0,0.0,14
2025-11-30,11,Autumn,0,None,P002,T-Shirt,Clothing,25.0,10.0,251,0,0.0,25
2025-12-01,12,Winter,0,None,P002,T-Shirt,Clothing,25.0,10.0,243,0,0.0,8
2025-12-02,12,Winter,0,None,P002,T-Shirt,Clothing,25.0,10.0,236,0,0.0,7
2025-12-03,12,Winter,0,None,P002,T-Shirt,Clothing,25.0,10.0,229,0,0.0,7
2025-12-04,12,Winter,0,None,P002,T-Shirt,Clothing,21.76,10.0,219,1,0.12946060885579408,10
2025-12-05,12,Winter,0,None,P002,T-Shirt,Clothing,19.35,10.0,211,1,0.22618435804583267,8
2025-12-06,12,Winter,0,None,P002,T-Shirt,Clothing,25.0,10.0,202,0,0.0,9
2025-12-07,12,Winter,0,None,P002,T-Shirt,Clothing,25.0,10.0,193,0,0.0,9
2025-12-08,12,Winter,0,None,P002,T-Shirt,Clothing,25.0,10.0,188,0,0.0,5
2025-12-09,12,Winter,0,None,P002,T-Shirt,Clothing,21.13,10.0,179,1,0.1549407630095784,9
2025-12-10,12,Winter,0,None,P002,T-Shirt,Clothing,25.0,10.0,170,0,0.0,9
2025-12-11,12,Winter,0,None,P002,T-Shirt,Clothing,25.0,10.0,165,0,0.0,5
2025-12-12,12,Winter,0,None,P002,T-Shirt,Clothing,18.28,10.0,155,1,0.2687299328103647,10
2025-12-13,12,Winter,0,None,P002,T-Shirt,Clothing,25.0,10.0,145,0,0.0,10
2025-12-14,12,Winter,0,None,P002,T-Shirt,Clothing,25.0,10.0,693,0,0.0,10
2025-12-15,12,Winter,0,None,P002,T-Shirt,Clothing,25.0,10.0,688,0,0.0,5
2025-12-16,12,Winter,0,None,P002,T-Shirt,Clothing,25.0,10.0,680,0,0.0,8
2025-12-17,12,Winter,0,None,P002,T-Shirt,Clothing,25.0,10.0,673,0,0.0,7
2025-12-18,12,Winter,0,None,P002,T-Shirt,Clothing,25.0,10.0,667,0,0.0,6
2025-12-19,12,Winter,0,None,P002,T-Shirt,Clothing,25.0,10.0,659,0,0.0,8
2025-12-20,12,Winter,0,None,P002,T-Shirt,Clothing,25.0,10.0,650,0,0.0,9
2025-12-21,12,Winter,0,None,P002,T-Shirt,Clothing,25.0,10.0,637,0,0.0,13
2025-12-22,12,Winter,0,None,P002,T-Shirt,Clothing,25.0,10.0,630,0,0.0,7
2025-12-23,12,Winter,0,None,P002,T-Shirt,Clothing,25.0,10.0,624,0,0.0,6
2025-12-24,12,Winter,0,None,P002,T-Shirt,Clothing,25.0,10.0,616,0,0.0,8
2025-12-25,12,Winter,0,None,P002,T-Shirt,Clothing,25.0,10.0,609,0,0.0,7
2025-12-26,12,Winter,0,None,P002,T-Shirt,Clothing,20.71,10.0,599,1,0.17140586879400244,10
2025-12-27,12,Winter,0,None,P002,T-Shirt,Clothing,25.0,10.0,589,0,0.0,10
2025-12-28,12,Winter,0,None,P002,T-Shirt,Clothing,25.0,10.0,582,0,0.0,7
2025-12-29,12,Winter,0,None,P002,T-Shirt,Clothing,25.0,10.0,574,0,0.0,8
2025-12-30,12,Winter,0,None,P002,T-Shirt,Clothing,20.36,10.0,563,1,0.1857404041972867,11
2025-12-31,12,Winter,0,None,P002,T-Shirt,Clothing,20.1,10.0,555,1,0.1961780293206018,8
2026-01-01,1,Winter,0,None,P002,T-Shirt,Clothing,25.0,10.0,547,0,0.0,8
2026-01-02,1,Winter,0,None,P002,T-Shirt,Clothing,25.0,10.0,542,0,0.0,5
2026-01-03,1,Winter,0,None,P002,T-Shirt,Clothing,25.0,10.0,536,0,0.0,6
2026-01-04,1,Winter,0,None,P002,T-Shirt,Clothing,25.0,10.0,527,0,0.0,9
2026-01-05,1,Winter,0,None,P002,T-Shirt,Clothing,25.0,10.0,519,0,0.0,8
2026-01-06,1,Winter,0,None,P002,T-Shirt,Clothing,25.0,10.0,511,0,0.0,8
2026-01-07,1,Winter,0,None,P002,T-Shirt,Clothing,25.0,10.0,506,0,0.0,5
2026-01-08,1,Winter,0,None,P002,T-Shirt,Clothing,25.0,10.0,500,0,0.0,6
2026-01-09,1,Winter,0,None,P002,T-Shirt,Clothing,25.0,10.0,494,0,0.0,6
2026-01-10,1,Winter,0,None,P002,T-Shirt,Clothing,25.0,10.0,488,0,0.0,6
2026-01-11,1,Winter,0,None,P002,T-Shirt,Clothing,22.32,10.0,477,1,0.10720376365828528,11
2026-01-12,1,Winter,0,None,P002,T-Shirt,Clothing,25.0,10.0,471,0,0.0,6
2026-01-13,1,Winter,0,None,P002,T-Shirt,Clothing,25.0,10.0,463,0,0.0,8
2026-01-14,1,Winter,0,None,P002,T-Shirt,Clothing,25.0,10.0,453,0,0.0,10
2026-01-15,1,Winter,0,None,P002,T-Shirt,Clothing,25.0,10.0,448,0,0.0,5
2026-01-16,1,Winter,0,None,P002,T-Shirt,Clothing,25.0,10.0,442,0,0.0,6
2026-01-17,1,Winter,0,None,P002,T-Shirt,Clothing,25.0,10.0,435,0,0.0,7
2026-01-18,1,Winter,0,None,P002,T-Shirt,Clothing,25.0,10.0,426,0,0.0,9
2026-01-19,1,Winter,0,None,P002,T-Shirt,Clothing,25.0,10.0,418,0,0.0,8
2026-01-20,1,Winter,0,None,P002,T-Shirt,Clothing,25.0,10.0,413,0,0.0,5
2026-01-21,1,Winter,0,None,P002,T-Shirt,Clothing,25.0,10.0,406,0,0.0,7
2026-01-22,1,Winter,0,None,P002,T-Shirt,Clothing,25.0,10.0,398,0,0.0,8
2026-01-23,1,Winter,0,None,P002,T-Shirt,Clothing,25.0,10.0,392,0,0.0,6
2026-01-24,1,Winter,0,None,P002,T-Shirt,Clothing,22.15,10.0,381,1,0.11380151852256326,11
2026-01-25,1,Winter,0,None,P002,T-Shirt,Clothing,25.0,10.0,370,0,0.0,11
2026-01-26,1,Winter,0,None,P002,T-Shirt,Clothing,25.0,10.0,364,0,0.0,6
2026-01-27,1,Winter,0,None,P002,T-Shirt,Clothing,25.0,10.0,356,0,0.0,8
2026-01-28,1,Winter,0,None,P002,T-Shirt,Clothing,25.0,10.0,350,0,0.0,6
2026-01-29,1,Winter,0,None,P002,T-Shirt,Clothing,25.0,10.0,342,0,0.0,8
2026-01-30,1,Winter,0,None,P002,T-Shirt,Clothing,25.0,10.0,336,0,0.0,6
2026-01-31,1,Winter,0,None,P002,T-Shirt,Clothing,21.86,10.0,328,1,0.1255733602444835,8
2026-02-01,2,Winter,0,None,P002,T-Shirt,Clothing,25.0,10.0,320,0,0.0,8
2026-02-02,2,Winter,0,None,P002,T-Shirt,Clothing,25.0,10.0,313,0,0.0,7
2026-02-03,2,Winter,0,None,P002,T-Shirt,Clothing,25.0,10.0,308,0,0.0,5
2026-02-04,2,Winter,0,None,P002,T-Shirt,Clothing,25.0,10.0,303,0,0.0,5
2026-02-05,2,Winter,0,None,P002,T-Shirt,Clothing,18.85,10.0,290,1,0.24586895881759926,13
2026-02-06,2,Winter,0,None,P002,T-Shirt,Clothing,25.0,10.0,282,0,0.0,8
2026-02-07,2,Winter,0,None,P002,T-Shirt,Clothing,25.0,10.0,275,0,0.0,7
2026-02-08,2,Winter,0,None,P002,T-Shirt,Clothing,25.0,10.0,268,0,0.0,7
2026-02-09,2,Winter,0,None,P002,T-Shirt,Clothing,25.0,10.0,262,0,0.0,6
2026-02-10,2,Winter,0,None,P002,T-Shirt,Clothing,25.0,10.0,257,0,0.0,5
2026-02-11,2,Winter,0,None,P002,T-Shirt,Clothing,25.0,10.0,248,0,0.0,9
2026-02-12,2,Winter,0,None,P002,T-Shirt,Clothing,25.0,10.0,244,0,0.0,4
2026-02-13,2,Winter,0,None,P002,T-Shirt,Clothing,19.78,10.0,236,1,0.208899391820773,8
2026-02-14,2,Winter,0,None,P002,T-Shirt,Clothing,25.0,10.0,226,0,0.0,10
2026-02-15,2,Winter,0,None,P002,T-Shirt,Clothing,25.0,10.0,215,0,0.0,11
2026-02-16,2,Winter,0,None,P002,T-Shirt,Clothing,25.0,10.0,210,0,0.0,5
2026-02-17,2,Winter,0,None,P002,T-Shirt,Clothing,25.0,10.0,204,0,0.0,6
2026-02-18,2,Winter,0,None,P002,T-Shirt,Clothing,25.0,10.0,197,0,0.0,7
2026-02-19,2,Winter,0,None,P002,T-Shirt,Clothing,25.0,10.0,189,0,0.0,8
2026-02-20,2,Winter,0,None,P002,T-Shirt,Clothing,25.0,10.0,182,0,0.0,7
2026-02-21,2,Winter,0,None,P002,T-Shirt,Clothing,25.0,10.0,173,0,0.0,9
2026-02-22,2,Winter,0,None,P002,T-Shirt,Clothing,25.0,10.0,160,0,0.0,13
2026-02-23,2,Winter,0,None,P002,T-Shirt,Clothing,25.0,10.0,152,0,0.0,8
2026-02-24,2,Winter,0,None,P002,T-Shirt,Clothing,25.0,10.0,144,0,0.0,8
2026-02-25,2,Winter,0,None,P002,T-Shirt,Clothing,25.0,10.0,952,0,0.0,5
2026-02-26,2,Winter,0,None,P002,T-Shirt,Clothing,25.0,10.0,947,0,0.0,5
2026-02-27,2,Winter,0,None,P002,T-Shirt,Clothing,25.0,10.0,938,0,0.0,9
2026-02-28,2,Winter,0,None,P002,T-Shirt,Clothing,25.0,10.0,927,0,0.0,11
2026-03-01,3,Spring,0,None,P002,T-Shirt,Clothing,25.0,10.0,915,0,0.0,12
2026-03-02,3,Spring,0,None,P002,T-Shirt,Clothing,25.0,10.0,898,0,0.0,17
2026-03-03,3,Spring,0,None,P002,T-Shirt,Clothing,25.0,10.0,883,0,0.0,15
2026-03-04,3,Spring,0,None,P002,T-Shirt,Clothing,18.31,10.0,848,1,0.2677994655436021,35
2026-03-05,3,Spring,0,None,P002,T-Shirt,Clothing,18.98,10.0,822,1,0.24073995592581018,26
2026-03-06,3,Spring,0,None,P002,T-Shirt,Clothing,25.0,10.0,803,0,0.0,19
2026-03-07,3,Spring,0,None,P002,T-Shirt,Clothing,25.0,10.0,779,0,0.0,24
2026-03-08,3,Spring,0,None,P002,T-Shirt,Clothing,25.0,10.0,750,0,0.0,29
2026-03-09,3,Spring,0,None,P002,T-Shirt,Clothing,19.98,10.0,722,1,0.20095911966090563,28
2026-03-10,3,Spring,1,Ramadan,P002,T-Shirt,Clothing,25.0,10.0,703,0,0.0,19
2026-03-11,3,Spring,1,Ramadan,P002,T-Shirt,Clothing,25.0,10.0,693,0,0.0,10
2026-03-12,3,Spring,1,Ramadan,P002,T-Shirt,Clothing,25.0,10.0,672,0,0.0,21
2026-03-13,3,Spring,1,Ramadan,P002,T-Shirt,Clothing,25.0,10.0,656,0,0.0,16
2026-03-14,3,Spring,1,Ramadan,P002,T-Shirt,Clothing,25.0,10.0,637,0,0.0,19
2026-03-15,3,Spring,1,Ramadan,P002,T-Shirt,Clothing,25.0,10.0,609,0,0.0,28
2026-03-16,3,Spring,1,Ramadan,P002,T-Shirt,Clothing,25.0,10.0,589,0,0.0,20
2026-03-17,3,Spring,1,Ramadan,P002,T-Shirt,Clothing,25.0,10.0,567,0,0.0,22
2026-03-18,3,Spring,1,Ramadan,P002,T-Shirt,Clothing,25.0,10.0,549,0,0.0,18
2026-03-19,3,Spring,1,Ramadan,P002,T-Shirt,Clothing,19.13,10.0,523,1,0.23480398381175852,26
2026-03-20,3,Spring,1,Ramadan,P002,T-Shirt,Clothing,25.0,10.0,508,0,0.0,15
2026-03-21,3,Spring,1,Ramadan,P002,T-Shirt,Clothing,25.0,10.0,479,0,0.0,29
2026-03-22,3,Spring,1,Ramadan,P002,T-Shirt,Clothing,25.0,10.0,463,0,0.0,16
2026-03-23,3,Spring,1,Ramadan,P002,T-Shirt,Clothing,25.0,10.0,448,0,0.0,15
2026-03-24,3,Spring,1,Ramadan,P002,T-Shirt,Clothing,25.0,10.0,431,0,0.0,17
2026-03-25,3,Spring,1,Ramadan,P002,T-Shirt,Clothing,25.0,10.0,407,0,0.0,24
2026-03-26,3,Spring,1,Ramadan,P002,T-Shirt,Clothing,25.0,10.0,392,0,0.0,15
2026-03-27,3,Spring,1,Ramadan,P002,T-Shirt,Clothing,20.63,10.0,367,1,0.17478420940256273,25
2026-03-28,3,Spring,1,Ramadan,P002,T-Shirt,Clothing,25.0,10.0,342,0,0.0,25
2026-03-29,3,Spring,1,Ramadan,P002,T-Shirt,Clothing,25.0,10.0,321,0,0.0,21
2026-03-30,3,Spring,1,Ramadan,P002,T-Shirt,Clothing,25.0,10.0,308,0,0.0,13
2026-03-31,3,Spring,1,Ramadan,P002,T-Shirt,Clothing,25.0,10.0,294,0,0.0,14
2026-04-01,4,Spring,0,None,P002,T-Shirt,Clothing,25.0,10.0,280,0,0.0,14
2026-04-02,4,Spring,0,None,P002,T-Shirt,Clothing,25.0,10.0,262,0,0.0,18
2026-04-03,4,Spring,0,None,P002,T-Shirt,Clothing,25.0,10.0,247,0,0.0,15
2026-04-04,4,Spring,0,None,P002,T-Shirt,Clothing,25.0,10.0,225,0,0.0,22
2026-04-05,4,Spring,0,None,P002,T-Shirt,Clothing,25.0,10.0,206,0,0.0,19
2026-04-06,4,Spring,0,None,P002,T-Shirt,Clothing,25.0,10.0,195,0,0.0,11
2026-04-07,4,Spring,0,None,P002,T-Shirt,Clothing,25.0,10.0,181,0,0.0,14
2026-04-08,4,Spring,0,None,P002,T-Shirt,Clothing,25.0,10.0,164,0,0.0,17
2026-04-09,4,Spring,1,Eid al-Fitr,P002,T-Shirt,Clothing,25.0,10.0,152,0,0.0,12
2026-04-10,4,Spring,1,Eid al-Fitr,P002,T-Shirt,Clothing,25.0,10.0,134,0,0.0,18
2026-04-11,4,Spring,0,None,P002,T-Shirt,Clothing,22.12,10.0,826,1,0.1151167227708134,29
2026-04-12,4,Spring,0,None,P002,T-Shirt,Clothing,25.0,10.0,806,0,0.0,20
2026-04-13,4,Spring,0,None,P002,T-Shirt,Clothing,25.0,10.0,789,0,0.0,17
2026-04-14,4,Spring,0,None,P002,T-Shirt,Clothing,25.0,10.0,776,0,0.0,13
2026-04-15,4,Spring,0,None,P002,T-Shirt,Clothing,17.67,10.0,743,1,0.29300307389089436,33
2026-04-16,4,Spring,0,None,P002,T-Shirt,Clothing,25.0,10.0,721,0,0.0,22
2026-04-17,4,Spring,0,None,P002,T-Shirt,Clothing,25.0,10.0,700,0,0.0,21
2026-04-18,4,Spring,0,None,P002,T-Shirt,Clothing,25.0,10.0,674,0,0.0,26
2026-04-19,4,Spring,0,None,P002,T-Shirt,Clothing,25.0,10.0,658,0,0.0,16
2026-04-20,4,Spring,0,None,P002,T-Shirt,Clothing,25.0,10.0,641,0,0.0,17
2026-04-21,4,Spring,0,None,P002,T-Shirt,Clothing,25.0,10.0,623,0,0.0,18
2026-04-22,4,Spring,0,None,P002,T-Shirt,Clothing,25.0,10.0,609,0,0.0,14
2026-04-23,4,Spring,0,None,P002,T-Shirt,Clothing,19.59,10.0,575,1,0.21658521136085263,34
2026-04-24,4,Spring,0,None,P002,T-Shirt,Clothing,25.0,10.0,555,0,0.0,20
2026-04-25,4,Spring,0,None,P002,T-Shirt,Clothing,25.0,10.0,532,0,0.0,23
2026-04-26,4,Spring,0,None,P002,T-Shirt,Clothing,25.0,10.0,506,0,0.0,26
2026-04-27,4,Spring,0,None,P002,T-Shirt,Clothing,25.0,10.0,492,0,0.0,14
2026-04-28,4,Spring,0,None,P002,T-Shirt,Clothing,25.0,10.0,475,0,0.0,17
2026-04-29,4,Spring,0,None,P002,T-Shirt,Clothing,18.76,10.0,449,1,0.24967686993524627,26
2026-04-30,4,Spring,0,None,P002,T-Shirt,Clothing,25.0,10.0,437,0,0.0,12
2026-05-01,5,Spring,0,None,P002,T-Shirt,Clothing,25.0,10.0,421,0,0.0,16
2026-05-02,5,Spring,0,None,P002,T-Shirt,Clothing,25.0,10.0,398,0,0.0,23
2026-05-03,5,Spring,0,None,P002,T-Shirt,Clothing,25.0,10.0,376,0,0.0,22
2026-05-04,5,Spring,0,None,P002,T-Shirt,Clothing,25.0,10.0,356,0,0.0,20
2026-05-05,5,Spring,0,None,P002,T-Shirt,Clothing,21.5,10.0,338,1,0.13985406729336017,18
2026-05-06,5,Spring,0,None,P002,T-Shirt,Clothing,25.0,10.0,323,0,0.0,15
2026-05-07,5,Spring,0,None,P002,T-Shirt,Clothing,25.0,10.0,308,0,0.0,15
2026-05-08,5,Spring,0,None,P002,T-Shirt,Clothing,25.0,10.0,291,0,0.0,17
2026-05-09,5,Spring,0,None,P002,T-Shirt,Clothing,25.0,10.0,271,0,0.0,20
2026-05-10,5,Spring,0,None,P002,T-Shirt,Clothing,25.0,10.0,251,0,0.0,20
2026-05-11,5,Spring,0,None,P002,T-Shirt,Clothing,25.0,10.0,233,0,0.0,18
2026-05-12,5,Spring,0,None,P002,T-Shirt,Clothing,25.0,10.0,214,0,0.0,19
2026-05-13,5,Spring,0,None,P002,T-Shirt,Clothing,25.0,10.0,195,0,0.0,19
2026-05-14,5,Spring,0,None,P002,T-Shirt,Clothing,25.0,10.0,176,0,0.0,19
2026-05-15,5,Spring,0,None,P002,T-Shirt,Clothing,25.0,10.0,163,0,0.0,13
2026-05-16,5,Spring,0,None,P002,T-Shirt,Clothing,25.0,10.0,144,0,0.0,19
2026-05-17,5,Spring,0,None,P002,T-Shirt,Clothing,25.0,10.0,738,0,0.0,23
2026-05-18,5,Spring,0,None,P002,T-Shirt,Clothing,25.0,10.0,727,0,0.0,11
2026-05-19,5,Spring,0,None,P002,T-Shirt,Clothing,25.0,10.0,708,0,0.0,19
2026-05-20,5,Spring,0,None,P002,T-Shirt,Clothing,25.0,10.0,687,0,0.0,21
2026-05-21,5,Spring,0,None,P002,T-Shirt,Clothing,25.0,10.0,667,0,0.0,20
2026-05-22,5,Spring,0,None,P002,T-Shirt,Clothing,25.0,10.0,647,0,0.0,20
2026-05-23,5,Spring,0,None,P002,T-Shirt,Clothing,25.0,10.0,629,0,0.0,18
2026-05-24,5,Spring,0,None,P002,T-Shirt,Clothing,25.0,10.0,604,0,0.0,25
2026-05-25,5,Spring,0,None,P002,T-Shirt,Clothing,18.38,10.0,576,1,0.2649486474694015,28
2026-05-26,5,Spring,0,None,P002,T-Shirt,Clothing,25.0,10.0,560,0,0.0,16
2026-05-27,5,Spring,0,None,P002,T-Shirt,Clothing,25.0,10.0,543,0,0.0,17
2026-05-28,5,Spring,0,None,P002,T-Shirt,Clothing,25.0,10.0,526,0,0.0,17
2026-05-29,5,Spring,0,None,P002,T-Shirt,Clothing,25.0,10.0,511,0,0.0,15
2026-05-30,5,Spring,0,None,P002,T-Shirt,Clothing,25.0,10.0,490,0,0.0,21
2026-05-31,5,Spring,0,None,P002,T-Shirt,Clothing,25.0,10.0,460,0,0.0,30
2026-06-01,6,Summer,0,None,P002,T-Shirt,Clothing,25.0,10.0,425,0,0.0,35
2026-06-02,6,Summer,0,None,P002,T-Shirt,Clothing,21.57,10.0,380,1,0.1371293409802486,45
2026-06-03,6,Summer,0,None,P002,T-Shirt,Clothing,25.0,10.0,342,0,0.0,38
2026-06-04,6,Summer,0,None,P002,T-Shirt,Clothing,25.0,10.0,304,0,0.0,38
2026-06-05,6,Summer,0,None,P002,T-Shirt,Clothing,25.0,10.0,275,0,0.0,29
2026-06-06,6,Summer,0,None,P002,T-Shirt,Clothing,25.0,10.0,238,0,0.0,37
2026-06-07,6,Summer,0,None,P002,T-Shirt,Clothing,25.0,10.0,211,0,0.0,27
2026-06-08,6,Summer,0,None,P002,T-Shirt,Clothing,25.0,10.0,170,0,0.0,41
2026-06-09,6,Summer,0,None,P002,T-Shirt,Clothing,25.0,10.0,138,0,0.0,32
2026-06-10,6,Summer,0,None,P002,T-Shirt,Clothing,25.0,10.0,954,0,0.0,45
2026-06-11,6,Summer,0,None,P002,T-Shirt,Clothing,25.0,10.0,916,0,0.0,38
2026-06-12,6,Summer,0,None,P002,T-Shirt,Clothing,25.0,10.0,896,0,0.0,20
2026-06-13,6,Summer,0,None,P002,T-Shirt,Clothing,25.0,10.0,850,0,0.0,46
2026-06-14,6,Summer,0,None,P002,T-Shirt,Clothing,25.0,10.0,810,0,0.0,40
2026-06-15,6,Summer,0,None,P002,T-Shirt,Clothing,25.0,10.0,770,0,0.0,40
2026-06-16,6,Summer,1,Eid al-Adha,P002,T-Shirt,Clothing,25.0,10.0,735,0,0.0,35
2026-06-17,6,Summer,1,Eid al-Adha,P002,T-Shirt,Clothing,25.0,10.0,695,0,0.0,40
2026-06-18,6,Summer,0,None,P002,T-Shirt,Clothing,25.0,10.0,653,0,0.0,42
2026-06-19,6,Summer,0,None,P002,T-Shirt,Clothing,25.0,10.0,612,0,0.0,41
2026-06-20,6,Summer,0,None,P002,T-Shirt,Clothing,25.0,10.0,573,0,0.0,39
2026-06-21,6,Summer,0,None,P002,T-Shirt,Clothing,25.0,10.0,529,0,0.0,44
2026-06-22,6,Summer,0,None,P002,T-Shirt,Clothing,25.0,10.0,494,0,0.0,35
2026-06-23,6,Summer,0,None,P002,T-Shirt,Clothing,18.91,10.0,437,1,0.24374792357070604,57
2026-06-24,6,Summer,0,None,P002,T-Shirt,Clothing,25.0,10.0,387,0,0.0,50
2026-06-25,6,Summer,0,None,P002,T-Shirt,Clothing,22.4,10.0,349,1,0.1038257932874574,38
2026-06-26,6,Summer,0,None,P002,T-Shirt,Clothing,25.0,10.0,321,0,0.0,28
2026-06-27,6,Summer,0,None,P002,T-Shirt,Clothing,25.0,10.0,249,0,0.0,72
2026-06-28,6,Summer,0,None,P002,T-Shirt,Clothing,25.0,10.0,197,0,0.0,52
2026-06-29,6,Summer,0,None,P002,T-Shirt,Clothing,20.54,10.0,154,1,0.17820657382547972,43
2026-06-30,6,Summer,0,None,P002,T-Shirt,Clothing,25.0,10.0,122,0,0.0,32
2026-07-01,7,Summer,0,None,P002,T-Shirt,Clothing,25.0,10.0,824,0,0.0,25
2026-07-02,7,Summer,0,None,P002,T-Shirt,Clothing,25.0,10.0,801,0,0.0,23
2026-07-03,7,Summer,0,None,P002,T-Shirt,Clothing,25.0,10.0,771,0,0.0,30
2026-07-04,7,Summer,0,None,P002,T-Shirt,Clothing,25.0,10.0,718,0,0.0,53
2026-07-05,7,Summer,0,None,P002,T-Shirt,Clothing,25.0,10.0,667,0,0.0,51
2026-07-06,7,Summer,0,None,P002,T-Shirt,Clothing,25.0,10.0,623,0,0.0,44
2026-07-07,7,Summer,0,None,P002,T-Shirt,Clothing,25.0,10.0,593,0,0.0,30
2026-07-08,7,Summer,0,None,P002,T-Shirt,Clothing,25.0,10.0,554,0,0.0,39
2026-07-09,7,Summer,0,None,P002,T-Shirt,Clothing,25.0,10.0,524,0,0.0,30
2026-07-10,7,Summer,0,None,P002,T-Shirt,Clothing,25.0,10.0,482,0,0.0,42
2026-07-11,7,Summer,0,None,P002,T-Shirt,Clothing,25.0,10.0,433,0,0.0,49
2026-07-12,7,Summer,0,None,P002,T-Shirt,Clothing,25.0,10.0,399,0,0.0,34
2026-07-13,7,Summer,0,None,P002,T-Shirt,Clothing,18.54,10.0,343,1,0.25855162271456256,56
2026-07-14,7,Summer,0,None,P002,T-Shirt,Clothing,25.0,10.0,312,0,0.0,31
2026-07-15,7,Summer,0,None,P002,T-Shirt,Clothing,25.0,10.0,283,0,0.0,29
2026-07-16,7,Summer,0,None,P002,T-Shirt,Clothing,18.88,10.0,218,1,0.24468873247098238,65
2026-07-17,7,Summer,0,None,P002,T-Shirt,Clothing,25.0,10.0,178,0,0.0,40
2026-07-18,7,Summer,0,None,P002,T-Shirt,Clothing,25.0,10.0,126,0,0.0,52
2026-07-19,7,Summer,0,None,P002,T-Shirt,Clothing,25.0,10.0,748,0,0.0,46
2026-07-20,7,Summer,0,None,P002,T-Shirt,Clothing,25.0,10.0,700,0,0.0,48
2026-07-21,7,Summer,0,None,P002,T-Shirt,Clothing,25.0,10.0,664,0,0.0,36
2026-07-22,7,Summer,0,None,P002,T-Shirt,Clothing,20.56,10.0,603,1,0.17756521798338626,61
2026-07-23,7,Summer,0,None,P002,T-Shirt,Clothing,25.0,10.0,566,0,0.0,37
2026-07-24,7,Summer,0,None,P002,T-Shirt,Clothing,18.11,10.0,508,1,0.2754700906265677,58
2026-07-25,7,Summer,0,None,P002,T-Shirt,Clothing,25.0,10.0,455,0,0.0,53
2026-07-26,7,Summer,0,None,P002,T-Shirt,Clothing,19.26,10.0,384,1,0.22966360149041912,71
2026-07-27,7,Summer,0,None,P002,T-Shirt,Clothing,20.62,10.0,337,1,0.17509378569330009,47
2026-07-28,7,Summer,0,None,P002,T-Shirt,Clothing,25.0,10.0,290,0,0.0,47
2026-07-29,7,Summer,0,None,P002,T-Shirt,Clothing,25.0,10.0,261,0,0.0,29
2026-07-30,7,Summer,0,None,P002,T-Shirt,Clothing,25.0,10.0,229,0,0.0,32
2026-07-31,7,Summer,0,None,P002,T-Shirt,Clothing,25.0,10.0,193,0,0.0,36
2026-08-01,8,Summer,0,None,P002,T-Shirt,Clothing,25.0,10.0,151,0,0.0,42
2026-08-02,8,Summer,0,None,P002,T-Shirt,Clothing,25.0,10.0,90,0,0.0,61
2026-08-03,8,Summer,0,None,P002,T-Shirt,Clothing,25.0,10.0,499,0,0.0,44
2026-08-04,8,Summer,0,None,P002,T-Shirt,Clothing,25.0,10.0,464,0,0.0,35
2026-08-05,8,Summer,0,None,P002,T-Shirt,Clothing,25.0,10.0,427,0,0.0,37
2026-08-06,8,Summer,0,None,P002,T-Shirt,Clothing,25.0,10.0,396,0,0.0,31
2026-08-07,8,Summer,0,None,P002,T-Shirt,Clothing,25.0,10.0,358,0,0.0,38
2026-08-08,8,Summer,0,None,P002,T-Shirt,Clothing,25.0,10.0,303,0,0.0,55
2026-08-09,8,Summer,0,None,P002,T-Shirt,Clothing,25.0,10.0,247,0,0.0,56
2026-08-10,8,Summer,0,None,P002,T-Shirt,Clothing,25.0,10.0,207,0,0.0,40
2026-08-11,8,Summer,0,None,P002,T-Shirt,Clothing,25.0,10.0,176,0,0.0,31
2026-08-12,8,Summer,0,None,P002,T-Shirt,Clothing,25.0,10.0,142,0,0.0,34
2026-08-13,8,Summer,0,None,P002,T-Shirt,Clothing,25.0,10.0,959,0,0.0,33
2026-08-14,8,Summer,0,None,P002,T-Shirt,Clothing,25.0,10.0,918,0,0.0,41
2026-08-15,8,Summer,0,None,P002,T-Shirt,Clothing,25.0,10.0,856,0,0.0,62
2026-08-16,8,Summer,0,None,P002,T-Shirt,Clothing,25.0,10.0,790,0,0.0,66
2026-08-17,8,Summer,0,None,P002,T-Shirt,Clothing,25.0,10.0,745,0,0.0,45
2026-08-18,8,Summer,0,None,P002,T-Shirt,Clothing,25.0,10.0,715,0,0.0,30
2026-08-19,8,Summer,0,None,P002,T-Shirt,Clothing,25.0,10.0,671,0,0.0,44
2026-08-20,8,Summer,0,None,P002,T-Shirt,Clothing,25.0,10.0,640,0,0.0,31
2026-08-21,8,Summer,0,None,P002,T-Shirt,Clothing,25.0,10.0,608,0,0.0,32
2026-08-22,8,Summer,0,None,P002,T-Shirt,Clothing,25.0,10.0,573,0,0.0,35
2026-08-23,8,Summer,0,None,P002,T-Shirt,Clothing,19.02,10.0,501,1,0.23923122902758504,72
2026-08-24,8,Summer,0,None,P002,T-Shirt,Clothing,25.0,10.0,460,0,0.0,41
2026-08-25,8,Summer,0,None,P002,T-Shirt,Clothing,25.0,10.0,415,0,0.0,45
2026-08-26,8,Summer,0,None,P002,T-Shirt,Clothing,25.0,10.0,386,0,0.0,29
2026-08-27,8,Summer,0,None,P002,T-Shirt,Clothing,25.0,10.0,342,0,0.0,44
2026-08-28,8,Summer,0,None,P002,T-Shirt,Clothing,25.0,10.0,314,0,0.0,28
2026-08-29,8,Summer,0,None,P002,T-Shirt,Clothing,25.0,10.0,274,0,0.0,40
2026-08-30,8,Summer,0,None,P002,T-Shirt,Clothing,25.0,10.0,221,0,0.0,53
2026-08-31,8,Summer,0,None,P002,T-Shirt,Clothing,25.0,10.0,194,0,0.0,27
2026-09-01,9,Autumn,1,Back_to_school,P002,T-Shirt,Clothing,25.0,10.0,178,0,0.0,16
2026-09-02,9,Autumn,1,Back_to_school,P002,T-Shirt,Clothing,25.0,10.0,162,0,0.0,16
2026-09-03,9,Autumn,1,Back_to_school,P002,T-Shirt,Clothing,25.0,10.0,147,0,0.0,15
2026-09-04,9,Autumn,1,Back_to_school,P002,T-Shirt,Clothing,25.0,10.0,749,0,0.0,13
2026-09-05,9,Autumn,1,Back_to_school,P002,T-Shirt,Clothing,21.2,10.0,722,1,0.15191528985500985,27
2026-09-06,9,Autumn,1,Back_to_school,P002,T-Shirt,Clothing,19.17,10.0,703,1,0.2333694782611316,19
2026-09-07,9,Autumn,1,Back_to_school,P002,T-Shirt,Clothing,25.0,10.0,686,0,0.0,17
2026-09-08,9,Autumn,1,Back_to_school,P002,T-Shirt,Clothing,25.0,10.0,672,0,0.0,14
2026-09-09,9,Autumn,1,Back_to_school,P002,T-Shirt,Clothing,25.0,10.0,659,0,0.0,13
2026-09-10,9,Autumn,1,Back_to_school,P002,T-Shirt,Clothing,25.0,10.0,643,0,0.0,16
2026-09-11,9,Autumn,1,Back_to_school,P002,T-Shirt,Clothing,22.03,10.0,622,1,0.11898358736433395,21
2026-09-12,9,Autumn,1,Back_to_school,P002,T-Shirt,Clothing,25.0,10.0,601,0,0.0,21
2026-09-13,9,Autumn,1,Back_to_school,P002,T-Shirt,Clothing,25.0,10.0,586,0,0.0,15
2026-09-14,9,Autumn,1,Back_to_school,P002,T-Shirt,Clothing,20.7,10.0,567,1,0.17208536542829722,19
2026-09-15,9,Autumn,1,Back_to_school,P002,T-Shirt,Clothing,25.0,10.0,558,0,0.0,9
2026-09-16,9,Autumn,0,None,P002,T-Shirt,Clothing,25.0,10.0,542,0,0.0,16
2026-09-17,9,Autumn,0,None,P002,T-Shirt,Clothing,25.0,10.0,523,0,0.0,19
2026-09-18,9,Autumn,0,None,P002,T-Shirt,Clothing,18.31,10.0,498,1,0.2674239255661304,25
2026-09-19,9,Autumn,0,None,P002,T-Shirt,Clothing,25.0,10.0,471,0,0.0,27
2026-09-20,9,Autumn,0,None,P002,T-Shirt,Clothing,25.0,10.0,448,0,0.0,23
2026-09-21,9,Autumn,0,None,P002,T-Shirt,Clothing,25.0,10.0,433,0,0.0,15
2026-09-22,9,Autumn,0,None,P002,T-Shirt,Clothing,25.0,10.0,418,0,0.0,15
2026-09-23,9,Autumn,0,None,P002,T-Shirt,Clothing,25.0,10.0,406,0,0.0,12
2026-09-24,9,Autumn,0,None,P002,T-Shirt,Clothing,25.0,10.0,387,0,0.0,19
2026-09-25,9,Autumn,0,None,P002,T-Shirt,Clothing,25.0,10.0,371,0,0.0,16
2026-09-26,9,Autumn,0,None,P002,T-Shirt,Clothing,25.0,10.0,360,0,0.0,11
2024-09-27,9,Autumn,0,None,P003,School Bag,Accessories,120.0,40.0,138,0,0.0,12
2024-09-28,9,Autumn,0,None,P003,School Bag,Accessories,120.0,40.0,126,0,0.0,12
2024-09-29,9,Autumn,0,None,P003,School Bag,Accessories,120.0,40.0,112,0,0.0,14
2024-09-30,9,Autumn,0,None,P003,School Bag,Accessories,120.0,40.0,102,0,0.0,10
2024-10-01,10,Autumn,0,None,P003,School Bag,Accessories,120.0,40.0,92,0,0.0,10
2024-10-02,10,Autumn,0,None,P003,School Bag,Accessories,92.54,40.0,76,1,0.2288513447301623,16
2024-10-03,10,Autumn,0,None,P003,School Bag,Accessories,120.0,40.0,66,0,0.0,10
2024-10-04,10,Autumn,0,None,P003,School Bag,Accessories,120.0,40.0,58,0,0.0,8
2024-10-05,10,Autumn,0,None,P003,School Bag,Accessories,120.0,40.0,49,0,0.0,9
2024-10-06,10,Autumn,0,None,P003,School Bag,Accessories,94.09,40.0,32,1,0.21594523141944494,17
2024-10-07,10,Autumn,0,None,P003,School Bag,Accessories,120.0,40.0,23,0,0.0,9
2024-10-08,10,Autumn,0,None,P003,School Bag,Accessories,120.0,40.0,16,0,0.0,7
2024-10-09,10,Autumn,0,None,P003,School Bag,Accessories,120.0,40.0,107,0,0.0,10
2024-10-10,10,Autumn,0,None,P003,School Bag,Accessories,120.0,40.0,97,0,0.0,10
2024-10-11,10,Autumn,0,None,P003,School Bag,Accessories,120.0,40.0,87,0,0.0,10
2024-10-12,10,Autumn,0,None,P003,School Bag,Accessories,90.23,40.0,64,1,0.24811294465190198,23
2024-10-13,10,Autumn,0,None,P003,School Bag,Accessories,93.74,40.0,47,1,0.21881655611394246,17
2024-10-14,10,Autumn,0,None,P003,School Bag,Accessories,120.0,40.0,37,0,0.0,10
2024-10-15,10,Autumn,0,None,P003,School Bag,Accessories,120.0,40.0,30,0,0.0,7
2024-10-16,10,Autumn,0,None,P003,School Bag,Accessories,120.0,40.0,19,0,0.0,11
2024-10-17,10,Autumn,0,None,P003,School Bag,Accessories,120.0,40.0,102,0,0.0,12
2024-10-18,10,Autumn,0,None,P003,School Bag,Accessories,120.0,40.0,94,0,0.0,8
2024-10-19,10,Autumn,0,None,P003,School Bag,Accessories,120.0,40.0,83,0,0.0,11
2024-10-20,10,Autumn,0,None,P003,School Bag,Accessories,120.0,40.0,72,0,0.0,11
2024-10-21,10,Autumn,0,None,P003,School Bag,Accessories,120.0,40.0,61,0,0.0,11
2024-10-22,10,Autumn,0,None,P003,School Bag,Accessories,120.0,40.0,51,0,0.0,10
2024-10-23,10,Autumn,0,None,P003,School Bag,Accessories,120.0,40.0,43,0,0.0,8
2024-10-24,10,Autumn,0,None,P003,School Bag,Accessories,120.0,40.0,37,0,0.0,6
2024-10-25,10,Autumn,0,None,P003,School Bag,Accessories,120.0,40.0,28,0,0.0,9
2024-10-26,10,Autumn,0,None,P003,School Bag,Accessories,120.0,40.0,14,0,0.0,14
2024-10-27,10,Autumn,0,None,P003,School Bag,Accessories,120.0,40.0,109,0,0.0,12
2024-10-28,10,Autumn,0,None,P003,School Bag,Accessories,85.38,40.0,98,1,0.28847669080045535,11
2024-10-29,10,Autumn,0,None,P003,School Bag,Accessories,97.48,40.0,84,1,0.18769134305011564,14
2024-10-30,10,Autumn,0,None,P003,School Bag,Accessories,120.0,40.0,74,0,0.0,10
2024-10-31,10,Autumn,0,None,P003,School Bag,Accessories,120.0,40.0,63,0,0.0,11
2024-11-01,11,Autumn,0,None,P003,School Bag,Accessories,120.0,40.0,56,0,0.0,7
2024-11-02,11,Autumn,0,None,P003,School Bag,Accessories,88.16,40.0,42,1,0.26532366910049776,14
2024-11-03,11,Autumn,0,None,P003,School Bag,Accessories,120.0,40.0,33,0,0.0,9
2024-11-04,11,Autumn,0,None,P003,School Bag,Accessories,120.0,40.0,22,0,0.0,11
2024-11-05,11,Autumn,0,None,P003,School Bag,Accessories,120.0,40.0,9,0,0.0,13
2024-11-06,11,Autumn,0,None,P003,School Bag,Accessories,120.0,40.0,90,0,0.0,7
2024-11-07,11,Autumn,0,None,P003,School Bag,Accessories,103.82,40.0,81,1,0.1348486803290759,9
2024-11-08,11,Autumn,0,None,P003,School Bag,Accessories,120.0,40.0,71,0,0.0,10
2024-11-09,11,Autumn,0,None,P003,School Bag,Accessories,120.0,40.0,59,0,0.0,12
2024-11-10,11,Autumn,0,None,P003,School Bag,Accessories,120.0,40.0,49,0,0.0,10
2024-11-11,11,Autumn,0,None,P003,School Bag,Accessories,120.0,40.0,42,0,0.0,7
2024-11-12,11,Autumn,0,None,P003,School Bag,Accessories,120.0,40.0,32,0,0.0,10
2024-11-13,11,Autumn,0,None,P003,School Bag,Accessories,120.0,40.0,22,0,0.0,10
2024-11-14,11,Autumn,0,None,P003,School Bag,Accessories,120.0,40.0,9,0,0.0,13
2024-11-15,11,Autumn,0,None,P003,School Bag,Accessories,95.45,40.0,110,1,0.20455202831237396,15
2024-11-16,11,Autumn,0,None,P003,School Bag,Accessories,120.0,40.0,96,0,0.0,14
2024-11-17,11,Autumn,0,None,P003,School Bag,Accessories,120.0,40.0,78,0,0.0,18
2024-11-18,11,Autumn,0,None,P003,School Bag,Accessories,120.0,40.0,68,0,0.0,10
2024-11-19,11,Autumn,0,None,P003,School Bag,Accessories,120.0,40.0,59,0,0.0,9
2024-11-20,11,Autumn,0,None,P003,School Bag,Accessories,120.0,40.0,49,0,0.0,10
2024-11-21,11,Autumn,0,None,P003,School Bag,Accessories,120.0,40.0,45,0,0.0,4
2024-11-22,11,Autumn,0,None,P003,School Bag,Accessories,120.0,40.0,35,0,0.0,10
2024-11-23,11,Autumn,0,None,P003,School Bag,Accessories,120.0,40.0,19,0,0.0,16
2024-11-24,11,Autumn,0,None,P003,School Bag,Accessories,120.0,40.0,95,0,0.0,14
2024-11-25,11,Autumn,0,None,P003,School Bag,Accessories,120.0,40.0,86,0,0.0,9
2024-11-26,11,Autumn,0,None,P003,School Bag,Accessories,120.0,40.0,78,0,0.0,8
2024-11-27,11,Autumn,0,None,P003,School Bag,Accessories,120.0,40.0,69,0,0.0,9
2024-11-28,11,Autumn,0,None,P003,School Bag,Accessories,120.0,40.0,60,0,0.0,9
2024-11-29,11,Autumn,0,None,P003,School Bag,Accessories,120.0,40.0,48,0,0.0,12
2024-11-30,11,Autumn,0,None,P003,School Bag,Accessories,120.0,40.0,32,0,0.0,16
2024-12-01,12,Winter,0,None,P003,School Bag,Accessories,120.0,40.0,31,0,0.0,1
2024-12-02,12,Winter,0,None,P003,School Bag,Accessories,120.0,40.0,31,0,0.0,0
2024-12-03,12,Winter,0,None,P003,School Bag,Accessories,120.0,40.0,30,0,0.0,1
2024-12-04,12,Winter,0,None,P003,School Bag,Accessories,120.0,40.0,29,0,0.0,1
2024-12-05,12,Winter,0,None,P003,School Bag,Accessories,120.0,40.0,29,0,0.0,0
2024-12-06,12,Winter,0,None,P003,School Bag,Accessories,120.0,40.0,28,0,0.0,1
2024-12-07,12,Winter,0,None,P003,School Bag,Accessories,120.0,40.0,28,0,0.0,0
2024-12-08,12,Winter,0,None,P003,School Bag,Accessories,120.0,40.0,27,0,0.0,1
2024-12-09,12,Winter,0,None,P003,School Bag,Accessories,120.0,40.0,26,0,0.0,1
2024-12-10,12,Winter,0,None,P003,School Bag,Accessories,98.96,40.0,25,1,0.17530605755785966,1
2024-12-11,12,Winter,0,None,P003,School Bag,Accessories,120.0,40.0,25,0,0.0,0
2024-12-12,12,Winter,0,None,P003,School Bag,Accessories,120.0,40.0,25,0,0.0,0
2024-12-13,12,Winter,0,None,P003,School Bag,Accessories,120.0,40.0,25,0,0.0,0
2024-12-14,12,Winter,0,None,P003,School Bag,Accessories,120.0,40.0,24,0,0.0,1
2024-12-15,12,Winter,0,None,P003,School Bag,Accessories,120.0,40.0,23,0,0.0,1
2024-12-16,12,Winter,0,None,P003,School Bag,Accessories,120.0,40.0,22,0,0.0,1
2024-12-17,12,Winter,0,None,P003,School Bag,Accessories,120.0,40.0,21,0,0.0,1
2024-12-18,12,Winter,0,None,P003,School Bag,Accessories,120.0,40.0,20,0,0.0,1
2024-12-19,12,Winter,0,None,P003,School Bag,Accessories,120.0,40.0,19,0,0.0,1
2024-12-20,12,Winter,0,None,P003,School Bag,Accessories,120.0,40.0,120,0,0.0,1
2024-12-21,12,Winter,0,None,P003,School Bag,Accessories,92.48,40.0,118,1,0.22932008878973237,2
2024-12-22,12,Winter,0,None,P003,School Bag,Accessories,120.0,40.0,117,0,0.0,1
2024-12-23,12,Winter,0,None,P003,School Bag,Accessories,120.0,40.0,116,0,0.0,1
2024-12-24,12,Winter,0,None,P003,School Bag,Accessories,120.0,40.0,116,0,0.0,0
2024-12-25,12,Winter,0,None,P003,School Bag,Accessories,120.0,40.0,115,0,0.0,1
2024-12-26,12,Winter,0,None,P003,School Bag,Accessories,120.0,40.0,115,0,0.0,0
2024-12-27,12,Winter,0,None,P003,School Bag,Accessories,120.0,40.0,114,0,0.0,1
2024-12-28,12,Winter,0,None,P003,School Bag,Accessories,120.0,40.0,113,0,0.0,1
2024-12-29,12,Winter,0,None,P003,School Bag,Accessories,120.0,40.0,112,0,0.0,1
2024-12-30,12,Winter,0,None,P003,School Bag,Accessories,120.0,40.0,111,0,0.0,1
2024-12-31,12,Winter,0,None,P003,School Bag,Accessories,120.0,40.0,110,0,0.0,1
2025-01-01,1,Winter,0,None,P003,School Bag,Accessories,94.36,40.0,109,1,0.21369297970158796,1
2025-01-02,1,Winter,0,None,P003,School Bag,Accessories,120.0,40.0,108,0,0.0,1
2025-01-03,1,Winter,0,None,P003,School Bag,Accessories,120.0,40.0,108,0,0.0,0
2025-01-04,1,Winter,0,None,P003,School Bag,Accessories,120.0,40.0,107,0,0.0,1
2025-01-05,1,Winter,0,None,P003,School Bag,Accessories,120.0,40.0,106,0,0.0,1
2025-01-06,1,Winter,0,None,P003,School Bag,Accessories,120.0,40.0,106,0,0.0,0
2025-01-07,1,Winter,0,None,P003,School Bag,Accessories,120.0,40.0,106,0,0.0,0
2025-01-08,1,Winter,0,None,P003,School Bag,Accessories,92.71,40.0,105,1,0.2274189401648885,1
2025-01-09,1,Winter,0,None,P003,School Bag,Accessories,120.0,40.0,105,0,0.0,0
2025-01-10,1,Winter,0,None,P003,School Bag,Accessories,120.0,40.0,104,0,0.0,1
2025-01-11,1,Winter,0,None,P003,School Bag,Accessories,120.0,40.0,103,0,0.0,1
2025-01-12,1,Winter,0,None,P003,School Bag,Accessories,120.0,40.0,102,0,0.0,1
2025-01-13,1,Winter,0,None,P003,School Bag,Accessories,120.0,40.0,102,0,0.0,0
2025-01-14,1,Winter,0,None,P003,School Bag,Accessories,120.0,40.0,102,0,0.0,0
2025-01-15,1,Winter,0,None,P003,School Bag,Accessories,120.0,40.0,102,0,0.0,0
2025-01-16,1,Winter,0,None,P003,School Bag,Accessories,120.0,40.0,102,0,0.0,0
2025-01-17,1,Winter,0,None,P003,School Bag,Accessories,120.0,40.0,102,0,0.0,0
2025-01-18,1,Winter,0,None,P003,School Bag,Accessories,120.0,40.0,101,0,0.0,1
2025-01-19,1,Winter,0,None,P003,School Bag,Accessories,84.2,40.0,99,1,0.2983392146744903,2
2025-01-20,1,Winter,0,None,P003,School Bag,Accessories,120.0,40.0,98,0,0.0,1
2025-01-21,1,Winter,0,None,P003,School Bag,Accessories,120.0,40.0,98,0,0.0,0
2025-01-22,1,Winter,0,None,P003,School Bag,Accessories,120.0,40.0,98,0,0.0,0
2025-01-23,1,Winter,0,None,P003,School Bag,Accessories,120.0,40.0,98,0,0.0,0
2025-01-24,1,Winter,0,None,P003,School Bag,Accessories,120.0,40.0,98,0,0.0,0
2025-01-25,1,Winter,0,None,P003,School Bag,Accessories,120.0,40.0,98,0,0.0,0
2025-01-26,1,Winter,0,None,P003,School Bag,Accessories,120.0,40.0,97,0,0.0,1
2025-01-27,1,Winter,0,None,P003,School Bag,Accessories,120.0,40.0,97,0,0.0,0
2025-01-28,1,Winter,0,None,P003,School Bag,Accessories,120.0,40.0,96,0,0.0,1
2025-01-29,1,Winter,0,None,P003,School Bag,Accessories,120.0,40.0,95,0,0.0,1
2025-01-30,1,Winter,0,None,P003,School Bag,Accessories,120.0,40.0,94,0,0.0,1
2025-01-31,1,Winter,0,None,P003,School Bag,Accessories,120.0,40.0,94,0,0.0,0
2025-02-01,2,Winter,0,None,P003,School Bag,Accessories,120.0,40.0,93,0,0.0,1
2025-02-02,2,Winter,0,None,P003,School Bag,Accessories,120.0,40.0,92,0,0.0,1
2025-02-03,2,Winter,0,None,P003,School Bag,Accessories,120.0,40.0,91,0,0.0,1
2025-02-04,2,Winter,0,None,P003,School Bag,Accessories,120.0,40.0,91,0,0.0,0
2025-02-05,2,Winter,0,None,P003,School Bag,Accessories,120.0,40.0,90,0,0.0,1
2025-02-06,2,Winter,0,None,P003,School Bag,Accessories,120.0,40.0,89,0,0.0,1
2025-02-07,2,Winter,0,None,P003,School Bag,Accessories,120.0,40.0,88,0,0.0,1
2025-02-08,2,Winter,0,None,P003,School Bag,Accessories,120.0,40.0,87,0,0.0,1
2025-02-09,2,Winter,0,None,P003,School Bag,Accessories,120.0,40.0,86,0,0.0,1
2025-02-10,2,Winter,0,None,P003,School Bag,Accessories,120.0,40.0,85,0,0.0,1
2025-02-11,2,Winter,0,None,P003,School Bag,Accessories,120.0,40.0,85,0,0.0,0
2025-02-12,2,Winter,0,None,P003,School Bag,Accessories,120.0,40.0,84,0,0.0,1
2025-02-13,2,Winter,0,None,P003,School Bag,Accessories,120.0,40.0,83,0,0.0,1
2025-02-14,2,Winter,0,None,P003,School Bag,Accessories,120.0,40.0,82,0,0.0,1
2025-02-15,2,Winter,0,None,P003,School Bag,Accessories,106.18,40.0,81,1,0.11513222078082218,1
2025-02-16,2,Winter,0,None,P003,School Bag,Accessories,120.0,40.0,80,0,0.0,1
2025-02-17,2,Winter,0,None,P003,School Bag,Accessories,120.0,40.0,80,0,0.0,0
2025-02-18,2,Winter,0,None,P003,School Bag,Accessories,120.0,40.0,79,0,0.0,1
2025-02-19,2,Winter,0,None,P003,School Bag,Accessories,120.0,40.0,78,0,0.0,1
2025-02-20,2,Winter,0,None,P003,School Bag,Accessories,120.0,40.0,77,0,0.0,1
2025-02-21,2,Winter,0,None,P003,School Bag,Accessories,120.0,40.0,77,0,0.0,0
2025-02-22,2,Winter,0,None,P003,School Bag,Accessories,120.0,40.0,77,0,0.0,0
2025-02-23,2,Winter,0,None,P003,School Bag,Accessories,120.0,40.0,76,0,0.0,1
2025-02-24,2,Winter,0,None,P003,School Bag,Accessories,120.0,40.0,76,0,0.0,0
2025-02-25,2,Winter,0,None,P003,School Bag,Accessories,120.0,40.0,76,0,0.0,0
2025-02-26,2,Winter,0,None,P003,School Bag,Accessories,95.43,40.0,75,1,0.2047172970442906,1
2025-02-27,2,Winter,0,None,P003,School Bag,Accessories,120.0,40.0,74,0,0.0,1
2025-02-28,2,Winter,0,None,P003,School Bag,Accessories,120.0,40.0,74,0,0.0,0
2025-03-01,3,Spring,0,None,P003,School Bag,Accessories,120.0,40.0,73,0,0.0,1
2025-03-02,3,Spring,0,None,P003,School Bag,Accessories,120.0,40.0,73,0,0.0,0
2025-03-03,3,Spring,0,None,P003,School Bag,Accessories,120.0,40.0,72,0,0.0,1
2025-03-04,3,Spring,0,None,P003,School Bag,Accessories,120.0,40.0,71,0,0.0,1
2025-03-05,3,Spring,0,None,P003,School Bag,Accessories,120.0,40.0,70,0,0.0,1
2025-03-06,3,Spring,0,None,P003,School Bag,Accessories,120.0,40.0,69,0,0.0,1
2025-03-07,3,Spring,0,None,P003,School Bag,Accessories,120.0,40.0,68,0,0.0,1
2025-03-08,3,Spring,0,None,P003,School Bag,Accessories,120.0,40.0,67,0,0.0,1
2025-03-09,3,Spring,0,None,P003,School Bag,Accessories,120.0,40.0,66,0,0.0,1
2025-03-10,3,Spring,1,Ramadan,P003,School Bag,Accessories,120.0,40.0,66,0,0.0,0
2025-03-11,3,Spring,1,Ramadan,P003,School Bag,Accessories,120.0,40.0,65,0,0.0,1
2025-03-12,3,Spring,1,Ramadan,P003,School Bag,Accessories,120.0,40.0,65,0,0.0,0
2025-03-13,3,Spring,1,Ramadan,P003,School Bag,Accessories,120.0,40.0,64,0,0.0,1
2025-03-14,3,Spring,1,Ramadan,P003,School Bag,Accessories,120.0,40.0,64,0,0.0,0
2025-03-15,3,Spring,1,Ramadan,P003,School Bag,Accessories,120.0,40.0,63,0,0.0,1
2025-03-16,3,Spring,1,Ramadan,P003,School Bag,Accessories,120.0,40.0,62,0,0.0,1
2025-03-17,3,Spring,1,Ramadan,P003,School Bag,Accessories,120.0,40.0,62,0,0.0,0
2025-03-18,3,Spring,1,Ramadan,P003,School Bag,Accessories,120.0,40.0,61,0,0.0,1
2025-03-19,3,Spring,1,Ramadan,P003,School Bag,Accessories,100.33,40.0,60,1,0.1639304110584125,1
2025-03-20,3,Spring,1,Ramadan,P003,School Bag,Accessories,120.0,40.0,59,0,0.0,1
2025-03-21,3,Spring,1,Ramadan,P003,School Bag,Accessories,120.0,40.0,59,0,0.0,0
2025-03-22,3,Spring,1,Ramadan,P003,School Bag,Accessories,120.0,40.0,58,0,0.0,1
2025-03-23,3,Spring,1,Ramadan,P003,School Bag,Accessories,120.0,40.0,57,0,0.0,1
2025-03-24,3,Spring,1,Ramadan,P003,School Bag,Accessories,120.0,40.0,57,0,0.0,0
2025-03-25,3,Spring,1,Ramadan,P003,School Bag,Accessories,120.0,40.0,57,0,0.0,0
2025-03-26,3,Spring,1,Ramadan,P003,School Bag,Accessories,120.0,40.0,57,0,0.0,0
2025-03-27,3,Spring,1,Ramadan,P003,School Bag,Accessories,120.0,40.0,57,0,0.0,0
2025-03-28,3,Spring,1,Ramadan,P003,School Bag,Accessories,120.0,40.0,56,0,0.0,1
2025-03-29,3,Spring,1,Ramadan,P003,School Bag,Accessories,96.85,40.0,55,1,0.19292263376179417,1
2025-03-30,3,Spring,1,Ramadan,P003,School Bag,Accessories,120.0,40.0,54,0,0.0,1
2025-03-31,3,Spring,1,Ramadan,P003,School Bag,Accessories,100.44,40.0,53,1,0.16296516587032978,1
2025-04-01,4,Spring,0,None,P003,School Bag,Accessories,89.26,40.0,52,1,0.2561927727288871,1
2025-04-02,4,Spring,0,None,P003,School Bag,Accessories,120.0,40.0,52,0,0.0,0
2025-04-03,4,Spring,0,None,P003,School Bag,Accessories,120.0,40.0,52,0,0.0,0
2025-04-04,4,Spring,0,None,P003,School Bag,Accessories,120.0,40.0,52,0,0.0,0
2025-04-05,4,Spring,0,None,P003,School Bag,Accessories,120.0,40.0,52,0,0.0,0
2025-04-06,4,Spring,0,None,P003,School Bag,Accessories,120.0,40.0,51,0,0.0,1
2025-04-07,4,Spring,0,None,P003,School Bag,Accessories,120.0,40.0,51,0,0.0,0
2025-04-08,4,Spring,0,None,P003,School Bag,Accessories,120.0,40.0,50,0,0.0,1
2025-04-09,4,Spring,1,Eid al-Fitr,P003,School Bag,Accessories,120.0,40.0,49,0,0.0,1
2025-04-10,4,Spring,1,Eid al-Fitr,P003,School Bag,Accessories,120.0,40.0,48,0,0.0,1
2025-04-11,4,Spring,0,None,P003,School Bag,Accessories,120.0,40.0,48,0,0.0,0
2025-04-12,4,Spring,0,None,P003,School Bag,Accessories,120.0,40.0,47,0,0.0,1
2025-04-13,4,Spring,0,None,P003,School Bag,Accessories,120.0,40.0,46,0,0.0,1
2025-04-14,4,Spring,0,None,P003,School Bag,Accessories,120.0,40.0,46,0,0.0,0
2025-04-15,4,Spring,0,None,P003,School Bag,Accessories,120.0,40.0,45,0,0.0,1
2025-04-16,4,Spring,0,None,P003,School Bag,Accessories,120.0,40.0,45,0,0.0,0
2025-04-17,4,Spring,0,None,P003,School Bag,Accessories,120.0,40.0,45,0,0.0,0
2025-04-18,4,Spring,0,None,P003,School Bag,Accessories,120.0,40.0,45,0,0.0,0
2025-04-19,4,Spring,0,None,P003,School Bag,Accessories,120.0,40.0,44,0,0.0,1
2025-04-20,4,Spring,0,None,P003,School Bag,Accessories,120.0,40.0,44,0,0.0,0
2025-04-21,4,Spring,0,None,P003,School Bag,Accessories,120.0,40.0,43,0,0.0,1
2025-04-22,4,Spring,0,None,P003,School Bag,Accessories,120.0,40.0,43,0,0.0,0
2025-04-23,4,Spring,0,None,P003,School Bag,Accessories,120.0,40.0,42,0,0.0,1
2025-04-24,4,Spring,0,None,P003,School Bag,Accessories,120.0,40.0,41,0,0.0,1
2025-04-25,4,Spring,0,None,P003,School Bag,Accessories,120.0,40.0,41,0,0.0,0
2025-04-26,4,Spring,0,None,P003,School Bag,Accessories,120.0,40.0,40,0,0.0,1
2025-04-27,4,Spring,0,None,P003,School Bag,Accessories,120.0,40.0,39,0,0.0,1
2025-04-28,4,Spring,0,None,P003,School Bag,Accessories,120.0,40.0,38,0,0.0,1
2025-04-29,4,Spring,0,None,P003,School Bag,Accessories,120.0,40.0,38,0,0.0,0
2025-04-30,4,Spring,0,None,P003,School Bag,Accessories,120.0,40.0,38,0,0.0,0
2025-05-01,5,Spring,0,None,P003,School Bag,Accessories,120.0,40.0,38,0,0.0,0
2025-05-02,5,Spring,0,None,P003,School Bag,Accessories,120.0,40.0,38,0,0.0,0
2025-05-03,5,Spring,0,None,P003,School Bag,Accessories,120.0,40.0,37,0,0.0,1
2025-05-04,5,Spring,0,None,P003,School Bag,Accessories,95.15,40.0,36,1,0.20707358823633024,1
2025-05-05,5,Spring,0,None,P003,School Bag,Accessories,120.0,40.0,36,0,0.0,0
2025-05-06,5,Spring,0,None,P003,School Bag,Accessories,120.0,40.0,35,0,0.0,1
2025-05-07,5,Spring,0,None,P003,School Bag,Accessories,120.0,40.0,35,0,0.0,0
2025-05-08,5,Spring,0,None,P003,School Bag,Accessories,120.0,40.0,35,0,0.0,0
2025-05-09,5,Spring,0,None,P003,School Bag,Accessories,120.0,40.0,35,0,0.0,0
2025-05-10,5,Spring,0,None,P003,School Bag,Accessories,105.84,40.0,34,1,0.11798324897194046,1
2025-05-11,5,Spring,0,None,P003,School Bag,Accessories,120.0,40.0,33,0,0.0,1
2025-05-12,5,Spring,0,None,P003,School Bag,Accessories,120.0,40.0,33,0,0.0,0
2025-05-13,5,Spring,0,None,P003,School Bag,Accessories,120.0,40.0,32,0,0.0,1
2025-05-14,5,Spring,0,None,P003,School Bag,Accessories,120.0,40.0,32,0,0.0,0
2025-05-15,5,Spring,0,None,P003,School Bag,Accessories,120.0,40.0,32,0,0.0,0
2025-05-16,5,Spring,0,None,P003,School Bag,Accessories,120.0,40.0,31,0,0.0,1
2025-05-17,5,Spring,0,None,P003,School Bag,Accessories,120.0,40.0,30,0,0.0,1
2025-05-18,5,Spring,0,None,P003,School Bag,Accessories,120.0,40.0,29,0,0.0,1
2025-05-19,5,Spring,0,None,P003,School Bag,Accessories,120.0,40.0,28,0,0.0,1
2025-05-20,5,Spring,0,None,P003,School Bag,Accessories,120.0,40.0,27,0,0.0,1
2025-05-21,5,Spring,0,None,P003,School Bag,Accessories,120.0,40.0,27,0,0.0,0
2025-05-22,5,Spring,0,None,P003,School Bag,Accessories,120.0,40.0,27,0,0.0,0
2025-05-23,5,Spring,0,None,P003,School Bag,Accessories,120.0,40.0,26,0,0.0,1
2025-05-24,5,Spring,0,None,P003,School Bag,Accessories,120.0,40.0,25,0,0.0,1
2025-05-25,5,Spring,0,None,P003,School Bag,Accessories,120.0,40.0,25,0,0.0,0
2025-05-26,5,Spring,0,None,P003,School Bag,Accessories,120.0,40.0,25,0,0.0,0
2025-05-27,5,Spring,0,None,P003,School Bag,Accessories,120.0,40.0,24,0,0.0,1
2025-05-28,5,Spring,0,None,P003,School Bag,Accessories,120.0,40.0,24,0,0.0,0
2025-05-29,5,Spring,0,None,P003,School Bag,Accessories,120.0,40.0,23,0,0.0,1
2025-05-30,5,Spring,0,None,P003,School Bag,Accessories,120.0,40.0,23,0,0.0,0
2025-05-31,5,Spring,0,None,P003,School Bag,Accessories,92.25,40.0,22,1,0.23127717187695343,1
2025-06-01,6,Summer,0,None,P003,School Bag,Accessories,84.25,40.0,18,1,0.2979512826818669,4
2025-06-02,6,Summer,0,None,P003,School Bag,Accessories,120.0,40.0,78,0,0.0,1
2025-06-03,6,Summer,0,None,P003,School Bag,Accessories,120.0,40.0,76,0,0.0,2
2025-06-04,6,Summer,0,None,P003,School Bag,Accessories,120.0,40.0,74,0,0.0,2
2025-06-05,6,Summer,0,None,P003,School Bag,Accessories,120.0,40.0,72,0,0.0,2
2025-06-06,6,Summer,0,None,P003,School Bag,Accessories,120.0,40.0,71,0,0.0,1
2025-06-07,6,Summer,0,None,P003,School Bag,Accessories,120.0,40.0,68,0,0.0,3
2025-06-08,6,Summer,0,None,P003,School Bag,Accessories,120.0,40.0,66,0,0.0,2
2025-06-09,6,Summer,0,None,P003,School Bag,Accessories,120.0,40.0,64,0,0.0,2
2025-06-10,6,Summer,0,None,P003,School Bag,Accessories,97.69,40.0,62,1,0.1859245727793688,2
2025-06-11,6,Summer,0,None,P003,School Bag,Accessories,93.52,40.0,60,1,0.2206384331229335,2
2025-06-12,6,Summer,0,None,P003,School Bag,Accessories,120.0,40.0,59,0,0.0,1
2025-06-13,6,Summer,0,None,P003,School Bag,Accessories,120.0,40.0,58,0,0.0,1
2025-06-14,6,Summer,0,None,P003,School Bag,Accessories,120.0,40.0,55,0,0.0,3
2025-06-15,6,Summer,0,None,P003,School Bag,Accessories,120.0,40.0,53,0,0.0,2
2025-06-16,6,Summer,1,Eid al-Adha,P003,School Bag,Accessories,120.0,40.0,52,0,0.0,1
2025-06-17,6,Summer,1,Eid al-Adha,P003,School Bag,Accessories,120.0,40.0,50,0,0.0,2
2025-06-18,6,Summer,0,None,P003,School Bag,Accessories,84.87,40.0,47,1,0.2927646321756947,3
2025-06-19,6,Summer,0,None,P003,School Bag,Accessories,120.0,40.0,46,0,0.0,1
2025-06-20,6,Summer,0,None,P003,School Bag,Accessories,120.0,40.0,45,0,0.0,1
2025-06-21,6,Summer,0,None,P003,School Bag,Accessories,120.0,40.0,43,0,0.0,2
2025-06-22,6,Summer,0,None,P003,School Bag,Accessories,120.0,40.0,41,0,0.0,2
2025-06-23,6,Summer,0,None,P003,School Bag,Accessories,120.0,40.0,40,0,0.0,1
2025-06-24,6,Summer,0,None,P003,School Bag,Accessories,120.0,40.0,38,0,0.0,2
2025-06-25,6,Summer,0,None,P003,School Bag,Accessories,120.0,40.0,37,0,0.0,1
2025-06-26,6,Summer,0,None,P003,School Bag,Accessories,120.0,40.0,35,0,0.0,2
2025-06-27,6,Summer,0,None,P003,School Bag,Accessories,120.0,40.0,34,0,0.0,1
2025-06-28,6,Summer,0,None,P003,School Bag,Accessories,120.0,40.0,31,0,0.0,3
2025-06-29,6,Summer,0,None,P003,School Bag,Accessories,120.0,40.0,29,0,0.0,2
2025-06-30,6,Summer,0,None,P003,School Bag,Accessories,120.0,40.0,27,0,0.0,2
2025-07-01,7,Summer,0,None,P003,School Bag,Accessories,120.0,40.0,26,0,0.0,1
2025-07-02,7,Summer,0,None,P003,School Bag,Accessories,120.0,40.0,24,0,0.0,2
2025-07-03,7,Summer,0,None,P003,School Bag,Accessories,120.0,40.0,22,0,0.0,2
2025-07-04,7,Summer,0,None,P003,School Bag,Accessories,99.29,40.0,19,1,0.1725507200798304,3
2025-07-05,7,Summer,0,None,P003,School Bag,Accessories,120.0,40.0,84,0,0.0,2
2025-07-06,7,Summer,0,None,P003,School Bag,Accessories,120.0,40.0,82,0,0.0,2
2025-07-07,7,Summer,0,None,P003,School Bag,Accessories,120.0,40.0,81,0,0.0,1
2025-07-08,7,Summer,0,None,P003,School Bag,Accessories,120.0,40.0,80,0,0.0,1
2025-07-09,7,Summer,0,None,P003,School Bag,Accessories,120.0,40.0,78,0,0.0,2
2025-07-10,7,Summer,0,None,P003,School Bag,Accessories,120.0,40.0,77,0,0.0,1
2025-07-11,7,Summer,0,None,P003,School Bag,Accessories,120.0,40.0,75,0,0.0,2
2025-07-12,7,Summer,0,None,P003,School Bag,Accessories,85.82,40.0,72,1,0.28485741415893223,3
2025-07-13,7,Summer,0,None,P003,School Bag,Accessories,120.0,40.0,70,0,0.0,2
2025-07-14,7,Summer,0,None,P003,School Bag,Accessories,91.57,40.0,68,1,0.23692523885299324,2
2025-07-15,7,Summer,0,None,P003,School Bag,Accessories,120.0,40.0,68,0,0.0,0
2025-07-16,7,Summer,0,None,P003,School Bag,Accessories,120.0,40.0,67,0,0.0,1
2025-07-17,7,Summer,0,None,P003,School Bag,Accessories,120.0,40.0,65,0,0.0,2
2025-07-18,7,Summer,0,None,P003,School Bag,Accessories,120.0,40.0,64,0,0.0,1
2025-07-19,7,Summer,0,None,P003,School Bag,Accessories,88.43,40.0,60,1,0.263055266218112,4
2025-07-20,7,Summer,0,None,P003,School Bag,Accessories,120.0,40.0,57,0,0.0,3
2025-07-21,7,Summer,0,None,P003,School Bag,Accessories,120.0,40.0,55,0,0.0,2
2025-07-22,7,Summer,0,None,P003,School Bag,Accessories,120.0,40.0,54,0,0.0,1
2025-07-23,7,Summer,0,None,P003,School Bag,Accessories,120.0,40.0,53,0,0.0,1
2025-07-24,7,Summer,0,None,P003,School Bag,Accessories,88.09,40.0,50,1,0.26594457326432486,3
2025-07-25,7,Summer,0,None,P003,School Bag,Accessories,106.42,40.0,48,1,0.1131623521381153,2
2025-07-26,7,Summer,0,None,P003,School Bag,Accessories,120.0,40.0,47,0,0.0,1
2025-07-27,7,Summer,0,None,P003,School Bag,Accessories,120.0,40.0,45,0,0.0,2
2025-07-28,7,Summer,0,None,P003,School Bag,Accessories,120.0,40.0,43,0,0.0,2
2025-07-29,7,Summer,0,None,P003,School Bag,Accessories,120.0,40.0,42,0,0.0,1
2025-07-30,7,Summer,0,None,P003,School Bag,Accessories,120.0,40.0,40,0,0.0,2
2025-07-31,7,Summer,0,None,P003,School Bag,Accessories,120.0,40.0,39,0,0.0,1
2025-08-01,8,Summer,0,None,P003,School Bag,Accessories,120.0,40.0,38,0,0.0,1
2025-08-02,8,Summer,0,None,P003,School Bag,Accessories,120.0,40.0,36,0,0.0,2
2025-08-03,8,Summer,0,None,P003,School Bag,Accessories,120.0,40.0,34,0,0.0,2
2025-08-04,8,Summer,0,None,P003,School Bag,Accessories,120.0,40.0,32,0,0.0,2
2025-08-05,8,Summer,0,None,P003,School Bag,Accessories,120.0,40.0,30,0,0.0,2
2025-08-06,8,Summer,0,None,P003,School Bag,Accessories,120.0,40.0,29,0,0.0,1
2025-08-07,8,Summer,0,None,P003,School Bag,Accessories,120.0,40.0,27,0,0.0,2
2025-08-08,8,Summer,0,None,P003,School Bag,Accessories,120.0,40.0,24,0,0.0,3
2025-08-09,8,Summer,0,None,P003,School Bag,Accessories,120.0,40.0,21,0,0.0,3
2025-08-10,8,Summer,0,None,P003,School Bag,Accessories,120.0,40.0,19,0,0.0,2
2025-08-11,8,Summer,0,None,P003,School Bag,Accessories,120.0,40.0,127,0,0.0,1
2025-08-12,8,Summer,0,None,P003,School Bag,Accessories,100.9,40.0,125,1,0.15913300785432383,2
2025-08-13,8,Summer,0,None,P003,School Bag,Accessories,120.0,40.0,124,0,0.0,1
2025-08-14,8,Summer,0,None,P003,School Bag,Accessories,120.0,40.0,122,0,0.0,2
2025-08-15,8,Summer,0,None,P003,School Bag,Accessories,120.0,40.0,121,0,0.0,1
2025-08-16,8,Summer,0,None,P003,School Bag,Accessories,120.0,40.0,119,0,0.0,2
2025-08-17,8,Summer,0,None,P003,School Bag,Accessories,120.0,40.0,117,0,0.0,2
2025-08-18,8,Summer,0,None,P003,School Bag,Accessories,120.0,40.0,115,0,0.0,2
2025-08-19,8,Summer,0,None,P003,School Bag,Accessories,120.0,40.0,113,0,0.0,2
2025-08-20,8,Summer,0,None,P003,School Bag,Accessories,120.0,40.0,111,0,0.0,2
2025-08-21,8,Summer,0,None,P003,School Bag,Accessories,120.0,40.0,109,0,0.0,2
2025-08-22,8,Summer,0,None,P003,School Bag,Accessories,120.0,40.0,107,0,0.0,2
2025-08-23,8,Summer,0,None,P003,School Bag,Accessories,120.0,40.0,104,0,0.0,3
2025-08-24,8,Summer,0,None,P003,School Bag,Accessories,120.0,40.0,103,0,0.0,1
2025-08-25,8,Summer,0,None,P003,School Bag,Accessories,120.0,40.0,102,0,0.0,1
2025-08-26,8,Summer,0,None,P003,School Bag,Accessories,120.0,40.0,100,0,0.0,2
2025-08-27,8,Summer,0,None,P003,School Bag,Accessories,120.0,40.0,99,0,0.0,1
2025-08-28,8,Summer,0,None,P003,School Bag,Accessories,120.0,40.0,98,0,0.0,1
2025-08-29,8,Summer,0,None,P003,School Bag,Accessories,120.0,40.0,96,0,0.0,2
2025-08-30,8,Summer,0,None,P003,School Bag,Accessories,93.26,40.0,93,1,0.22279589125467875,3
2025-08-31,8,Summer,0,None,P003,School Bag,Accessories,120.0,40.0,92,0,0.0,1
2025-09-01,9,Autumn,1,Back_to_school,P003,School Bag,Accessories,120.0,40.0,27,0,0.0,65
2025-09-02,9,Autumn,1,Back_to_school,P003,School Bag,Accessories,120.0,40.0,0,0,0.0,27
2025-09-03,9,Autumn,1,Back_to_school,P003,School Bag,Accessories,120.0,40.0,0,0,0.0,71
2025-09-04,9,Autumn,1,Back_to_school,P003,School Bag,Accessories,120.0,40.0,9,0,0.0,66
2025-09-05,9,Autumn,1,Back_to_school,P003,School Bag,Accessories,93.12,40.0,5,1,0.22399371297483284,104
2025-09-06,9,Autumn,1,Back_to_school,P003,School Bag,Accessories,120.0,40.0,5,0,0.0,101
2025-09-07,9,Autumn,1,Back_to_school,P003,School Bag,Accessories,120.0,40.0,0,0,0.0,70
2025-09-08,9,Autumn,1,Back_to_school,P003,School Bag,Accessories,120.0,40.0,0,0,0.0,75
2025-09-09,9,Autumn,1,Back_to_school,P003,School Bag,Accessories,120.0,40.0,10,0,0.0,85
2025-09-10,9,Autumn,1,Back_to_school,P003,School Bag,Accessories,120.0,40.0,0,0,0.0,80
2025-09-11,9,Autumn,1,Back_to_school,P003,School Bag,Accessories,120.0,40.0,0,0,0.0,82
2025-09-12,9,Autumn,1,Back_to_school,P003,School Bag,Accessories,120.0,40.0,7,0,0.0,84
2025-09-13,9,Autumn,1,Back_to_school,P003,School Bag,Accessories,120.0,40.0,45,0,0.0,34
2025-09-14,9,Autumn,1,Back_to_school,P003,School Bag,Accessories,120.0,40.0,0,0,0.0,45
2025-09-15,9,Autumn,1,Back_to_school,P003,School Bag,Accessories,120.0,40.0,0,0,0.0,78
2025-09-16,9,Autumn,0,None,P003,School Bag,Accessories,120.0,40.0,87,0,0.0,13
2025-09-17,9,Autumn,0,None,P003,School Bag,Accessories,120.0,40.0,81,0,0.0,6
2025-09-18,9,Autumn,0,None,P003,School Bag,Accessories,120.0,40.0,71,0,0.0,10
2025-09-19,9,Autumn,0,None,P003,School Bag,Accessories,120.0,40.0,62,0,0.0,9
2025-09-20,9,Autumn,0,None,P003,School Bag,Accessories,120.0,40.0,49,0,0.0,13
2025-09-21,9,Autumn,0,None,P003,School Bag,Accessories,120.0,40.0,40,0,0.0,9
2025-09-22,9,Autumn,0,None,P003,School Bag,Accessories,120.0,40.0,31,0,0.0,9
2025-09-23,9,Autumn,0,None,P003,School Bag,Accessories,120.0,40.0,22,0,0.0,9
2025-09-24,9,Autumn,0,None,P003,School Bag,Accessories,120.0,40.0,13,0,0.0,9
2025-09-25,9,Autumn,0,None,P003,School Bag,Accessories,120.0,40.0,77,0,0.0,7
2025-09-26,9,Autumn,0,None,P003,School Bag,Accessories,120.0,40.0,68,0,0.0,9
2025-09-27,9,Autumn,0,None,P003,School Bag,Accessories,120.0,40.0,54,0,0.0,14
2025-09-28,9,Autumn,0,None,P003,School Bag,Accessories,102.06,40.0,38,1,0.14947994941166914,16
2025-09-29,9,Autumn,0,None,P003,School Bag,Accessories,120.0,40.0,28,0,0.0,10
2025-09-30,9,Autumn,0,None,P003,School Bag,Accessories,96.52,40.0,13,1,0.19566709633411117,15
2025-10-01,10,Autumn,0,None,P003,School Bag,Accessories,120.0,40.0,79,0,0.0,11
2025-10-02,10,Autumn,0,None,P003,School Bag,Accessories,120.0,40.0,67,0,0.0,12
2025-10-03,10,Autumn,0,None,P003,School Bag,Accessories,104.57,40.0,59,1,0.12859217552015043,8
2025-10-04,10,Autumn,0,None,P003,School Bag,Accessories,120.0,40.0,45,0,0.0,14
2025-10-05,10,Autumn,0,None,P003,School Bag,Accessories,120.0,40.0,36,0,0.0,9
2025-10-06,10,Autumn,0,None,P003,School Bag,Accessories,120.0,40.0,28,0,0.0,8
2025-10-07,10,Autumn,0,None,P003,School Bag,Accessories,120.0,40.0,20,0,0.0,8
2025-10-08,10,Autumn,0,None,P003,School Bag,Accessories,107.38,40.0,6,1,0.10516187857263636,14
2025-10-09,10,Autumn,0,None,P003,School Bag,Accessories,120.0,40.0,110,0,0.0,15
2025-10-10,10,Autumn,0,None,P003,School Bag,Accessories,120.0,40.0,99,0,0.0,11
2025-10-11,10,Autumn,0,None,P003,School Bag,Accessories,120.0,40.0,85,0,0.0,14
2025-10-12,10,Autumn,0,None,P003,School Bag,Accessories,120.0,40.0,78,0,0.0,7
2025-10-13,10,Autumn,0,None,P003,School Bag,Accessories,120.0,40.0,70,0,0.0,8
2025-10-14,10,Autumn,0,None,P003,School Bag,Accessories,120.0,40.0,59,0,0.0,11
2025-10-15,10,Autumn,0,None,P003,School Bag,Accessories,120.0,40.0,50,0,0.0,9
2025-10-16,10,Autumn,0,None,P003,School Bag,Accessories,120.0,40.0,39,0,0.0,11
2025-10-17,10,Autumn,0,None,P003,School Bag,Accessories,120.0,40.0,27,0,0.0,12
2025-10-18,10,Autumn,0,None,P003,School Bag,Accessories,91.42,40.0,5,1,0.23814526302265263,22
2025-10-19,10,Autumn,0,None,P003,School Bag,Accessories,100.05,40.0,62,1,0.16622929783282997,13
2025-10-20,10,Autumn,0,None,P003,School Bag,Accessories,120.0,40.0,49,0,0.0,13
2025-10-21,10,Autumn,0,None,P003,School Bag,Accessories,120.0,40.0,42,0,0.0,7
2025-10-22,10,Autumn,0,None,P003,School Bag,Accessories,84.28,40.0,25,1,0.29770799740914133,17
2025-10-23,10,Autumn,0,None,P003,School Bag,Accessories,120.0,40.0,15,0,0.0,10
2025-10-24,10,Autumn,0,None,P003,School Bag,Accessories,120.0,40.0,94,0,0.0,10
2025-10-25,10,Autumn,0,None,P003,School Bag,Accessories,120.0,40.0,83,0,0.0,11
2025-10-26,10,Autumn,0,None,P003,School Bag,Accessories,120.0,40.0,71,0,0.0,12
2025-10-27,10,Autumn,0,None,P003,School Bag,Accessories,120.0,40.0,63,0,0.0,8
2025-10-28,10,Autumn,0,None,P003,School Bag,Accessories,120.0,40.0,51,0,0.0,12
2025-10-29,10,Autumn,0,None,P003,School Bag,Accessories,120.0,40.0,39,0,0.0,12
2025-10-30,10,Autumn,0,None,P003,School Bag,Accessories,120.0,40.0,29,0,0.0,10
2025-10-31,10,Autumn,0,None,P003,School Bag,Accessories,120.0,40.0,19,0,0.0,10
2025-11-01,11,Autumn,0,None,P003,School Bag,Accessories,120.0,40.0,94,0,0.0,14
2025-11-02,11,Autumn,0,None,P003,School Bag,Accessories,103.33,40.0,73,1,0.13895469953744516,21
2025-11-03,11,Autumn,0,None,P003,School Bag,Accessories,120.0,40.0,62,0,0.0,11
2025-11-04,11,Autumn,0,None,P003,School Bag,Accessories,120.0,40.0,54,0,0.0,8
2025-11-05,11,Autumn,0,None,P003,School Bag,Accessories,120.0,40.0,46,0,0.0,8
2025-11-06,11,Autumn,0,None,P003,School Bag,Accessories,120.0,40.0,32,0,0.0,14
2025-11-07,11,Autumn,0,None,P003,School Bag,Accessories,120.0,40.0,24,0,0.0,8
2025-11-08,11,Autumn,0,None,P003,School Bag,Accessories,120.0,40.0,11,0,0.0,13
2025-11-09,11,Autumn,0,None,P003,School Bag,Accessories,120.0,40.0,109,0,0.0,8
2025-11-10,11,Autumn,0,None,P003,School Bag,Accessories,120.0,40.0,96,0,0.0,13
2025-11-11,11,Autumn,0,None,P003,School Bag,Accessories,120.0,40.0,89,0,0.0,7
2025-11-12,11,Autumn,0,None,P003,School Bag,Accessories,120.0,40.0,82,0,0.0,7
2025-11-13,11,Autumn,0,None,P003,School Bag,Accessories,120.0,40.0,71,0,0.0,11
2025-11-14,11,Autumn,0,None,P003,School Bag,Accessories,120.0,40.0,61,0,0.0,10
2025-11-15,11,Autumn,0,None,P003,School Bag,Accessories,120.0,40.0,51,0,0.0,10
2025-11-16,11,Autumn,0,None,P003,School Bag,Accessories,120.0,40.0,37,0,0.0,14
2025-11-17,11,Autumn,0,None,P003,School Bag,Accessories,120.0,40.0,28,0,0.0,9
2025-11-18,11,Autumn,0,None,P003,School Bag,Accessories,91.22,40.0,19,1,0.23986789325052862,9
2025-11-19,11,Autumn,0,None,P003,School Bag,Accessories,120.0,40.0,91,0,0.0,7
2025-11-20,11,Autumn,0,None,P003,School Bag,Accessories,120.0,40.0,82,0,0.0,9
2025-11-21,11,Autumn,0,None,P003,School Bag,Accessories,120.0,40.0,76,0,0.0,6
2025-11-22,11,Autumn,0,None,P003,School Bag,Accessories,120.0,40.0,65,0,0.0,11
2025-11-23,11,Autumn,0,None,P003,School Bag,Accessories,91.34,40.0,48,1,0.2388034828211484,17
2025-11-24,11,Autumn,0,None,P003,School Bag,Accessories,120.0,40.0,40,0,0.0,8
2025-11-25,11,Autumn,0,None,P003,School Bag,Accessories,120.0,40.0,31,0,0.0,9
2025-11-26,11,Autumn,0,None,P003,School Bag,Accessories,120.0,40.0,22,0,0.0,9
2025-11-27,11,Autumn,0,None,P003,School Bag,Accessories,120.0,40.0,12,0,0.0,10
2025-11-28,11,Autumn,0,None,P003,School Bag,Accessories,90.85,40.0,64,1,0.24288282029409955,11
2025-11-29,11,Autumn,0,None,P003,School Bag,Accessories,120.0,40.0,52,0,0.0,12
2025-11-30,11,Autumn,0,None,P003,School Bag,Accessories,120.0,40.0,41,0,0.0,11
2025-12-01,12,Winter,0,None,P003,School Bag,Accessories,120.0,40.0,41,0,0.0,0
2025-12-02,12,Winter,0,None,P003,School Bag,Accessories,120.0,40.0,41,0,0.0,0
2025-12-03,12,Winter,0,None,P003,School Bag,Accessories,120.0,40.0,40,0,0.0,1
2025-12-04,12,Winter,0,None,P003,School Bag,Accessories,120.0,40.0,39,0,0.0,1
2025-12-05,12,Winter,0,None,P003,School Bag,Accessories,120.0,40.0,39,0,0.0,0
2025-12-06,12,Winter,0,None,P003,School Bag,Accessories,120.0,40.0,39,0,0.0,0
2025-12-07,12,Winter,0,None,P003,School Bag,Accessories,120.0,40.0,38,0,0.0,1
2025-12-08,12,Winter,0,None,P003,School Bag,Accessories,120.0,40.0,37,0,0.0,1
2025-12-09,12,Winter,0,None,P003,School Bag,Accessories,120.0,40.0,37,0,0.0,0
2025-12-10,12,Winter,0,None,P003,School Bag,Accessories,120.0,40.0,36,0,0.0,1
2025-12-11,12,Winter,0,None,P003,School Bag,Accessories,120.0,40.0,35,0,0.0,1
2025-12-12,12,Winter,0,None,P003,School Bag,Accessories,120.0,40.0,34,0,0.0,1
2025-12-13,12,Winter,0,None,P003,School Bag,Accessories,120.0,40.0,34,0,0.0,0
2025-12-14,12,Winter,0,None,P003,School Bag,Accessories,120.0,40.0,33,0,0.0,1
2025-12-15,12,Winter,0,None,P003,School Bag,Accessories,120.0,40.0,33,0,0.0,0
2025-12-16,12,Winter,0,None,P003,School Bag,Accessories,120.0,40.0,33,0,0.0,0
2025-12-17,12,Winter,0,None,P003,School Bag,Accessories,120.0,40.0,32,0,0.0,1
2025-12-18,12,Winter,0,None,P003,School Bag,Accessories,120.0,40.0,31,0,0.0,1
2025-12-19,12,Winter,0,None,P003,School Bag,Accessories,120.0,40.0,31,0,0.0,0
2025-12-20,12,Winter,0,None,P003,School Bag,Accessories,120.0,40.0,30,0,0.0,1
2025-12-21,12,Winter,0,None,P003,School Bag,Accessories,120.0,40.0,29,0,0.0,1
2025-12-22,12,Winter,0,None,P003,School Bag,Accessories,120.0,40.0,29,0,0.0,0
2025-12-23,12,Winter,0,None,P003,School Bag,Accessories,86.32,40.0,29,1,0.2806447254689415,0
2025-12-24,12,Winter,0,None,P003,School Bag,Accessories,120.0,40.0,29,0,0.0,0
2025-12-25,12,Winter,0,None,P003,School Bag,Accessories,95.71,40.0,28,1,0.20244294153541031,1
2025-12-26,12,Winter,0,None,P003,School Bag,Accessories,120.0,40.0,27,0,0.0,1
2025-12-27,12,Winter,0,None,P003,School Bag,Accessories,120.0,40.0,26,0,0.0,1
2025-12-28,12,Winter,0,None,P003,School Bag,Accessories,120.0,40.0,25,0,0.0,1
2025-12-29,12,Winter,0,None,P003,School Bag,Accessories,120.0,40.0,25,0,0.0,0
2025-12-30,12,Winter,0,None,P003,School Bag,Accessories,120.0,40.0,25,0,0.0,0
2025-12-31,12,Winter,0,None,P003,School Bag,Accessories,103.62,40.0,24,1,0.13649160813049802,1
2026-01-01,1,Winter,0,None,P003,School Bag,Accessories,120.0,40.0,23,0,0.0,1
2026-01-02,1,Winter,0,None,P003,School Bag,Accessories,120.0,40.0,23,0,0.0,0
2026-01-03,1,Winter,0,None,P003,School Bag,Accessories,120.0,40.0,22,0,0.0,1
2026-01-04,1,Winter,0,None,P003,School Bag,Accessories,120.0,40.0,22,0,0.0,0
2026-01-05,1,Winter,0,None,P003,School Bag,Accessories,95.44,40.0,21,1,0.20468143701349437,1
2026-01-06,1,Winter,0,None,P003,School Bag,Accessories,120.0,40.0,20,0,0.0,1
2026-01-07,1,Winter,0,None,P003,School Bag,Accessories,120.0,40.0,19,0,0.0,1
2026-01-08,1,Winter,0,None,P003,School Bag,Accessories,120.0,40.0,97,0,0.0,1
2026-01-09,1,Winter,0,None,P003,School Bag,Accessories,120.0,40.0,97,0,0.0,0
2026-01-10,1,Winter,0,None,P003,School Bag,Accessories,89.09,40.0,96,1,0.2575940267181863,1
2026-01-11,1,Winter,0,None,P003,School Bag,Accessories,120.0,40.0,95,0,0.0,1
2026-01-12,1,Winter,0,None,P003,School Bag,Accessories,93.6,40.0,93,1,0.2199935716522132,2
2026-01-13,1,Winter,0,None,P003,School Bag,Accessories,120.0,40.0,93,0,0.0,0
2026-01-14,1,Winter,0,None,P003,School Bag,Accessories,120.0,40.0,93,0,0.0,0
2026-01-15,1,Winter,0,None,P003,School Bag,Accessories,120.0,40.0,92,0,0.0,1
2026-01-16,1,Winter,0,None,P003,School Bag,Accessories,87.52,40.0,91,1,0.2706658433117576,1
2026-01-17,1,Winter,0,None,P003,School Bag,Accessories,120.0,40.0,90,0,0.0,1
2026-01-18,1,Winter,0,None,P003,School Bag,Accessories,120.0,40.0,89,0,0.0,1
2026-01-19,1,Winter,0,None,P003,School Bag,Accessories,103.75,40.0,88,1,0.1354254288396508,1
2026-01-20,1,Winter,0,None,P003,School Bag,Accessories,97.31,40.0,87,1,0.18908190422115734,1
2026-01-21,1,Winter,0,None,P003,School Bag,Accessories,120.0,40.0,87,0,0.0,0
2026-01-22,1,Winter,0,None,P003,School Bag,Accessories,120.0,40.0,87,0,0.0,0
2026-01-23,1,Winter,0,None,P003,School Bag,Accessories,120.0,40.0,86,0,0.0,1
2026-01-24,1,Winter,0,None,P003,School Bag,Accessories,120.0,40.0,85,0,0.0,1
2026-01-25,1,Winter,0,None,P003,School Bag,Accessories,92.48,40.0,84,1,0.22936744578527618,1
2026-01-26,1,Winter,0,None,P003,School Bag,Accessories,120.0,40.0,84,0,0.0,0
2026-01-27,1,Winter,0,None,P003,School Bag,Accessories,120.0,40.0,83,0,0.0,1
2026-01-28,1,Winter,0,None,P003,School Bag,Accessories,120.0,40.0,83,0,0.0,0
2026-01-29,1,Winter,0,None,P003,School Bag,Accessories,120.0,40.0,83,0,0.0,0
2026-01-30,1,Winter,0,None,P003,School Bag,Accessories,120.0,40.0,82,0,0.0,1
2026-01-31,1,Winter,0,None,P003,School Bag,Accessories,120.0,40.0,81,0,0.0,1
2026-02-01,2,Winter,0,None,P003,School Bag,Accessories,120.0,40.0,80,0,0.0,1
2026-02-02,2,Winter,0,None,P003,School Bag,Accessories,120.0,40.0,80,0,0.0,0
2026-02-03,2,Winter,0,None,P003,School Bag,Accessories,120.0,40.0,80,0,0.0,0
2026-02-04,2,Winter,0,None,P003,School Bag,Accessories,120.0,40.0,80,0,0.0,0
2026-02-05,2,Winter,0,None,P003,School Bag,Accessories,120.0,40.0,80,0,0.0,0
2026-02-06,2,Winter,0,None,P003,School Bag,Accessories,120.0,40.0,80,0,0.0,0
2026-02-07,2,Winter,0,None,P003,School Bag,Accessories,120.0,40.0,79,0,0.0,1
2026-02-08,2,Winter,0,None,P003,School Bag,Accessories,99.6,40.0,78,1,0.1699592123615184,1
2026-02-09,2,Winter,0,None,P003,School Bag,Accessories,120.0,40.0,77,0,0.0,1
2026-02-10,2,Winter,0,None,P003,School Bag,Accessories,120.0,40.0,77,0,0.0,0
2026-02-11,2,Winter,0,None,P003,School Bag,Accessories,120.0,40.0,77,0,0.0,0
2026-02-12,2,Winter,0,None,P003,School Bag,Accessories,101.86,40.0,76,1,0.1511278187590723,1
2026-02-13,2,Winter,0,None,P003,School Bag,Accessories,120.0,40.0,76,0,0.0,0
2026-02-14,2,Winter,0,None,P003,School Bag,Accessories,120.0,40.0,75,0,0.0,1
2026-02-15,2,Winter,0,None,P003,School Bag,Accessories,105.07,40.0,74,1,0.1243776165064541,1
2026-02-16,2,Winter,0,None,P003,School Bag,Accessories,120.0,40.0,74,0,0.0,0
2026-02-17,2,Winter,0,None,P003,School Bag,Accessories,120.0,40.0,73,0,0.0,1
2026-02-18,2,Winter,0,None,P003,School Bag,Accessories,120.0,40.0,73,0,0.0,0
2026-02-19,2,Winter,0,None,P003,School Bag,Accessories,120.0,40.0,72,0,0.0,1
2026-02-20,2,Winter,0,None,P003,School Bag,Accessories,120.0,40.0,72,0,0.0,0
2026-02-21,2,Winter,0,None,P003,School Bag,Accessories,120.0,40.0,71,0,0.0,1
2026-02-22,2,Winter,0,None,P003,School Bag,Accessories,120.0,40.0,70,0,0.0,1
2026-02-23,2,Winter,0,None,P003,School Bag,Accessories,85.66,40.0,69,1,0.2861648149980228,1
2026-02-24,2,Winter,0,None,P003,School Bag,Accessories,120.0,40.0,68,0,0.0,1
2026-02-25,2,Winter,0,None,P003,School Bag,Accessories,120.0,40.0,67,0,0.0,1
2026-02-26,2,Winter,0,None,P003,School Bag,Accessories,120.0,40.0,67,0,0.0,0
2026-02-27,2,Winter,0,None,P003,School Bag,Accessories,120.0,40.0,66,0,0.0,1
2026-02-28,2,Winter,0,None,P003,School Bag,Accessories,120.0,40.0,65,0,0.0,1
2026-03-01,3,Spring,0,None,P003,School Bag,Accessories,120.0,40.0,64,0,0.0,1
2026-03-02,3,Spring,0,None,P003,School Bag,Accessories,120.0,40.0,63,0,0.0,1
2026-03-03,3,Spring,0,None,P003,School Bag,Accessories,120.0,40.0,63,0,0.0,0
2026-03-04,3,Spring,0,None,P003,School Bag,Accessories,120.0,40.0,62,0,0.0,1
2026-03-05,3,Spring,0,None,P003,School Bag,Accessories,120.0,40.0,62,0,0.0,0
2026-03-06,3,Spring,0,None,P003,School Bag,Accessories,120.0,40.0,62,0,0.0,0
2026-03-07,3,Spring,0,None,P003,School Bag,Accessories,120.0,40.0,61,0,0.0,1
2026-03-08,3,Spring,0,None,P003,School Bag,Accessories,120.0,40.0,60,0,0.0,1
2026-03-09,3,Spring,0,None,P003,School Bag,Accessories,120.0,40.0,59,0,0.0,1
2026-03-10,3,Spring,1,Ramadan,P003,School Bag,Accessories,120.0,40.0,59,0,0.0,0
2026-03-11,3,Spring,1,Ramadan,P003,School Bag,Accessories,120.0,40.0,59,0,0.0,0
2026-03-12,3,Spring,1,Ramadan,P003,School Bag,Accessories,120.0,40.0,59,0,0.0,0
2026-03-13,3,Spring,1,Ramadan,P003,School Bag,Accessories,120.0,40.0,58,0,0.0,1
2026-03-14,3,Spring,1,Ramadan,P003,School Bag,Accessories,120.0,40.0,57,0,0.0,1
2026-03-15,3,Spring,1,Ramadan,P003,School Bag,Accessories,120.0,40.0,56,0,0.0,1
2026-03-16,3,Spring,1,Ramadan,P003,School Bag,Accessories,88.61,40.0,55,1,0.2616135634232045,1
2026-03-17,3,Spring,1,Ramadan,P003,School Bag,Accessories,120.0,40.0,55,0,0.0,0
2026-03-18,3,Spring,1,Ramadan,P003,School Bag,Accessories,120.0,40.0,54,0,0.0,1
2026-03-19,3,Spring,1,Ramadan,P003,School Bag,Accessories,120.0,40.0,53,0,0.0,1
2026-03-20,3,Spring,1,Ramadan,P003,School Bag,Accessories,120.0,40.0,53,0,0.0,0
2026-03-21,3,Spring,1,Ramadan,P003,School Bag,Accessories,120.0,40.0,52,0,0.0,1
2026-03-22,3,Spring,1,Ramadan,P003,School Bag,Accessories,120.0,40.0,51,0,0.0,1
2026-03-23,3,Spring,1,Ramadan,P003,School Bag,Accessories,120.0,40.0,51,0,0.0,0
2026-03-24,3,Spring,1,Ramadan,P003,School Bag,Accessories,120.0,40.0,50,0,0.0,1
2026-03-25,3,Spring,1,Ramadan,P003,School Bag,Accessories,102.63,40.0,49,1,0.1447849175593179,1
2026-03-26,3,Spring,1,Ramadan,P003,School Bag,Accessories,120.0,40.0,49,0,0.0,0
2026-03-27,3,Spring,1,Ramadan,P003,School Bag,Accessories,120.0,40.0,48,0,0.0,1
2026-03-28,3,Spring,1,Ramadan,P003,School Bag,Accessories,120.0,40.0,47,0,0.0,1
2026-03-29,3,Spring,1,Ramadan,P003,School Bag,Accessories,120.0,40.0,46,0,0.0,1
2026-03-30,3,Spring,1,Ramadan,P003,School Bag,Accessories,120.0,40.0,46,0,0.0,0
2026-03-31,3,Spring,1,Ramadan,P003,School Bag,Accessories,120.0,40.0,46,0,0.0,0
2026-04-01,4,Spring,0,None,P003,School Bag,Accessories,120.0,40.0,45,0,0.0,1
2026-04-02,4,Spring,0,None,P003,School Bag,Accessories,89.74,40.0,43,1,0.25217719553430196,2
2026-04-03,4,Spring,0,None,P003,School Bag,Accessories,120.0,40.0,43,0,0.0,0
2026-04-04,4,Spring,0,None,P003,School Bag,Accessories,120.0,40.0,43,0,0.0,0
2026-04-05,4,Spring,0,None,P003,School Bag,Accessories,120.0,40.0,42,0,0.0,1
2026-04-06,4,Spring,0,None,P003,School Bag,Accessories,120.0,40.0,42,0,0.0,0
2026-04-07,4,Spring,0,None,P003,School Bag,Accessories,120.0,40.0,41,0,0.0,1
2026-04-08,4,Spring,0,None,P003,School Bag,Accessories,120.0,40.0,40,0,0.0,1
2026-04-09,4,Spring,1,Eid al-Fitr,P003,School Bag,Accessories,120.0,40.0,39,0,0.0,1
2026-04-10,4,Spring,1,Eid al-Fitr,P003,School Bag,Accessories,120.0,40.0,39,0,0.0,0
2026-04-11,4,Spring,0,None,P003,School Bag,Accessories,120.0,40.0,38,0,0.0,1
2026-04-12,4,Spring,0,None,P003,School Bag,Accessories,120.0,40.0,37,0,0.0,1
2026-04-13,4,Spring,0,None,P003,School Bag,Accessories,120.0,40.0,37,0,0.0,0
2026-04-14,4,Spring,0,None,P003,School Bag,Accessories,120.0,40.0,36,0,0.0,1
2026-04-15,4,Spring,0,None,P003,School Bag,Accessories,120.0,40.0,36,0,0.0,0
2026-04-16,4,Spring,0,None,P003,School Bag,Accessories,120.0,40.0,36,0,0.0,0
2026-04-17,4,Spring,0,None,P003,School Bag,Accessories,120.0,40.0,35,0,0.0,1
2026-04-18,4,Spring,0,None,P003,School Bag,Accessories,120.0,40.0,34,0,0.0,1
2026-04-19,4,Spring,0,None,P003,School Bag,Accessories,120.0,40.0,33,0,0.0,1
2026-04-20,4,Spring,0,None,P003,School Bag,Accessories,120.0,40.0,32,0,0.0,1
2026-04-21,4,Spring,0,None,P003,School Bag,Accessories,120.0,40.0,31,0,0.0,1
2026-04-22,4,Spring,0,None,P003,School Bag,Accessories,120.0,40.0,30,0,0.0,1
2026-04-23,4,Spring,0,None,P003,School Bag,Accessories,120.0,40.0,29,0,0.0,1
2026-04-24,4,Spring,0,None,P003,School Bag,Accessories,120.0,40.0,29,0,0.0,0
2026-04-25,4,Spring,0,None,P003,School Bag,Accessories,120.0,40.0,29,0,0.0,0
2026-04-26,4,Spring,0,None,P003,School Bag,Accessories,120.0,40.0,28,0,0.0,1
2026-04-27,4,Spring,0,None,P003,School Bag,Accessories,120.0,40.0,27,0,0.0,1
2026-04-28,4,Spring,0,None,P003,School Bag,Accessories,120.0,40.0,26,0,0.0,1
2026-04-29,4,Spring,0,None,P003,School Bag,Accessories,120.0,40.0,25,0,0.0,1
2026-04-30,4,Spring,0,None,P003,School Bag,Accessories,120.0,40.0,24,0,0.0,1
2026-05-01,5,Spring,0,None,P003,School Bag,Accessories,120.0,40.0,23,0,0.0,1
2026-05-02,5,Spring,0,None,P003,School Bag,Accessories,120.0,40.0,22,0,0.0,1
2026-05-03,5,Spring,0,None,P003,School Bag,Accessories,120.0,40.0,21,0,0.0,1
2026-05-04,5,Spring,0,None,P003,School Bag,Accessories,120.0,40.0,20,0,0.0,1
2026-05-05,5,Spring,0,None,P003,School Bag,Accessories,120.0,40.0,20,0,0.0,0
2026-05-06,5,Spring,0,None,P003,School Bag,Accessories,120.0,40.0,19,0,0.0,1
2026-05-07,5,Spring,0,None,P003,School Bag,Accessories,120.0,40.0,109,0,0.0,1
2026-05-08,5,Spring,0,None,P003,School Bag,Accessories,120.0,40.0,109,0,0.0,0
2026-05-09,5,Spring,0,None,P003,School Bag,Accessories,120.0,40.0,109,0,0.0,0
2026-05-10,5,Spring,0,None,P003,School Bag,Accessories,120.0,40.0,109,0,0.0,0
2026-05-11,5,Spring,0,None,P003,School Bag,Accessories,120.0,40.0,108,0,0.0,1
2026-05-12,5,Spring,0,None,P003,School Bag,Accessories,120.0,40.0,107,0,0.0,1
2026-05-13,5,Spring,0,None,P003,School Bag,Accessories,120.0,40.0,107,0,0.0,0
2026-05-14,5,Spring,0,None,P003,School Bag,Accessories,120.0,40.0,107,0,0.0,0
2026-05-15,5,Spring,0,None,P003,School Bag,Accessories,120.0,40.0,107,0,0.0,0
2026-05-16,5,Spring,0,None,P003,School Bag,Accessories,120.0,40.0,106,0,0.0,1
2026-05-17,5,Spring,0,None,P003,School Bag,Accessories,120.0,40.0,106,0,0.0,0
2026-05-18,5,Spring,0,None,P003,School Bag,Accessories,120.0,40.0,106,0,0.0,0
2026-05-19,5,Spring,0,None,P003,School Bag,Accessories,120.0,40.0,106,0,0.0,0
2026-05-20,5,Spring,0,None,P003,School Bag,Accessories,120.0,40.0,105,0,0.0,1
2026-05-21,5,Spring,0,None,P003,School Bag,Accessories,120.0,40.0,105,0,0.0,0
2026-05-22,5,Spring,0,None,P003,School Bag,Accessories,120.0,40.0,105,0,0.0,0
2026-05-23,5,Spring,0,None,P003,School Bag,Accessories,120.0,40.0,105,0,0.0,0
2026-05-24,5,Spring,0,None,P003,School Bag,Accessories,86.96,40.0,104,1,0.27532276540317835,1
2026-05-25,5,Spring,0,None,P003,School Bag,Accessories,120.0,40.0,103,0,0.0,1
2026-05-26,5,Spring,0,None,P003,School Bag,Accessories,120.0,40.0,102,0,0.0,1
2026-05-27,5,Spring,0,None,P003,School Bag,Accessories,120.0,40.0,102,0,0.0,0
2026-05-28,5,Spring,0,None,P003,School Bag,Accessories,120.0,40.0,102,0,0.0,0
2026-05-29,5,Spring,0,None,P003,School Bag,Accessories,120.0,40.0,102,0,0.0,0
2026-05-30,5,Spring,0,None,P003,School Bag,Accessories,120.0,40.0,101,0,0.0,1
2026-05-31,5,Spring,0,None,P003,School Bag,Accessories,120.0,40.0,100,0,0.0,1
2026-06-01,6,Summer,0,None,P003,School Bag,Accessories,120.0,40.0,99,0,0.0,1
2026-06-02,6,Summer,0,None,P003,School Bag,Accessories,120.0,40.0,97,0,0.0,2
2026-06-03,6,Summer,0,None,P003,School Bag,Accessories,120.0,40.0,96,0,0.0,1
2026-06-04,6,Summer,0,None,P003,School Bag,Accessories,120.0,40.0,95,0,0.0,1
2026-06-05,6,Summer,0,None,P003,School Bag,Accessories,120.0,40.0,93,0,0.0,2
2026-06-06,6,Summer,0,None,P003,School Bag,Accessories,120.0,40.0,91,0,0.0,2
2026-06-07,6,Summer,0,None,P003,School Bag,Accessories,120.0,40.0,90,0,0.0,1
2026-06-08,6,Summer,0,None,P003,School Bag,Accessories,120.0,40.0,88,0,0.0,2
2026-06-09,6,Summer,0,None,P003,School Bag,Accessories,90.12,40.0,86,1,0.2489650151059826,2
2026-06-10,6,Summer,0,None,P003,School Bag,Accessories,98.7,40.0,84,1,0.17749329276435133,2
2026-06-11,6,Summer,0,None,P003,School Bag,Accessories,120.0,40.0,82,0,0.0,2
2026-06-12,6,Summer,0,None,P003,School Bag,Accessories,120.0,40.0,81,0,0.0,1
2026-06-13,6,Summer,0,None,P003,School Bag,Accessories,120.0,40.0,79,0,0.0,2
2026-06-14,6,Summer,0,None,P003,School Bag,Accessories,120.0,40.0,77,0,0.0,2
2026-06-15,6,Summer,0,None,P003,School Bag,Accessories,120.0,40.0,76,0,0.0,1
2026-06-16,6,Summer,1,Eid al-Adha,P003,School Bag,Accessories,120.0,40.0,75,0,0.0,1
2026-06-17,6,Summer,1,Eid al-Adha,P003,School Bag,Accessories,120.0,40.0,73,0,0.0,2
2026-06-18,6,Summer,0,None,P003,School Bag,Accessories,120.0,40.0,72,0,0.0,1
2026-06-19,6,Summer,0,None,P003,School Bag,Accessories,120.0,40.0,70,0,0.0,2
2026-06-20,6,Summer,0,None,P003,School Bag,Accessories,120.0,40.0,68,0,0.0,2
2026-06-21,6,Summer,0,None,P003,School Bag,Accessories,120.0,40.0,66,0,0.0,2
2026-06-22,6,Summer,0,None,P003,School Bag,Accessories,120.0,40.0,64,0,0.0,2
2026-06-23,6,Summer,0,None,P003,School Bag,Accessories,107.47,40.0,63,1,0.10441716906023596,1
2026-06-24,6,Summer,0,None,P003,School Bag,Accessories,120.0,40.0,62,0,0.0,1
2026-06-25,6,Summer,0,None,P003,School Bag,Accessories,120.0,40.0,60,0,0.0,2
2026-06-26,6,Summer,0,None,P003,School Bag,Accessories,120.0,40.0,58,0,0.0,2
2026-06-27,6,Summer,0,None,P003,School Bag,Accessories,120.0,40.0,55,0,0.0,3
2026-06-28,6,Summer,0,None,P003,School Bag,Accessories,120.0,40.0,53,0,0.0,2
2026-06-29,6,Summer,0,None,P003,School Bag,Accessories,120.0,40.0,51,0,0.0,2
2026-06-30,6,Summer,0,None,P003,School Bag,Accessories,120.0,40.0,49,0,0.0,2
2026-07-01,7,Summer,0,None,P003,School Bag,Accessories,120.0,40.0,48,0,0.0,1
2026-07-02,7,Summer,0,None,P003,School Bag,Accessories,120.0,40.0,46,0,0.0,2
2026-07-03,7,Summer,0,None,P003,School Bag,Accessories,120.0,40.0,45,0,0.0,1
2026-07-04,7,Summer,0,None,P003,School Bag,Accessories,120.0,40.0,43,0,0.0,2
2026-07-05,7,Summer,0,None,P003,School Bag,Accessories,99.45,40.0,41,1,0.17121861703328434,2
2026-07-06,7,Summer,0,None,P003,School Bag,Accessories,120.0,40.0,39,0,0.0,2
2026-07-07,7,Summer,0,None,P003,School Bag,Accessories,120.0,40.0,38,0,0.0,1
2026-07-08,7,Summer,0,None,P003,School Bag,Accessories,120.0,40.0,36,0,0.0,2
2026-07-09,7,Summer,0,None,P003,School Bag,Accessories,120.0,40.0,34,0,0.0,2
2026-07-10,7,Summer,0,None,P003,School Bag,Accessories,120.0,40.0,32,0,0.0,2
2026-07-11,7,Summer,0,None,P003,School Bag,Accessories,120.0,40.0,30,0,0.0,2
2026-07-12,7,Summer,0,None,P003,School Bag,Accessories,120.0,40.0,28,0,0.0,2
2026-07-13,7,Summer,0,None,P003,School Bag,Accessories,120.0,40.0,27,0,0.0,1
2026-07-14,7,Summer,0,None,P003,School Bag,Accessories,95.23,40.0,24,1,0.20644457497123878,3
2026-07-15,7,Summer,0,None,P003,School Bag,Accessories,120.0,40.0,22,0,0.0,2
2026-07-16,7,Summer,0,None,P003,School Bag,Accessories,120.0,40.0,21,0,0.0,1
2026-07-17,7,Summer,0,None,P003,School Bag,Accessories,120.0,40.0,19,0,0.0,2
2026-07-18,7,Summer,0,None,P003,School Bag,Accessories,120.0,40.0,129,0,0.0,3
2026-07-19,7,Summer,0,None,P003,School Bag,Accessories,120.0,40.0,127,0,0.0,2
2026-07-20,7,Summer,0,None,P003,School Bag,Accessories,120.0,40.0,126,0,0.0,1
2026-07-21,7,Summer,0,None,P003,School Bag,Accessories,120.0,40.0,125,0,0.0,1
2026-07-22,7,Summer,0,None,P003,School Bag,Accessories,120.0,40.0,124,0,0.0,1
2026-07-23,7,Summer,0,None,P003,School Bag,Accessories,120.0,40.0,123,0,0.0,1
2026-07-24,7,Summer,0,None,P003,School Bag,Accessories,120.0,40.0,122,0,0.0,1
2026-07-25,7,Summer,0,None,P003,School Bag,Accessories,120.0,40.0,119,0,0.0,3
2026-07-26,7,Summer,0,None,P003,School Bag,Accessories,120.0,40.0,117,0,0.0,2
2026-07-27,7,Summer,0,None,P003,School Bag,Accessories,120.0,40.0,115,0,0.0,2
2026-07-28,7,Summer,0,None,P003,School Bag,Accessories,120.0,40.0,113,0,0.0,2
2026-07-29,7,Summer,0,None,P003,School Bag,Accessories,120.0,40.0,112,0,0.0,1
2026-07-30,7,Summer,0,None,P003,School Bag,Accessories,120.0,40.0,111,0,0.0,1
2026-07-31,7,Summer,0,None,P003,School Bag,Accessories,120.0,40.0,110,0,0.0,1
2026-08-01,8,Summer,0,None,P003,School Bag,Accessories,120.0,40.0,107,0,0.0,3
2026-08-02,8,Summer,0,None,P003,School Bag,Accessories,106.81,40.0,105,1,0.10993229829194379,2
2026-08-03,8,Summer,0,None,P003,School Bag,Accessories,120.0,40.0,103,0,0.0,2
2026-08-04,8,Summer,0,None,P003,School Bag,Accessories,120.0,40.0,102,0,0.0,1
2026-08-05,8,Summer,0,None,P003,School Bag,Accessories,120.0,40.0,101,0,0.0,1
2026-08-06,8,Summer,0,None,P003,School Bag,Accessories,120.0,40.0,99,0,0.0,2
2026-08-07,8,Summer,0,None,P003,School Bag,Accessories,120.0,40.0,98,0,0.0,1
2026-08-08,8,Summer,0,None,P003,School Bag,Accessories,120.0,40.0,96,0,0.0,2
2026-08-09,8,Summer,0,None,P003,School Bag,Accessories,120.0,40.0,94,0,0.0,2
2026-08-10,8,Summer,0,None,P003,School Bag,Accessories,120.0,40.0,92,0,0.0,2
2026-08-11,8,Summer,0,None,P003,School Bag,Accessories,120.0,40.0,91,0,0.0,1
2026-08-12,8,Summer,0,None,P003,School Bag,Accessories,120.0,40.0,89,0,0.0,2
2026-08-13,8,Summer,0,None,P003,School Bag,Accessories,120.0,40.0,88,0,0.0,1
2026-08-14,8,Summer,0,None,P003,School Bag,Accessories,120.0,40.0,87,0,0.0,1
2026-08-15,8,Summer,0,None,P003,School Bag,Accessories,120.0,40.0,85,0,0.0,2
2026-08-16,8,Summer,0,None,P003,School Bag,Accessories,120.0,40.0,83,0,0.0,2
2026-08-17,8,Summer,0,None,P003,School Bag,Accessories,120.0,40.0,81,0,0.0,2
2026-08-18,8,Summer,0,None,P003,School Bag,Accessories,120.0,40.0,79,0,0.0,2
2026-08-19,8,Summer,0,None,P003,School Bag,Accessories,120.0,40.0,77,0,0.0,2
2026-08-20,8,Summer,0,None,P003,School Bag,Accessories,120.0,40.0,75,0,0.0,2
2026-08-21,8,Summer,0,None,P003,School Bag,Accessories,120.0,40.0,72,0,0.0,3
2026-08-22,8,Summer,0,None,P003,School Bag,Accessories,120.0,40.0,70,0,0.0,2
2026-08-23,8,Summer,0,None,P003,School Bag,Accessories,120.0,40.0,67,0,0.0,3
2026-08-24,8,Summer,0,None,P003,School Bag,Accessories,120.0,40.0,66,0,0.0,1
2026-08-25,8,Summer,0,None,P003,School Bag,Accessories,97.94,40.0,64,1,0.183827234888411,2
2026-08-26,8,Summer,0,None,P003,School Bag,Accessories,120.0,40.0,62,0,0.0,2
2026-08-27,8,Summer,0,None,P003,School Bag,Accessories,120.0,40.0,61,0,0.0,1
2026-08-28,8,Summer,0,None,P003,School Bag,Accessories,100.38,40.0,59,1,0.16347777000557703,2
2026-08-29,8,Summer,0,None,P003,School Bag,Accessories,120.0,40.0,58,0,0.0,1
2026-08-30,8,Summer,0,None,P003,School Bag,Accessories,120.0,40.0,56,0,0.0,2
2026-08-31,8,Summer,0,None,P003,School Bag,Accessories,120.0,40.0,54,0,0.0,2
2026-09-01,9,Autumn,1,Back_to_school,P003,School Bag,Accessories,120.0,40.0,0,0,0.0,54
2026-09-02,9,Autumn,1,Back_to_school,P003,School Bag,Accessories,90.09,40.0,0,1,0.24923592771045447,80
2026-09-03,9,Autumn,1,Back_to_school,P003,School Bag,Accessories,120.0,40.0,50,0,0.0,58
2026-09-04,9,Autumn,1,Back_to_school,P003,School Bag,Accessories,120.0,40.0,0,0,0.0,50
2026-09-05,9,Autumn,1,Back_to_school,P003,School Bag,Accessories,120.0,40.0,0,0,0.0,76
2026-09-06,9,Autumn,1,Back_to_school,P003,School Bag,Accessories,120.0,40.0,0,0,0.0,100
2026-09-07,9,Autumn,1,Back_to_school,P003,School Bag,Accessories,120.0,40.0,4,0,0.0,73
2026-09-08,9,Autumn,1,Back_to_school,P003,School Bag,Accessories,120.0,40.0,13,0,0.0,63
2026-09-09,9,Autumn,1,Back_to_school,P003,School Bag,Accessories,120.0,40.0,75,0,0.0,54
2026-09-10,9,Autumn,1,Back_to_school,P003,School Bag,Accessories,120.0,40.0,1,0,0.0,74
2026-09-11,9,Autumn,1,Back_to_school,P003,School Bag,Accessories,120.0,40.0,34,0,0.0,77
2026-09-12,9,Autumn,1,Back_to_school,P003,School Bag,Accessories,120.0,40.0,0,0,0.0,34
2026-09-13,9,Autumn,1,Back_to_school,P003,School Bag,Accessories,120.0,40.0,38,0,0.0,72
2026-09-14,9,Autumn,1,Back_to_school,P003,School Bag,Accessories,95.87,40.0,0,1,0.2010730513011859,38
2026-09-15,9,Autumn,1,Back_to_school,P003,School Bag,Accessories,120.0,40.0,19,0,0.0,65
2026-09-16,9,Autumn,0,None,P003,School Bag,Accessories,120.0,40.0,127,0,0.0,10
2026-09-17,9,Autumn,0,None,P003,School Bag,Accessories,120.0,40.0,115,0,0.0,12
2026-09-18,9,Autumn,0,None,P003,School Bag,Accessories,97.71,40.0,102,1,0.18572885584170634,13
2026-09-19,9,Autumn,0,None,P003,School Bag,Accessories,120.0,40.0,88,0,0.0,14
2026-09-20,9,Autumn,0,None,P003,School Bag,Accessories,120.0,40.0,79,0,0.0,9
2026-09-21,9,Autumn,0,None,P003,School Bag,Accessories,120.0,40.0,71,0,0.0,8
2026-09-22,9,Autumn,0,None,P003,School Bag,Accessories,120.0,40.0,65,0,0.0,6
2026-09-23,9,Autumn,0,None,P003,School Bag,Accessories,120.0,40.0,56,0,0.0,9
2026-09-24,9,Autumn,0,None,P003,School Bag,Accessories,120.0,40.0,47,0,0.0,9
2026-09-25,9,Autumn,0,None,P003,School Bag,Accessories,120.0,40.0,35,0,0.0,12
2026-09-26,9,Autumn,0,None,P003,School Bag,Accessories,120.0,40.0,19,0,0.0,16
2024-09-27,9,Autumn,0,None,P004,Dates,Groceries,35.0,15.0,151,0,0.0,11
2024-09-28,9,Autumn,0,None,P004,Dates,Groceries,35.0,15.0,143,0,0.0,8
2024-09-29,9,Autumn,0,None,P004,Dates,Groceries,35.0,15.0,133,0,0.0,10
2024-09-30,9,Autumn,0,None,P004,Dates,Groceries,35.0,15.0,125,0,0.0,8
2024-10-01,10,Autumn,0,None,P004,Dates,Groceries,35.0,15.0,117,0,0.0,8
2024-10-02,10,Autumn,0,None,P004,Dates,Groceries,35.0,15.0,110,0,0.0,7
2024-10-03,10,Autumn,0,None,P004,Dates,Groceries,35.0,15.0,97,0,0.0,13
2024-10-04,10,Autumn,0,None,P004,Dates,Groceries,35.0,15.0,390,0,0.0,11
2024-10-05,10,Autumn,0,None,P004,Dates,Groceries,35.0,15.0,378,0,0.0,12
2024-10-06,10,Autumn,0,None,P004,Dates,Groceries,35.0,15.0,367,0,0.0,11
2024-10-07,10,Autumn,0,None,P004,Dates,Groceries,35.0,15.0,357,0,0.0,10
2024-10-08,10,Autumn,0,None,P004,Dates,Groceries,35.0,15.0,345,0,0.0,12
2024-10-09,10,Autumn,0,None,P004,Dates,Groceries,35.0,15.0,333,0,0.0,12
2024-10-10,10,Autumn,0,None,P004,Dates,Groceries,35.0,15.0,323,0,0.0,10
2024-10-11,10,Autumn,0,None,P004,Dates,Groceries,35.0,15.0,310,0,0.0,13
2024-10-12,10,Autumn,0,None,P004,Dates,Groceries,35.0,15.0,297,0,0.0,13
2024-10-13,10,Autumn,0,None,P004,Dates,Groceries,35.0,15.0,285,0,0.0,12
2024-10-14,10,Autumn,0,None,P004,Dates,Groceries,35.0,15.0,279,0,0.0,6
2024-10-15,10,Autumn,0,None,P004,Dates,Groceries,35.0,15.0,271,0,0.0,8
2024-10-16,10,Autumn,0,None,P004,Dates,Groceries,26.41,15.0,257,1,0.24537538122795433,14
2024-10-17,10,Autumn,0,None,P004,Dates,Groceries,35.0,15.0,249,0,0.0,8
2024-10-18,10,Autumn,0,None,P004,Dates,Groceries,25.74,15.0,236,1,0.2645405843434413,13
2024-10-19,10,Autumn,0,None,P004,Dates,Groceries,35.0,15.0,223,0,0.0,13
2024-10-20,10,Autumn,0,None,P004,Dates,Groceries,35.0,15.0,217,0,0.0,6
2024-10-21,10,Autumn,0,None,P004,Dates,Groceries,35.0,15.0,210,0,0.0,7
2024-10-22,10,Autumn,0,None,P004,Dates,Groceries,35.0,15.0,200,0,0.0,10
2024-10-23,10,Autumn,0,None,P004,Dates,Groceries,35.0,15.0,188,0,0.0,12
2024-10-24,10,Autumn,0,None,P004,Dates,Groceries,28.3,15.0,176,1,0.19134611857716805,12
2024-10-25,10,Autumn,0,None,P004,Dates,Groceries,35.0,15.0,167,0,0.0,9
2024-10-26,10,Autumn,0,None,P004,Dates,Groceries,35.0,15.0,156,0,0.0,11
2024-10-27,10,Autumn,0,None,P004,Dates,Groceries,35.0,15.0,143,0,0.0,13
2024-10-28,10,Autumn,0,None,P004,Dates,Groceries,35.0,15.0,130,0,0.0,13
2024-10-29,10,Autumn,0,None,P004,Dates,Groceries,35.0,15.0,118,0,0.0,12
2024-10-30,10,Autumn,0,None,P004,Dates,Groceries,31.17,15.0,105,1,0.10941167589200379,13
2024-10-31,10,Autumn,0,None,P004,Dates,Groceries,30.18,15.0,91,1,0.1377588055546889,14
2024-11-01,11,Autumn,0,None,P004,Dates,Groceries,35.0,15.0,519,0,0.0,9
2024-11-02,11,Autumn,0,None,P004,Dates,Groceries,35.0,15.0,506,0,0.0,13
2024-11-03,11,Autumn,0,None,P004,Dates,Groceries,35.0,15.0,496,0,0.0,10
2024-11-04,11,Autumn,0,None,P004,Dates,Groceries,35.0,15.0,485,0,0.0,11
2024-11-05,11,Autumn,0,None,P004,Dates,Groceries,35.0,15.0,475,0,0.0,10
2024-11-06,11,Autumn,0,None,P004,Dates,Groceries,35.0,15.0,464,0,0.0,11
2024-11-07,11,Autumn,0,None,P004,Dates,Groceries,35.0,15.0,454,0,0.0,10
2024-11-08,11,Autumn,0,None,P004,Dates,Groceries,35.0,15.0,444,0,0.0,10
2024-11-09,11,Autumn,0,None,P004,Dates,Groceries,35.0,15.0,432,0,0.0,12
2024-11-10,11,Autumn,0,None,P004,Dates,Groceries,35.0,15.0,416,0,0.0,16
2024-11-11,11,Autumn,0,None,P004,Dates,Groceries,35.0,15.0,406,0,0.0,10
2024-11-12,11,Autumn,0,None,P004,Dates,Groceries,35.0,15.0,398,0,0.0,8
2024-11-13,11,Autumn,0,None,P004,Dates,Groceries,30.98,15.0,383,1,0.1148669217772143,15
2024-11-14,11,Autumn,0,None,P004,Dates,Groceries,35.0,15.0,374,0,0.0,9
2024-11-15,11,Autumn,0,None,P004,Dates,Groceries,35.0,15.0,362,0,0.0,12
2024-11-16,11,Autumn,0,None,P004,Dates,Groceries,35.0,15.0,352,0,0.0,10
2024-11-17,11,Autumn,0,None,P004,Dates,Groceries,35.0,15.0,343,0,0.0,9
2024-11-18,11,Autumn,0,None,P004,Dates,Groceries,35.0,15.0,333,0,0.0,10
2024-11-19,11,Autumn,0,None,P004,Dates,Groceries,35.0,15.0,323,0,0.0,10
2024-11-20,11,Autumn,0,None,P004,Dates,Groceries,35.0,15.0,313,0,0.0,10
2024-11-21,11,Autumn,0,None,P004,Dates,Groceries,35.0,15.0,304,0,0.0,9
2024-11-22,11,Autumn,0,None,P004,Dates,Groceries,35.0,15.0,294,0,0.0,10
2024-11-23,11,Autumn,0,None,P004,Dates,Groceries,35.0,15.0,282,0,0.0,12
2024-11-24,11,Autumn,0,None,P004,Dates,Groceries,35.0,15.0,270,0,0.0,12
2024-11-25,11,Autumn,0,None,P004,Dates,Groceries,35.0,15.0,261,0,0.0,9
2024-11-26,11,Autumn,0,None,P004,Dates,Groceries,35.0,15.0,251,0,0.0,10
2024-11-27,11,Autumn,0,None,P004,Dates,Groceries,35.0,15.0,243,0,0.0,8
2024-11-28,11,Autumn,0,None,P004,Dates,Groceries,35.0,15.0,233,0,0.0,10
2024-11-29,11,Autumn,0,None,P004,Dates,Groceries,35.0,15.0,228,0,0.0,5
2024-11-30,11,Autumn,0,None,P004,Dates,Groceries,35.0,15.0,218,0,0.0,10
2024-12-01,12,Winter,0,None,P004,Dates,Groceries,35.0,15.0,204,0,0.0,14
2024-12-02,12,Winter,0,None,P004,Dates,Groceries,35.0,15.0,195,0,0.0,9
2024-12-03,12,Winter,0,None,P004,Dates,Groceries,35.0,15.0,186,0,0.0,9
2024-12-04,12,Winter,0,None,P004,Dates,Groceries,35.0,15.0,175,0,0.0,11
2024-12-05,12,Winter,0,None,P004,Dates,Groceries,35.0,15.0,163,0,0.0,12
2024-12-06,12,Winter,0,None,P004,Dates,Groceries,35.0,15.0,152,0,0.0,11
2024-12-07,12,Winter,0,None,P004,Dates,Groceries,35.0,15.0,140,0,0.0,12
2024-12-08,12,Winter,0,None,P004,Dates,Groceries,35.0,15.0,129,0,0.0,11
2024-12-09,12,Winter,0,None,P004,Dates,Groceries,35.0,15.0,121,0,0.0,8
2024-12-10,12,Winter,0,None,P004,Dates,Groceries,35.0,15.0,111,0,0.0,10
2024-12-11,12,Winter,0,None,P004,Dates,Groceries,35.0,15.0,103,0,0.0,8
2024-12-12,12,Winter,0,None,P004,Dates,Groceries,35.0,15.0,92,0,0.0,11
2024-12-13,12,Winter,0,None,P004,Dates,Groceries,35.0,15.0,478,0,0.0,10
2024-12-14,12,Winter,0,None,P004,Dates,Groceries,35.0,15.0,467,0,0.0,11
2024-12-15,12,Winter,0,None,P004,Dates,Groceries,35.0,15.0,456,0,0.0,11
2024-12-16,12,Winter,0,None,P004,Dates,Groceries,35.0,15.0,446,0,0.0,10
2024-12-17,12,Winter,0,None,P004,Dates,Groceries,24.86,15.0,433,1,0.28970406550278305,13
2024-12-18,12,Winter,0,None,P004,Dates,Groceries,35.0,15.0,420,0,0.0,13
2024-12-19,12,Winter,0,None,P004,Dates,Groceries,35.0,15.0,410,0,0.0,10
2024-12-20,12,Winter,0,None,P004,Dates,Groceries,35.0,15.0,401,0,0.0,9
2024-12-21,12,Winter,0,None,P004,Dates,Groceries,25.55,15.0,376,1,0.2699892991890377,25
2024-12-22,12,Winter,0,None,P004,Dates,Groceries,35.0,15.0,364,0,0.0,12
2024-12-23,12,Winter,0,None,P004,Dates,Groceries,35.0,15.0,355,0,0.0,9
2024-12-24,12,Winter,0,None,P004,Dates,Groceries,35.0,15.0,347,0,0.0,8
2024-12-25,12,Winter,0,None,P004,Dates,Groceries,35.0,15.0,341,0,0.0,6
2024-12-26,12,Winter,0,None,P004,Dates,Groceries,35.0,15.0,335,0,0.0,6
2024-12-27,12,Winter,0,None,P004,Dates,Groceries,35.0,15.0,327,0,0.0,8
2024-12-28,12,Winter,0,None,P004,Dates,Groceries,35.0,15.0,318,0,0.0,9
2024-12-29,12,Winter,0,None,P004,Dates,Groceries,35.0,15.0,306,0,0.0,12
2024-12-30,12,Winter,0,None,P004,Dates,Groceries,35.0,15.0,296,0,0.0,10
2024-12-31,12,Winter,0,None,P004,Dates,Groceries,35.0,15.0,287,0,0.0,9
2025-01-01,1,Winter,0,None,P004,Dates,Groceries,35.0,15.0,280,0,0.0,7
2025-01-02,1,Winter,0,None,P004,Dates,Groceries,35.0,15.0,270,0,0.0,10
2025-01-03,1,Winter,0,None,P004,Dates,Groceries,35.0,15.0,263,0,0.0,7
2025-01-04,1,Winter,0,None,P004,Dates,Groceries,35.0,15.0,256,0,0.0,7
2025-01-05,1,Winter,0,None,P004,Dates,Groceries,35.0,15.0,247,0,0.0,9
2025-01-06,1,Winter,0,None,P004,Dates,Groceries,35.0,15.0,239,0,0.0,8
2025-01-07,1,Winter,0,None,P004,Dates,Groceries,26.27,15.0,226,1,0.24932064092884076,13
2025-01-08,1,Winter,0,None,P004,Dates,Groceries,35.0,15.0,218,0,0.0,8
2025-01-09,1,Winter,0,None,P004,Dates,Groceries,35.0,15.0,210,0,0.0,8
2025-01-10,1,Winter,0,None,P004,Dates,Groceries,35.0,15.0,199,0,0.0,11
2025-01-11,1,Winter,0,None,P004,Dates,Groceries,35.0,15.0,189,0,0.0,10
2025-01-12,1,Winter,0,None,P004,Dates,Groceries,35.0,15.0,177,0,0.0,12
2025-01-13,1,Winter,0,None,P004,Dates,Groceries,35.0,15.0,167,0,0.0,10
2025-01-14,1,Winter,0,None,P004,Dates,Groceries,35.0,15.0,159,0,0.0,8
2025-01-15,1,Winter,0,None,P004,Dates,Groceries,35.0,15.0,152,0,0.0,7
2025-01-16,1,Winter,0,None,P004,Dates,Groceries,35.0,15.0,146,0,0.0,6
2025-01-17,1,Winter,0,None,P004,Dates,Groceries,29.68,15.0,129,1,0.15214175482657044,17
2025-01-18,1,Winter,0,None,P004,Dates,Groceries,35.0,15.0,116,0,0.0,13
2025-01-19,1,Winter,0,None,P004,Dates,Groceries,35.0,15.0,105,0,0.0,11
2025-01-20,1,Winter,0,None,P004,Dates,Groceries,28.36,15.0,87,1,0.18985363169312736,18
2025-01-21,1,Winter,0,None,P004,Dates,Groceries,35.0,15.0,465,0,0.0,10
2025-01-22,1,Winter,0,None,P004,Dates,Groceries,28.38,15.0,454,1,0.1892340875625393,11
2025-01-23,1,Winter,0,None,P004,Dates,Groceries,35.0,15.0,445,0,0.0,9
2025-01-24,1,Winter,0,None,P004,Dates,Groceries,35.0,15.0,439,0,0.0,6
2025-01-25,1,Winter,0,None,P004,Dates,Groceries,35.0,15.0,430,0,0.0,9
2025-01-26,1,Winter,0,None,P004,Dates,Groceries,35.0,15.0,415,0,0.0,15
2025-01-27,1,Winter,0,None,P004,Dates,Groceries,35.0,15.0,407,0,0.0,8
2025-01-28,1,Winter,0,None,P004,Dates,Groceries,35.0,15.0,398,0,0.0,9
2025-01-29,1,Winter,0,None,P004,Dates,Groceries,35.0,15.0,387,0,0.0,11
2025-01-30,1,Winter,0,None,P004,Dates,Groceries,35.0,15.0,379,0,0.0,8
2025-01-31,1,Winter,0,None,P004,Dates,Groceries,35.0,15.0,373,0,0.0,6
2025-02-01,2,Winter,0,None,P004,Dates,Groceries,35.0,15.0,361,0,0.0,12
2025-02-02,2,Winter,0,None,P004,Dates,Groceries,35.0,15.0,348,0,0.0,13
2025-02-03,2,Winter,0,None,P004,Dates,Groceries,35.0,15.0,340,0,0.0,8
2025-02-04,2,Winter,0,None,P004,Dates,Groceries,35.0,15.0,333,0,0.0,7
2025-02-05,2,Winter,0,None,P004,Dates,Groceries,35.0,15.0,322,0,0.0,11
2025-02-06,2,Winter,0,None,P004,Dates,Groceries,35.0,15.0,312,0,0.0,10
2025-02-07,2,Winter,0,None,P004,Dates,Groceries,35.0,15.0,304,0,0.0,8
2025-02-08,2,Winter,0,None,P004,Dates,Groceries,35.0,15.0,295,0,0.0,9
2025-02-09,2,Winter,0,None,P004,Dates,Groceries,35.0,15.0,281,0,0.0,14
2025-02-10,2,Winter,0,None,P004,Dates,Groceries,35.0,15.0,272,0,0.0,9
2025-02-11,2,Winter,0,None,P004,Dates,Groceries,35.0,15.0,264,0,0.0,8
2025-02-12,2,Winter,0,None,P004,Dates,Groceries,35.0,15.0,254,0,0.0,10
2025-02-13,2,Winter,0,None,P004,Dates,Groceries,35.0,15.0,251,0,0.0,3
2025-02-14,2,Winter,0,None,P004,Dates,Groceries,35.0,15.0,242,0,0.0,9
2025-02-15,2,Winter,0,None,P004,Dates,Groceries,35.0,15.0,229,0,0.0,13
2025-02-16,2,Winter,0,None,P004,Dates,Groceries,35.0,15.0,215,0,0.0,14
2025-02-17,2,Winter,0,None,P004,Dates,Groceries,35.0,15.0,203,0,0.0,12
2025-02-18,2,Winter,0,None,P004,Dates,Groceries,35.0,15.0,197,0,0.0,6
2025-02-19,2,Winter,0,None,P004,Dates,Groceries,30.86,15.0,188,1,0.11835552129423517,9
2025-02-20,2,Winter,0,None,P004,Dates,Groceries,35.0,15.0,178,0,0.0,10
2025-02-21,2,Winter,0,None,P004,Dates,Groceries,35.0,15.0,166,0,0.0,12
2025-02-22,2,Winter,0,None,P004,Dates,Groceries,35.0,15.0,152,0,0.0,14
2025-02-23,2,Winter,0,None,P004,Dates,Groceries,35.0,15.0,137,0,0.0,15
2025-02-24,2,Winter,0,None,P004,Dates,Groceries,35.0,15.0,125,0,0.0,12
2025-02-25,2,Winter,0,None,P004,Dates,Groceries,35.0,15.0,115,0,0.0,10
2025-02-26,2,Winter,0,None,P004,Dates,Groceries,35.0,15.0,107,0,0.0,8
2025-02-27,2,Winter,0,None,P004,Dates,Groceries,35.0,15.0,101,0,0.0,6
2025-02-28,2,Winter,0,None,P004,Dates,Groceries,35.0,15.0,89,0,0.0,12
2025-03-01,3,Spring,0,None,P004,Dates,Groceries,35.0,15.0,599,0,0.0,14
2025-03-02,3,Spring,0,None,P004,Dates,Groceries,35.0,15.0,587,0,0.0,12
2025-03-03,3,Spring,0,None,P004,Dates,Groceries,35.0,15.0,578,0,0.0,9
2025-03-04,3,Spring,0,None,P004,Dates,Groceries,35.0,15.0,569,0,0.0,9
2025-03-05,3,Spring,0,None,P004,Dates,Groceries,35.0,15.0,559,0,0.0,10
2025-03-06,3,Spring,0,None,P004,Dates,Groceries,35.0,15.0,544,0,0.0,15
2025-03-07,3,Spring,0,None,P004,Dates,Groceries,35.0,15.0,534,0,0.0,10
2025-03-08,3,Spring,0,None,P004,Dates,Groceries,35.0,15.0,523,0,0.0,11
2025-03-09,3,Spring,0,None,P004,Dates,Groceries,35.0,15.0,516,0,0.0,7
2025-03-10,3,Spring,1,Ramadan,P004,Dates,Groceries,35.0,15.0,459,0,0.0,57
2025-03-11,3,Spring,1,Ramadan,P004,Dates,Groceries,26.45,15.0,405,1,0.24414502240533578,54
2025-03-12,3,Spring,1,Ramadan,P004,Dates,Groceries,35.0,15.0,339,0,0.0,66
2025-03-13,3,Spring,1,Ramadan,P004,Dates,Groceries,35.0,15.0,276,0,0.0,63
2025-03-14,3,Spring,1,Ramadan,P004,Dates,Groceries,35.0,15.0,215,0,0.0,61
2025-03-15,3,Spring,1,Ramadan,P004,Dates,Groceries,35.0,15.0,140,0,0.0,75
2025-03-16,3,Spring,1,Ramadan,P004,Dates,Groceries,35.0,15.0,81,0,0.0,59
2025-03-17,3,Spring,1,Ramadan,P004,Dates,Groceries,35.0,15.0,628,0,0.0,37
2025-03-18,3,Spring,1,Ramadan,P004,Dates,Groceries,35.0,15.0,588,0,0.0,40
2025-03-19,3,Spring,1,Ramadan,P004,Dates,Groceries,35.0,15.0,538,0,0.0,50
2025-03-20,3,Spring,1,Ramadan,P004,Dates,Groceries,35.0,15.0,506,0,0.0,32
2025-03-21,3,Spring,1,Ramadan,P004,Dates,Groceries,35.0,15.0,453,0,0.0,53
2025-03-22,3,Spring,1,Ramadan,P004,Dates,Groceries,35.0,15.0,410,0,0.0,43
2025-03-23,3,Spring,1,Ramadan,P004,Dates,Groceries,35.0,15.0,351,0,0.0,59
2025-03-24,3,Spring,1,Ramadan,P004,Dates,Groceries,35.0,15.0,295,0,0.0,56
2025-03-25,3,Spring,1,Ramadan,P004,Dates,Groceries,35.0,15.0,242,0,0.0,53
2025-03-26,3,Spring,1,Ramadan,P004,Dates,Groceries,35.0,15.0,203,0,0.0,39
2025-03-27,3,Spring,1,Ramadan,P004,Dates,Groceries,35.0,15.0,143,0,0.0,60
2025-03-28,3,Spring,1,Ramadan,P004,Dates,Groceries,35.0,15.0,93,0,0.0,50
2025-03-29,3,Spring,1,Ramadan,P004,Dates,Groceries,35.0,15.0,441,0,0.0,54
2025-03-30,3,Spring,1,Ramadan,P004,Dates,Groceries,35.0,15.0,362,0,0.0,79
2025-03-31,3,Spring,1,Ramadan,P004,Dates,Groceries,26.88,15.0,300,1,0.2320776504791651,62
2025-04-01,4,Spring,0,None,P004,Dates,Groceries,35.0,15.0,291,0,0.0,9
2025-04-02,4,Spring,0,None,P004,Dates,Groceries,35.0,15.0,277,0,0.0,14
2025-04-03,4,Spring,0,None,P004,Dates,Groceries,35.0,15.0,268,0,0.0,9
2025-04-04,4,Spring,0,None,P004,Dates,Groceries,24.82,15.0,254,1,0.2907873505052817,14
2025-04-05,4,Spring,0,None,P004,Dates,Groceries,35.0,15.0,240,0,0.0,14
2025-04-06,4,Spring,0,None,P004,Dates,Groceries,35.0,15.0,226,0,0.0,14
2025-04-07,4,Spring,0,None,P004,Dates,Groceries,35.0,15.0,217,0,0.0,9
2025-04-08,4,Spring,0,None,P004,Dates,Groceries,25.05,15.0,204,1,0.28422877603616836,13
2025-04-09,4,Spring,1,Eid al-Fitr,P004,Dates,Groceries,35.0,15.0,196,0,0.0,8
2025-04-10,4,Spring,1,Eid al-Fitr,P004,Dates,Groceries,35.0,15.0,188,0,0.0,8
2025-04-11,4,Spring,0,None,P004,Dates,Groceries,35.0,15.0,178,0,0.0,10
2025-04-12,4,Spring,0,None,P004,Dates,Groceries,35.0,15.0,163,0,0.0,15
2025-04-13,4,Spring,0,None,P004,Dates,Groceries,35.0,15.0,148,0,0.0,15
2025-04-14,4,Spring,0,None,P004,Dates,Groceries,35.0,15.0,139,0,0.0,9
2025-04-15,4,Spring,0,None,P004,Dates,Groceries,35.0,15.0,130,0,0.0,9
2025-04-16,4,Spring,0,None,P004,Dates,Groceries,35.0,15.0,118,0,0.0,12
2025-04-17,4,Spring,0,None,P004,Dates,Groceries,35.0,15.0,108,0,0.0,10
2025-04-18,4,Spring,0,None,P004,Dates,Groceries,35.0,15.0,101,0,0.0,7
2025-04-19,4,Spring,0,None,P004,Dates,Groceries,35.0,15.0,91,0,0.0,10
2025-04-20,4,Spring,0,None,P004,Dates,Groceries,35.0,15.0,533,0,0.0,14
2025-04-21,4,Spring,0,None,P004,Dates,Groceries,25.77,15.0,516,1,0.26366156353506054,17
2025-04-22,4,Spring,0,None,P004,Dates,Groceries,35.0,15.0,510,0,0.0,6
2025-04-23,4,Spring,0,None,P004,Dates,Groceries,35.0,15.0,501,0,0.0,9
2025-04-24,4,Spring,0,None,P004,Dates,Groceries,35.0,15.0,493,0,0.0,8
2025-04-25,4,Spring,0,None,P004,Dates,Groceries,35.0,15.0,483,0,0.0,10
2025-04-26,4,Spring,0,None,P004,Dates,Groceries,29.84,15.0,463,1,0.14736989411930926,20
2025-04-27,4,Spring,0,None,P004,Dates,Groceries,35.0,15.0,451,0,0.0,12
2025-04-28,4,Spring,0,None,P004,Dates,Groceries,35.0,15.0,443,0,0.0,8
2025-04-29,4,Spring,0,None,P004,Dates,Groceries,35.0,15.0,433,0,0.0,10
2025-04-30,4,Spring,0,None,P004,Dates,Groceries,35.0,15.0,429,0,0.0,4
2025-05-01,5,Spring,0,None,P004,Dates,Groceries,35.0,15.0,422,0,0.0,7
2025-05-02,5,Spring,0,None,P004,Dates,Groceries,28.23,15.0,410,1,0.19340357330434832,12
2025-05-03,5,Spring,0,None,P004,Dates,Groceries,35.0,15.0,399,0,0.0,11
2025-05-04,5,Spring,0,None,P004,Dates,Groceries,35.0,15.0,387,0,0.0,12
2025-05-05,5,Spring,0,None,P004,Dates,Groceries,35.0,15.0,376,0,0.0,11
2025-05-06,5,Spring,0,None,P004,Dates,Groceries,35.0,15.0,367,0,0.0,9
2025-05-07,5,Spring,0,None,P004,Dates,Groceries,35.0,15.0,361,0,0.0,6
2025-05-08,5,Spring,0,None,P004,Dates,Groceries,27.49,15.0,347,1,0.2146863650711322,14
2025-05-09,5,Spring,0,None,P004,Dates,Groceries,28.36,15.0,332,1,0.18985490939132996,15
2025-05-10,5,Spring,0,None,P004,Dates,Groceries,35.0,15.0,323,0,0.0,9
2025-05-11,5,Spring,0,None,P004,Dates,Groceries,35.0,15.0,312,0,0.0,11
2025-05-12,5,Spring,0,None,P004,Dates,Groceries,35.0,15.0,305,0,0.0,7
2025-05-13,5,Spring,0,None,P004,Dates,Groceries,35.0,15.0,298,0,0.0,7
2025-05-14,5,Spring,0,None,P004,Dates,Groceries,35.0,15.0,286,0,0.0,12
2025-05-15,5,Spring,0,None,P004,Dates,Groceries,25.21,15.0,271,1,0.2796292889640202,15
2025-05-16,5,Spring,0,None,P004,Dates,Groceries,27.44,15.0,257,1,0.21591934548253477,14
2025-05-17,5,Spring,0,None,P004,Dates,Groceries,35.0,15.0,240,0,0.0,17
2025-05-18,5,Spring,0,None,P004,Dates,Groceries,35.0,15.0,230,0,0.0,10
2025-05-19,5,Spring,0,None,P004,Dates,Groceries,26.11,15.0,217,1,0.25400424569116575,13
2025-05-20,5,Spring,0,None,P004,Dates,Groceries,35.0,15.0,208,0,0.0,9
2025-05-21,5,Spring,0,None,P004,Dates,Groceries,35.0,15.0,197,0,0.0,11
2025-05-22,5,Spring,0,None,P004,Dates,Groceries,35.0,15.0,189,0,0.0,8
2025-05-23,5,Spring,0,None,P004,Dates,Groceries,35.0,15.0,180,0,0.0,9
2025-05-24,5,Spring,0,None,P004,Dates,Groceries,35.0,15.0,170,0,0.0,10
2025-05-25,5,Spring,0,None,P004,Dates,Groceries,35.0,15.0,156,0,0.0,14
2025-05-26,5,Spring,0,None,P004,Dates,Groceries,35.0,15.0,146,0,0.0,10
2025-05-27,5,Spring,0,None,P004,Dates,Groceries,31.37,15.0,133,1,0.10370624671886666,13
2025-05-28,5,Spring,0,None,P004,Dates,Groceries,35.0,15.0,125,0,0.0,8
2025-05-29,5,Spring,0,None,P004,Dates,Groceries,35.0,15.0,117,0,0.0,8
2025-05-30,5,Spring,0,None,P004,Dates,Groceries,35.0,15.0,110,0,0.0,7
2025-05-31,5,Spring,0,None,P004,Dates,Groceries,27.22,15.0,92,1,0.22222830464224924,18
2025-06-01,6,Summer,0,None,P004,Dates,Groceries,35.0,15.0,413,0,0.0,17
2025-06-02,6,Summer,0,None,P004,Dates,Groceries,35.0,15.0,403,0,0.0,10
2025-06-03,6,Summer,0,None,P004,Dates,Groceries,35.0,15.0,394,0,0.0,9
2025-06-04,6,Summer,0,None,P004,Dates,Groceries,35.0,15.0,383,0,0.0,11
2025-06-05,6,Summer,0,None,P004,Dates,Groceries,35.0,15.0,374,0,0.0,9
2025-06-06,6,Summer,0,None,P004,Dates,Groceries,35.0,15.0,364,0,0.0,10
2025-06-07,6,Summer,0,None,P004,Dates,Groceries,35.0,15.0,352,0,0.0,12
2025-06-08,6,Summer,0,None,P004,Dates,Groceries,35.0,15.0,339,0,0.0,13
2025-06-09,6,Summer,0,None,P004,Dates,Groceries,35.0,15.0,330,0,0.0,9
2025-06-10,6,Summer,0,None,P004,Dates,Groceries,35.0,15.0,323,0,0.0,7
2025-06-11,6,Summer,0,None,P004,Dates,Groceries,35.0,15.0,314,0,0.0,9
2025-06-12,6,Summer,0,None,P004,Dates,Groceries,35.0,15.0,303,0,0.0,11
2025-06-13,6,Summer,0,None,P004,Dates,Groceries,35.0,15.0,291,0,0.0,12
2025-06-14,6,Summer,0,None,P004,Dates,Groceries,26.67,15.0,272,1,0.2379582494625732,19
2025-06-15,6,Summer,0,None,P004,Dates,Groceries,35.0,15.0,258,0,0.0,14
2025-06-16,6,Summer,1,Eid al-Adha,P004,Dates,Groceries,35.0,15.0,247,0,0.0,11
2025-06-17,6,Summer,1,Eid al-Adha,P004,Dates,Groceries,35.0,15.0,239,0,0.0,8
2025-06-18,6,Summer,0,None,P004,Dates,Groceries,35.0,15.0,230,0,0.0,9
2025-06-19,6,Summer,0,None,P004,Dates,Groceries,35.0,15.0,219,0,0.0,11
2025-06-20,6,Summer,0,None,P004,Dates,Groceries,35.0,15.0,210,0,0.0,9
2025-06-21,6,Summer,0,None,P004,Dates,Groceries,35.0,15.0,200,0,0.0,10
2025-06-22,6,Summer,0,None,P004,Dates,Groceries,27.45,15.0,176,1,0.2156436762446579,24
2025-06-23,6,Summer,0,None,P004,Dates,Groceries,27.71,15.0,161,1,0.208247642886766,15
2025-06-24,6,Summer,0,None,P004,Dates,Groceries,26.59,15.0,146,1,0.2402288439933307,15
2025-06-25,6,Summer,0,None,P004,Dates,Groceries,35.0,15.0,133,0,0.0,13
2025-06-26,6,Summer,0,None,P004,Dates,Groceries,35.0,15.0,122,0,0.0,11
2025-06-27,6,Summer,0,None,P004,Dates,Groceries,35.0,15.0,113,0,0.0,9
2025-06-28,6,Summer,0,None,P004,Dates,Groceries,27.34,15.0,92,1,0.21882727829551024,21
2025-06-29,6,Summer,0,None,P004,Dates,Groceries,35.0,15.0,400,0,0.0,16
2025-06-30,6,Summer,0,None,P004,Dates,Groceries,35.0,15.0,391,0,0.0,9
2025-07-01,7,Summer,0,None,P004,Dates,Groceries,35.0,15.0,379,0,0.0,12
2025-07-02,7,Summer,0,None,P004,Dates,Groceries,35.0,15.0,368,0,0.0,11
2025-07-03,7,Summer,0,None,P004,Dates,Groceries,35.0,15.0,358,0,0.0,10
2025-07-04,7,Summer,0,None,P004,Dates,Groceries,35.0,15.0,349,0,0.0,9
2025-07-05,7,Summer,0,None,P004,Dates,Groceries,35.0,15.0,335,0,0.0,14
2025-07-06,7,Summer,0,None,P004,Dates,Groceries,35.0,15.0,323,0,0.0,12
2025-07-07,7,Summer,0,None,P004,Dates,Groceries,35.0,15.0,315,0,0.0,8
2025-07-08,7,Summer,0,None,P004,Dates,Groceries,35.0,15.0,306,0,0.0,9
2025-07-09,7,Summer,0,None,P004,Dates,Groceries,35.0,15.0,297,0,0.0,9
2025-07-10,7,Summer,0,None,P004,Dates,Groceries,35.0,15.0,285,0,0.0,12
2025-07-11,7,Summer,0,None,P004,Dates,Groceries,35.0,15.0,274,0,0.0,11
2025-07-12,7,Summer,0,None,P004,Dates,Groceries,35.0,15.0,262,0,0.0,12
2025-07-13,7,Summer,0,None,P004,Dates,Groceries,35.0,15.0,254,0,0.0,8
2025-07-14,7,Summer,0,None,P004,Dates,Groceries,28.61,15.0,241,1,0.18253564967582986,13
2025-07-15,7,Summer,0,None,P004,Dates,Groceries,28.65,15.0,230,1,0.18137968627812556,11
2025-07-16,7,Summer,0,None,P004,Dates,Groceries,35.0,15.0,220,0,0.0,10
2025-07-17,7,Summer,0,None,P004,Dates,Groceries,35.0,15.0,210,0,0.0,10
2025-07-18,7,Summer,0,None,P004,Dates,Groceries,35.0,15.0,201,0,0.0,9
2025-07-19,7,Summer,0,None,P004,Dates,Groceries,35.0,15.0,188,0,0.0,13
2025-07-20,7,Summer,0,None,P004,Dates,Groceries,35.0,15.0,178,0,0.0,10
2025-07-21,7,Summer,0,None,P004,Dates,Groceries,35.0,15.0,169,0,0.0,9
2025-07-22,7,Summer,0,None,P004,Dates,Groceries,35.0,15.0,160,0,0.0,9
2025-07-23,7,Summer,0,None,P004,Dates,Groceries,35.0,15.0,148,0,0.0,12
2025-07-24,7,Summer,0,None,P004,Dates,Groceries,35.0,15.0,138,0,0.0,10
2025-07-25,7,Summer,0,None,P004,Dates,Groceries,35.0,15.0,130,0,0.0,8
2025-07-26,7,Summer,0,None,P004,Dates,Groceries,35.0,15.0,118,0,0.0,12
2025-07-27,7,Summer,0,None,P004,Dates,Groceries,35.0,15.0,105,0,0.0,13
2025-07-28,7,Summer,0,None,P004,Dates,Groceries,30.94,15.0,90,1,0.11613395347823548,15
2025-07-29,7,Summer,0,None,P004,Dates,Groceries,35.0,15.0,480,0,0.0,12
2025-07-30,7,Summer,0,None,P004,Dates,Groceries,35.0,15.0,470,0,0.0,10
2025-07-31,7,Summer,0,None,P004,Dates,Groceries,35.0,15.0,463,0,0.0,7
2025-08-01,8,Summer,0,None,P004,Dates,Groceries,35.0,15.0,457,0,0.0,6
2025-08-02,8,Summer,0,None,P004,Dates,Groceries,35.0,15.0,442,0,0.0,15
2025-08-03,8,Summer,0,None,P004,Dates,Groceries,35.0,15.0,429,0,0.0,13
2025-08-04,8,Summer,0,None,P004,Dates,Groceries,35.0,15.0,420,0,0.0,9
2025-08-05,8,Summer,0,None,P004,Dates,Groceries,35.0,15.0,409,0,0.0,11
2025-08-06,8,Summer,0,None,P004,Dates,Groceries,31.15,15.0,400,1,0.10990252594045871,9
2025-08-07,8,Summer,0,None,P004,Dates,Groceries,35.0,15.0,390,0,0.0,10
2025-08-08,8,Summer,0,None,P004,Dates,Groceries,35.0,15.0,381,0,0.0,9
2025-08-09,8,Summer,0,None,P004,Dates,Groceries,35.0,15.0,367,0,0.0,14
2025-08-10,8,Summer,0,None,P004,Dates,Groceries,35.0,15.0,352,0,0.0,15
2025-08-11,8,Summer,0,None,P004,Dates,Groceries,35.0,15.0,344,0,0.0,8
2025-08-12,8,Summer,0,None,P004,Dates,Groceries,35.0,15.0,337,0,0.0,7
2025-08-13,8,Summer,0,None,P004,Dates,Groceries,35.0,15.0,328,0,0.0,9
2025-08-14,8,Summer,0,None,P004,Dates,Groceries,35.0,15.0,318,0,0.0,10
2025-08-15,8,Summer,0,None,P004,Dates,Groceries,27.0,15.0,303,1,0.22861219870800592,15
2025-08-16,8,Summer,0,None,P004,Dates,Groceries,35.0,15.0,287,0,0.0,16
2025-08-17,8,Summer,0,None,P004,Dates,Groceries,30.66,15.0,269,1,0.12388977679285716,18
2025-08-18,8,Summer,0,None,P004,Dates,Groceries,35.0,15.0,259,0,0.0,10
2025-08-19,8,Summer,0,None,P004,Dates,Groceries,35.0,15.0,249,0,0.0,10
2025-08-20,8,Summer,0,None,P004,Dates,Groceries,35.0,15.0,237,0,0.0,12
2025-08-21,8,Summer,0,None,P004,Dates,Groceries,35.0,15.0,229,0,0.0,8
2025-08-22,8,Summer,0,None,P004,Dates,Groceries,24.76,15.0,217,1,0.2926188261795605,12
2025-08-23,8,Summer,0,None,P004,Dates,Groceries,35.0,15.0,205,0,0.0,12
2025-08-24,8,Summer,0,None,P004,Dates,Groceries,35.0,15.0,192,0,0.0,13
2025-08-25,8,Summer,0,None,P004,Dates,Groceries,35.0,15.0,182,0,0.0,10
2025-08-26,8,Summer,0,None,P004,Dates,Groceries,35.0,15.0,173,0,0.0,9
2025-08-27,8,Summer,0,None,P004,Dates,Groceries,35.0,15.0,165,0,0.0,8
2025-08-28,8,Summer,0,None,P004,Dates,Groceries,35.0,15.0,155,0,0.0,10
2025-08-29,8,Summer,0,None,P004,Dates,Groceries,35.0,15.0,144,0,0.0,11
2025-08-30,8,Summer,0,None,P004,Dates,Groceries,35.0,15.0,130,0,0.0,14
2025-08-31,8,Summer,0,None,P004,Dates,Groceries,35.0,15.0,120,0,0.0,10
2025-09-01,9,Autumn,1,Back_to_school,P004,Dates,Groceries,35.0,15.0,111,0,0.0,9
2025-09-02,9,Autumn,1,Back_to_school,P004,Dates,Groceries,35.0,15.0,103,0,0.0,8
2025-09-03,9,Autumn,1,Back_to_school,P004,Dates,Groceries,35.0,15.0,93,0,0.0,10
2025-09-04,9,Autumn,1,Back_to_school,P004,Dates,Groceries,35.0,15.0,525,0,0.0,10
2025-09-05,9,Autumn,1,Back_to_school,P004,Dates,Groceries,35.0,15.0,520,0,0.0,5
2025-09-06,9,Autumn,1,Back_to_school,P004,Dates,Groceries,35.0,15.0,505,0,0.0,15
2025-09-07,9,Autumn,1,Back_to_school,P004,Dates,Groceries,35.0,15.0,494,0,0.0,11
2025-09-08,9,Autumn,1,Back_to_school,P004,Dates,Groceries,27.62,15.0,478,1,0.21083753020095825,16
2025-09-09,9,Autumn,1,Back_to_school,P004,Dates,Groceries,35.0,15.0,468,0,0.0,10
2025-09-10,9,Autumn,1,Back_to_school,P004,Dates,Groceries,35.0,15.0,458,0,0.0,10
2025-09-11,9,Autumn,1,Back_to_school,P004,Dates,Groceries,35.0,15.0,447,0,0.0,11
2025-09-12,9,Autumn,1,Back_to_school,P004,Dates,Groceries,35.0,15.0,437,0,0.0,10
2025-09-13,9,Autumn,1,Back_to_school,P004,Dates,Groceries,35.0,15.0,425,0,0.0,12
2025-09-14,9,Autumn,1,Back_to_school,P004,Dates,Groceries,35.0,15.0,411,0,0.0,14
2025-09-15,9,Autumn,1,Back_to_school,P004,Dates,Groceries,35.0,15.0,404,0,0.0,7
2025-09-16,9,Autumn,0,None,P004,Dates,Groceries,35.0,15.0,395,0,0.0,9
2025-09-17,9,Autumn,0,None,P004,Dates,Groceries,35.0,15.0,386,0,0.0,9
2025-09-18,9,Autumn,0,None,P004,Dates,Groceries,35.0,15.0,378,0,0.0,8
2025-09-19,9,Autumn,0,None,P004,Dates,Groceries,35.0,15.0,370,0,0.0,8
2025-09-20,9,Autumn,0,None,P004,Dates,Groceries,35.0,15.0,358,0,0.0,12
2025-09-21,9,Autumn,0,None,P004,Dates,Groceries,35.0,15.0,345,0,0.0,13
2025-09-22,9,Autumn,0,None,P004,Dates,Groceries,35.0,15.0,339,0,0.0,6
2025-09-23,9,Autumn,0,None,P004,Dates,Groceries,35.0,15.0,330,0,0.0,9
2025-09-24,9,Autumn,0,None,P004,Dates,Groceries,35.0,15.0,320,0,0.0,10
2025-09-25,9,Autumn,0,None,P004,Dates,Groceries,35.0,15.0,309,0,0.0,11
2025-09-26,9,Autumn,0,None,P004,Dates,Groceries,35.0,15.0,301,0,0.0,8
2025-09-27,9,Autumn,0,None,P004,Dates,Groceries,35.0,15.0,287,0,0.0,14
2025-09-28,9,Autumn,0,None,P004,Dates,Groceries,35.0,15.0,276,0,0.0,11
2025-09-29,9,Autumn,0,None,P004,Dates,Groceries,35.0,15.0,268,0,0.0,8
2025-09-30,9,Autumn,0,None,P004,Dates,Groceries,35.0,15.0,259,0,0.0,9
2025-10-01,10,Autumn,0,None,P004,Dates,Groceries,35.0,15.0,250,0,0.0,9
2025-10-02,10,Autumn,0,None,P004,Dates,Groceries,35.0,15.0,242,0,0.0,8
2025-10-03,10,Autumn,0,None,P004,Dates,Groceries,30.61,15.0,227,1,0.12544497738740215,15
2025-10-04,10,Autumn,0,None,P004,Dates,Groceries,35.0,15.0,222,0,0.0,5
2025-10-05,10,Autumn,0,None,P004,Dates,Groceries,26.4,15.0,205,1,0.24572740446337982,17
2025-10-06,10,Autumn,0,None,P004,Dates,Groceries,35.0,15.0,196,0,0.0,9
2025-10-07,10,Autumn,0,None,P004,Dates,Groceries,35.0,15.0,187,0,0.0,9
2025-10-08,10,Autumn,0,None,P004,Dates,Groceries,35.0,15.0,177,0,0.0,10
2025-10-09,10,Autumn,0,None,P004,Dates,Groceries,35.0,15.0,165,0,0.0,12
2025-10-10,10,Autumn,0,None,P004,Dates,Groceries,35.0,15.0,152,0,0.0,13
2025-10-11,10,Autumn,0,None,P004,Dates,Groceries,35.0,15.0,137,0,0.0,15
2025-10-12,10,Autumn,0,None,P004,Dates,Groceries,35.0,15.0,126,0,0.0,11
2025-10-13,10,Autumn,0,None,P004,Dates,Groceries,35.0,15.0,118,0,0.0,8
2025-10-14,10,Autumn,0,None,P004,Dates,Groceries,35.0,15.0,110,0,0.0,8
2025-10-15,10,Autumn,0,None,P004,Dates,Groceries,35.0,15.0,100,0,0.0,10
2025-10-16,10,Autumn,0,None,P004,Dates,Groceries,35.0,15.0,90,0,0.0,10
2025-10-17,10,Autumn,0,None,P004,Dates,Groceries,35.0,15.0,603,0,0.0,9
2025-10-18,10,Autumn,0,None,P004,Dates,Groceries,35.0,15.0,589,0,0.0,14
2025-10-19,10,Autumn,0,None,P004,Dates,Groceries,35.0,15.0,579,0,0.0,10
2025-10-20,10,Autumn,0,None,P004,Dates,Groceries,35.0,15.0,565,0,0.0,14
2025-10-21,10,Autumn,0,None,P004,Dates,Groceries,35.0,15.0,555,0,0.0,10
2025-10-22,10,Autumn,0,None,P004,Dates,Groceries,35.0,15.0,544,0,0.0,11
2025-10-23,10,Autumn,0,None,P004,Dates,Groceries,26.39,15.0,530,1,0.24598470385716423,14
2025-10-24,10,Autumn,0,None,P004,Dates,Groceries,35.0,15.0,521,0,0.0,9
2025-10-25,10,Autumn,0,None,P004,Dates,Groceries,35.0,15.0,510,0,0.0,11
2025-10-26,10,Autumn,0,None,P004,Dates,Groceries,35.0,15.0,501,0,0.0,9
2025-10-27,10,Autumn,0,None,P004,Dates,Groceries,35.0,15.0,489,0,0.0,12
2025-10-28,10,Autumn,0,None,P004,Dates,Groceries,35.0,15.0,482,0,0.0,7
2025-10-29,10,Autumn,0,None,P004,Dates,Groceries,35.0,15.0,473,0,0.0,9
2025-10-30,10,Autumn,0,None,P004,Dates,Groceries,25.32,15.0,464,1,0.2764818372887577,9
2025-10-31,10,Autumn,0,None,P004,Dates,Groceries,35.0,15.0,453,0,0.0,11
2025-11-01,11,Autumn,0,None,P004,Dates,Groceries,35.0,15.0,443,0,0.0,10
2025-11-02,11,Autumn,0,None,P004,Dates,Groceries,35.0,15.0,431,0,0.0,12
2025-11-03,11,Autumn,0,None,P004,Dates,Groceries,35.0,15.0,422,0,0.0,9
2025-11-04,11,Autumn,0,None,P004,Dates,Groceries,30.79,15.0,411,1,0.12018832511127978,11
2025-11-05,11,Autumn,0,None,P004,Dates,Groceries,35.0,15.0,403,0,0.0,8
2025-11-06,11,Autumn,0,None,P004,Dates,Groceries,35.0,15.0,393,0,0.0,10
2025-11-07,11,Autumn,0,None,P004,Dates,Groceries,24.81,15.0,378,1,0.2910126374252473,15
2025-11-08,11,Autumn,0,None,P004,Dates,Groceries,35.0,15.0,363,0,0.0,15
2025-11-09,11,Autumn,0,None,P004,Dates,Groceries,35.0,15.0,351,0,0.0,12
2025-11-10,11,Autumn,0,None,P004,Dates,Groceries,35.0,15.0,340,0,0.0,11
2025-11-11,11,Autumn,0,None,P004,Dates,Groceries,35.0,15.0,329,0,0.0,11
2025-11-12,11,Autumn,0,None,P004,Dates,Groceries,35.0,15.0,319,0,0.0,10
2025-11-13,11,Autumn,0,None,P004,Dates,Groceries,35.0,15.0,309,0,0.0,10
2025-11-14,11,Autumn,0,None,P004,Dates,Groceries,35.0,15.0,303,0,0.0,6
2025-11-15,11,Autumn,0,None,P004,Dates,Groceries,26.04,15.0,288,1,0.25611454516418797,15
2025-11-16,11,Autumn,0,None,P004,Dates,Groceries,35.0,15.0,280,0,0.0,8
2025-11-17,11,Autumn,0,None,P004,Dates,Groceries,35.0,15.0,270,0,0.0,10
2025-11-18,11,Autumn,0,None,P004,Dates,Groceries,35.0,15.0,265,0,0.0,5
2025-11-19,11,Autumn,0,None,P004,Dates,Groceries,27.99,15.0,251,1,0.20023254629149806,14
2025-11-20,11,Autumn,0,None,P004,Dates,Groceries,35.0,15.0,242,0,0.0,9
2025-11-21,11,Autumn,0,None,P004,Dates,Groceries,35.0,15.0,236,0,0.0,6
2025-11-22,11,Autumn,0,None,P004,Dates,Groceries,35.0,15.0,227,0,0.0,9
2025-11-23,11,Autumn,0,None,P004,Dates,Groceries,35.0,15.0,213,0,0.0,14
2025-11-24,11,Autumn,0,None,P004,Dates,Groceries,35.0,15.0,205,0,0.0,8
2025-11-25,11,Autumn,0,None,P004,Dates,Groceries,35.0,15.0,196,0,0.0,9
2025-11-26,11,Autumn,0,None,P004,Dates,Groceries,30.86,15.0,185,1,0.11828525377234185,11
2025-11-27,11,Autumn,0,None,P004,Dates,Groceries,35.0,15.0,176,0,0.0,9
2025-11-28,11,Autumn,0,None,P004,Dates,Groceries,35.0,15.0,165,0,0.0,11
2025-11-29,11,Autumn,0,None,P004,Dates,Groceries,35.0,15.0,154,0,0.0,11
2025-11-30,11,Autumn,0,None,P004,Dates,Groceries,35.0,15.0,142,0,0.0,12
2025-12-01,12,Winter,0,None,P004,Dates,Groceries,35.0,15.0,129,0,0.0,13
2025-12-02,12,Winter,0,None,P004,Dates,Groceries,35.0,15.0,125,0,0.0,4
2025-12-03,12,Winter,0,None,P004,Dates,Groceries,35.0,15.0,116,0,0.0,9
2025-12-04,12,Winter,0,None,P004,Dates,Groceries,35.0,15.0,105,0,0.0,11
2025-12-05,12,Winter,0,None,P004,Dates,Groceries,35.0,15.0,93,0,0.0,12
2025-12-06,12,Winter,0,None,P004,Dates,Groceries,35.0,15.0,512,0,0.0,16
2025-12-07,12,Winter,0,None,P004,Dates,Groceries,35.0,15.0,498,0,0.0,14
2025-12-08,12,Winter,0,None,P004,Dates,Groceries,35.0,15.0,486,0,0.0,12
2025-12-09,12,Winter,0,None,P004,Dates,Groceries,35.0,15.0,474,0,0.0,12
2025-12-10,12,Winter,0,None,P004,Dates,Groceries,35.0,15.0,464,0,0.0,10
2025-12-11,12,Winter,0,None,P004,Dates,Groceries,28.81,15.0,454,1,0.17678940178083105,10
2025-12-12,12,Winter,0,None,P004,Dates,Groceries,35.0,15.0,445,0,0.0,9
2025-12-13,12,Winter,0,None,P004,Dates,Groceries,35.0,15.0,433,0,0.0,12
2025-12-14,12,Winter,0,None,P004,Dates,Groceries,35.0,15.0,422,0,0.0,11
2025-12-15,12,Winter,0,None,P004,Dates,Groceries,35.0,15.0,415,0,0.0,7
2025-12-16,12,Winter,0,None,P004,Dates,Groceries,35.0,15.0,403,0,0.0,12
2025-12-17,12,Winter,0,None,P004,Dates,Groceries,35.0,15.0,394,0,0.0,9
2025-12-18,12,Winter,0,None,P004,Dates,Groceries,35.0,15.0,385,0,0.0,9
2025-12-19,12,Winter,0,None,P004,Dates,Groceries,27.08,15.0,370,1,0.22623761561201422,15
2025-12-20,12,Winter,0,None,P004,Dates,Groceries,35.0,15.0,361,0,0.0,9
2025-12-21,12,Winter,0,None,P004,Dates,Groceries,28.96,15.0,340,1,0.17257316339902068,21
2025-12-22,12,Winter,0,None,P004,Dates,Groceries,35.0,15.0,330,0,0.0,10
2025-12-23,12,Winter,0,None,P004,Dates,Groceries,35.0,15.0,322,0,0.0,8
2025-12-24,12,Winter,0,None,P004,Dates,Groceries,35.0,15.0,310,0,0.0,12
2025-12-25,12,Winter,0,None,P004,Dates,Groceries,35.0,15.0,304,0,0.0,6
2025-12-26,12,Winter,0,None,P004,Dates,Groceries,26.7,15.0,288,1,0.23700121733263574,16
2025-12-27,12,Winter,0,None,P004,Dates,Groceries,35.0,15.0,277,0,0.0,11
2025-12-28,12,Winter,0,None,P004,Dates,Groceries,35.0,15.0,265,0,0.0,12
2025-12-29,12,Winter,0,None,P004,Dates,Groceries,35.0,15.0,258,0,0.0,7
2025-12-30,12,Winter,0,None,P004,Dates,Groceries,35.0,15.0,246,0,0.0,12
2025-12-31,12,Winter,0,None,P004,Dates,Groceries,35.0,15.0,239,0,0.0,7
2026-01-01,1,Winter,0,None,P004,Dates,Groceries,35.0,15.0,231,0,0.0,8
2026-01-02,1,Winter,0,None,P004,Dates,Groceries,30.62,15.0,215,1,0.12514118130242313,16
2026-01-03,1,Winter,0,None,P004,Dates,Groceries,35.0,15.0,204,0,0.0,11
2026-01-04,1,Winter,0,None,P004,Dates,Groceries,35.0,15.0,191,0,0.0,13
2026-01-05,1,Winter,0,None,P004,Dates,Groceries,35.0,15.0,183,0,0.0,8
2026-01-06,1,Winter,0,None,P004,Dates,Groceries,35.0,15.0,173,0,0.0,10
2026-01-07,1,Winter,0,None,P004,Dates,Groceries,35.0,15.0,163,0,0.0,10
2026-01-08,1,Winter,0,None,P004,Dates,Groceries,35.0,15.0,153,0,0.0,10
2026-01-09,1,Winter,0,None,P004,Dates,Groceries,35.0,15.0,145,0,0.0,8
2026-01-10,1,Winter,0,None,P004,Dates,Groceries,35.0,15.0,135,0,0.0,10
2026-01-11,1,Winter,0,None,P004,Dates,Groceries,35.0,15.0,124,0,0.0,11
2026-01-12,1,Winter,0,None,P004,Dates,Groceries,35.0,15.0,110,0,0.0,14
2026-01-13,1,Winter,0,None,P004,Dates,Groceries,35.0,15.0,99,0,0.0,11
2026-01-14,1,Winter,0,None,P004,Dates,Groceries,35.0,15.0,631,0,0.0,8
2026-01-15,1,Winter,0,None,P004,Dates,Groceries,35.0,15.0,621,0,0.0,10
2026-01-16,1,Winter,0,None,P004,Dates,Groceries,35.0,15.0,611,0,0.0,10
2026-01-17,1,Winter,0,None,P004,Dates,Groceries,35.0,15.0,602,0,0.0,9
2026-01-18,1,Winter,0,None,P004,Dates,Groceries,35.0,15.0,588,0,0.0,14
2026-01-19,1,Winter,0,None,P004,Dates,Groceries,35.0,15.0,575,0,0.0,13
2026-01-20,1,Winter,0,None,P004,Dates,Groceries,30.76,15.0,562,1,0.1212491416939121,13
2026-01-21,1,Winter,0,None,P004,Dates,Groceries,35.0,15.0,554,0,0.0,8
2026-01-22,1,Winter,0,None,P004,Dates,Groceries,35.0,15.0,544,0,0.0,10
2026-01-23,1,Winter,0,None,P004,Dates,Groceries,35.0,15.0,531,0,0.0,13
2026-01-24,1,Winter,0,None,P004,Dates,Groceries,35.0,15.0,519,0,0.0,12
2026-01-25,1,Winter,0,None,P004,Dates,Groceries,35.0,15.0,503,0,0.0,16
2026-01-26,1,Winter,0,None,P004,Dates,Groceries,35.0,15.0,495,0,0.0,8
2026-01-27,1,Winter,0,None,P004,Dates,Groceries,35.0,15.0,485,0,0.0,10
2026-01-28,1,Winter,0,None,P004,Dates,Groceries,35.0,15.0,476,0,0.0,9
2026-01-29,1,Winter,0,None,P004,Dates,Groceries,35.0,15.0,464,0,0.0,12
2026-01-30,1,Winter,0,None,P004,Dates,Groceries,35.0,15.0,452,0,0.0,12
2026-01-31,1,Winter,0,None,P004,Dates,Groceries,35.0,15.0,439,0,0.0,13
2026-02-01,2,Winter,0,None,P004,Dates,Groceries,35.0,15.0,426,0,0.0,13
2026-02-02,2,Winter,0,None,P004,Dates,Groceries,28.6,15.0,407,1,0.18274657951606596,19
2026-02-03,2,Winter,0,None,P004,Dates,Groceries,35.0,15.0,399,0,0.0,8
2026-02-04,2,Winter,0,None,P004,Dates,Groceries,35.0,15.0,388,0,0.0,11
2026-02-05,2,Winter,0,None,P004,Dates,Groceries,35.0,15.0,379,0,0.0,9
2026-02-06,2,Winter,0,None,P004,Dates,Groceries,35.0,15.0,371,0,0.0,8
2026-02-07,2,Winter,0,None,P004,Dates,Groceries,35.0,15.0,356,0,0.0,15
2026-02-08,2,Winter,0,None,P004,Dates,Groceries,35.0,15.0,342,0,0.0,14
2026-02-09,2,Winter,0,None,P004,Dates,Groceries,35.0,15.0,333,0,0.0,9
2026-02-10,2,Winter,0,None,P004,Dates,Groceries,35.0,15.0,325,0,0.0,8
2026-02-11,2,Winter,0,None,P004,Dates,Groceries,35.0,15.0,317,0,0.0,8
2026-02-12,2,Winter,0,None,P004,Dates,Groceries,35.0,15.0,305,0,0.0,12
2026-02-13,2,Winter,0,None,P004,Dates,Groceries,35.0,15.0,294,0,0.0,11
2026-02-14,2,Winter,0,None,P004,Dates,Groceries,35.0,15.0,284,0,0.0,10
2026-02-15,2,Winter,0,None,P004,Dates,Groceries,35.0,15.0,271,0,0.0,13
2026-02-16,2,Winter,0,None,P004,Dates,Groceries,35.0,15.0,263,0,0.0,8
2026-02-17,2,Winter,0,None,P004,Dates,Groceries,35.0,15.0,251,0,0.0,12
2026-02-18,2,Winter,0,None,P004,Dates,Groceries,35.0,15.0,239,0,0.0,12
2026-02-19,2,Winter,0,None,P004,Dates,Groceries,35.0,15.0,230,0,0.0,9
2026-02-20,2,Winter,0,None,P004,Dates,Groceries,35.0,15.0,221,0,0.0,9
2026-02-21,2,Winter,0,None,P004,Dates,Groceries,35.0,15.0,213,0,0.0,8
2026-02-22,2,Winter,0,None,P004,Dates,Groceries,35.0,15.0,202,0,0.0,11
2026-02-23,2,Winter,0,None,P004,Dates,Groceries,30.84,15.0,190,1,0.11893619810095901,12
2026-02-24,2,Winter,0,None,P004,Dates,Groceries,35.0,15.0,182,0,0.0,8
2026-02-25,2,Winter,0,None,P004,Dates,Groceries,26.45,15.0,165,1,0.24424489349978332,17
2026-02-26,2,Winter,0,None,P004,Dates,Groceries,35.0,15.0,158,0,0.0,7
2026-02-27,2,Winter,0,None,P004,Dates,Groceries,35.0,15.0,145,0,0.0,13
2026-02-28,2,Winter,0,None,P004,Dates,Groceries,35.0,15.0,133,0,0.0,12
2026-03-01,3,Spring,0,None,P004,Dates,Groceries,35.0,15.0,123,0,0.0,10
2026-03-02,3,Spring,0,None,P004,Dates,Groceries,35.0,15.0,112,0,0.0,11
2026-03-03,3,Spring,0,None,P004,Dates,Groceries,35.0,15.0,98,0,0.0,14
2026-03-04,3,Spring,0,None,P004,Dates,Groceries,35.0,15.0,613,0,0.0,11
2026-03-05,3,Spring,0,None,P004,Dates,Groceries,35.0,15.0,602,0,0.0,11
2026-03-06,3,Spring,0,None,P004,Dates,Groceries,35.0,15.0,591,0,0.0,11
2026-03-07,3,Spring,0,None,P004,Dates,Groceries,35.0,15.0,577,0,0.0,14
2026-03-08,3,Spring,0,None,P004,Dates,Groceries,35.0,15.0,565,0,0.0,12
2026-03-09,3,Spring,0,None,P004,Dates,Groceries,35.0,15.0,553,0,0.0,12
2026-03-10,3,Spring,1,Ramadan,P004,Dates,Groceries,35.0,15.0,504,0,0.0,49
2026-03-11,3,Spring,1,Ramadan,P004,Dates,Groceries,35.0,15.0,453,0,0.0,51
2026-03-12,3,Spring,1,Ramadan,P004,Dates,Groceries,35.0,15.0,407,0,0.0,46
2026-03-13,3,Spring,1,Ramadan,P004,Dates,Groceries,35.0,15.0,348,0,0.0,59
2026-03-14,3,Spring,1,Ramadan,P004,Dates,Groceries,35.0,15.0,285,0,0.0,63
2026-03-15,3,Spring,1,Ramadan,P004,Dates,Groceries,35.0,15.0,213,0,0.0,72
2026-03-16,3,Spring,1,Ramadan,P004,Dates,Groceries,35.0,15.0,163,0,0.0,50
2026-03-17,3,Spring,1,Ramadan,P004,Dates,Groceries,35.0,15.0,126,0,0.0,37
2026-03-18,3,Spring,1,Ramadan,P004,Dates,Groceries,35.0,15.0,67,0,0.0,59
2026-03-19,3,Spring,1,Ramadan,P004,Dates,Groceries,35.0,15.0,387,0,0.0,63
2026-03-20,3,Spring,1,Ramadan,P004,Dates,Groceries,35.0,15.0,330,0,0.0,57
2026-03-21,3,Spring,1,Ramadan,P004,Dates,Groceries,35.0,15.0,256,0,0.0,74
2026-03-22,3,Spring,1,Ramadan,P004,Dates,Groceries,35.0,15.0,173,0,0.0,83
2026-03-23,3,Spring,1,Ramadan,P004,Dates,Groceries,35.0,15.0,117,0,0.0,56
2026-03-24,3,Spring,1,Ramadan,P004,Dates,Groceries,35.0,15.0,65,0,0.0,52
2026-03-25,3,Spring,1,Ramadan,P004,Dates,Groceries,28.98,15.0,524,1,0.1718929243707887,61
2026-03-26,3,Spring,1,Ramadan,P004,Dates,Groceries,35.0,15.0,469,0,0.0,55
2026-03-27,3,Spring,1,Ramadan,P004,Dates,Groceries,35.0,15.0,420,0,0.0,49
2026-03-28,3,Spring,1,Ramadan,P004,Dates,Groceries,26.5,15.0,303,1,0.24291246921863124,117
2026-03-29,3,Spring,1,Ramadan,P004,Dates,Groceries,35.0,15.0,238,0,0.0,65
2026-03-30,3,Spring,1,Ramadan,P004,Dates,Groceries,35.0,15.0,184,0,0.0,54
2026-03-31,3,Spring,1,Ramadan,P004,Dates,Groceries,35.0,15.0,146,0,0.0,38
2026-04-01,4,Spring,0,None,P004,Dates,Groceries,35.0,15.0,135,0,0.0,11
2026-04-02,4,Spring,0,None,P004,Dates,Groceries,35.0,15.0,126,0,0.0,9
2026-04-03,4,Spring,0,None,P004,Dates,Groceries,35.0,15.0,120,0,0.0,6
2026-04-04,4,Spring,0,None,P004,Dates,Groceries,35.0,15.0,106,0,0.0,14
2026-04-05,4,Spring,0,None,P004,Dates,Groceries,35.0,15.0,94,0,0.0,12
2026-04-06,4,Spring,0,None,P004,Dates,Groceries,35.0,15.0,569,0,0.0,7
2026-04-07,4,Spring,0,None,P004,Dates,Groceries,35.0,15.0,558,0,0.0,11
2026-04-08,4,Spring,0,None,P004,Dates,Groceries,35.0,15.0,551,0,0.0,7
2026-04-09,4,Spring,1,Eid al-Fitr,P004,Dates,Groceries,35.0,15.0,539,0,0.0,12
2026-04-10,4,Spring,1,Eid al-Fitr,P004,Dates,Groceries,35.0,15.0,532,0,0.0,7
2026-04-11,4,Spring,0,None,P004,Dates,Groceries,35.0,15.0,520,0,0.0,12
2026-04-12,4,Spring,0,None,P004,Dates,Groceries,35.0,15.0,506,0,0.0,14
2026-04-13,4,Spring,0,None,P004,Dates,Groceries,35.0,15.0,497,0,0.0,9
2026-04-14,4,Spring,0,None,P004,Dates,Groceries,35.0,15.0,493,0,0.0,4
2026-04-15,4,Spring,0,None,P004,Dates,Groceries,35.0,15.0,483,0,0.0,10
2026-04-16,4,Spring,0,None,P004,Dates,Groceries,35.0,15.0,475,0,0.0,8
2026-04-17,4,Spring,0,None,P004,Dates,Groceries,35.0,15.0,467,0,0.0,8
2026-04-18,4,Spring,0,None,P004,Dates,Groceries,35.0,15.0,452,0,0.0,15
2026-04-19,4,Spring,0,None,P004,Dates,Groceries,35.0,15.0,436,0,0.0,16
2026-04-20,4,Spring,0,None,P004,Dates,Groceries,35.0,15.0,426,0,0.0,10
2026-04-21,4,Spring,0,None,P004,Dates,Groceries,35.0,15.0,416,0,0.0,10
2026-04-22,4,Spring,0,None,P004,Dates,Groceries,35.0,15.0,412,0,0.0,4
2026-04-23,4,Spring,0,None,P004,Dates,Groceries,35.0,15.0,398,0,0.0,14
2026-04-24,4,Spring,0,None,P004,Dates,Groceries,35.0,15.0,388,0,0.0,10
2026-04-25,4,Spring,0,None,P004,Dates,Groceries,35.0,15.0,375,0,0.0,13
2026-04-26,4,Spring,0,None,P004,Dates,Groceries,27.26,15.0,356,1,0.22108889706106846,19
2026-04-27,4,Spring,0,None,P004,Dates,Groceries,35.0,15.0,347,0,0.0,9
2026-04-28,4,Spring,0,None,P004,Dates,Groceries,35.0,15.0,341,0,0.0,6
2026-04-29,4,Spring,0,None,P004,Dates,Groceries,35.0,15.0,328,0,0.0,13
2026-04-30,4,Spring,0,None,P004,Dates,Groceries,35.0,15.0,314,0,0.0,14
2026-05-01,5,Spring,0,None,P004,Dates,Groceries,35.0,15.0,304,0,0.0,10
2026-05-02,5,Spring,0,None,P004,Dates,Groceries,35.0,15.0,292,0,0.0,12
2026-05-03,5,Spring,0,None,P004,Dates,Groceries,35.0,15.0,281,0,0.0,11
2026-05-04,5,Spring,0,None,P004,Dates,Groceries,35.0,15.0,271,0,0.0,10
2026-05-05,5,Spring,0,None,P004,Dates,Groceries,35.0,15.0,259,0,0.0,12
2026-05-06,5,Spring,0,None,P004,Dates,Groceries,35.0,15.0,250,0,0.0,9
2026-05-07,5,Spring,0,None,P004,Dates,Groceries,35.0,15.0,242,0,0.0,8
2026-05-08,5,Spring,0,None,P004,Dates,Groceries,35.0,15.0,229,0,0.0,13
2026-05-09,5,Spring,0,None,P004,Dates,Groceries,35.0,15.0,219,0,0.0,10
2026-05-10,5,Spring,0,None,P004,Dates,Groceries,35.0,15.0,208,0,0.0,11
2026-05-11,5,Spring,0,None,P004,Dates,Groceries,35.0,15.0,198,0,0.0,10
2026-05-12,5,Spring,0,None,P004,Dates,Groceries,35.0,15.0,190,0,0.0,8
2026-05-13,5,Spring,0,None,P004,Dates,Groceries,35.0,15.0,179,0,0.0,11
2026-05-14,5,Spring,0,None,P004,Dates,Groceries,35.0,15.0,170,0,0.0,9
2026-05-15,5,Spring,0,None,P004,Dates,Groceries,35.0,15.0,163,0,0.0,7
2026-05-16,5,Spring,0,None,P004,Dates,Groceries,35.0,15.0,149,0,0.0,14
2026-05-17,5,Spring,0,None,P004,Dates,Groceries,35.0,15.0,130,0,0.0,19
2026-05-18,5,Spring,0,None,P004,Dates,Groceries,26.39,15.0,122,1,0.2458830897453081,8
2026-05-19,5,Spring,0,None,P004,Dates,Groceries,35.0,15.0,111,0,0.0,11
2026-05-20,5,Spring,0,None,P004,Dates,Groceries,35.0,15.0,103,0,0.0,8
2026-05-21,5,Spring,0,None,P004,Dates,Groceries,24.97,15.0,85,1,0.28652793875998583,18
2026-05-22,5,Spring,0,None,P004,Dates,Groceries,35.0,15.0,492,0,0.0,11
2026-05-23,5,Spring,0,None,P004,Dates,Groceries,35.0,15.0,483,0,0.0,9
2026-05-24,5,Spring,0,None,P004,Dates,Groceries,25.69,15.0,456,1,0.26612715293721784,27
2026-05-25,5,Spring,0,None,P004,Dates,Groceries,35.0,15.0,444,0,0.0,12
2026-05-26,5,Spring,0,None,P004,Dates,Groceries,35.0,15.0,434,0,0.0,10
2026-05-27,5,Spring,0,None,P004,Dates,Groceries,27.88,15.0,419,1,0.20340125664194172,15
2026-05-28,5,Spring,0,None,P004,Dates,Groceries,35.0,15.0,413,0,0.0,6
2026-05-29,5,Spring,0,None,P004,Dates,Groceries,35.0,15.0,405,0,0.0,8
2026-05-30,5,Spring,0,None,P004,Dates,Groceries,35.0,15.0,391,0,0.0,14
2026-05-31,5,Spring,0,None,P004,Dates,Groceries,35.0,15.0,377,0,0.0,14
2026-06-01,6,Summer,0,None,P004,Dates,Groceries,35.0,15.0,368,0,0.0,9
2026-06-02,6,Summer,0,None,P004,Dates,Groceries,35.0,15.0,362,0,0.0,6
2026-06-03,6,Summer,0,None,P004,Dates,Groceries,35.0,15.0,356,0,0.0,6
2026-06-04,6,Summer,0,None,P004,Dates,Groceries,35.0,15.0,344,0,0.0,12
2026-06-05,6,Summer,0,None,P004,Dates,Groceries,31.47,15.0,334,1,0.10078282114707814,10
2026-06-06,6,Summer,0,None,P004,Dates,Groceries,35.0,15.0,325,0,0.0,9
2026-06-07,6,Summer,0,None,P004,Dates,Groceries,35.0,15.0,315,0,0.0,10
2026-06-08,6,Summer,0,None,P004,Dates,Groceries,35.0,15.0,307,0,0.0,8
2026-06-09,6,Summer,0,None,P004,Dates,Groceries,35.0,15.0,303,0,0.0,4
2026-06-10,6,Summer,0,None,P004,Dates,Groceries,35.0,15.0,294,0,0.0,9
2026-06-11,6,Summer,0,None,P004,Dates,Groceries,35.0,15.0,287,0,0.0,7
2026-06-12,6,Summer,0,None,P004,Dates,Groceries,35.0,15.0,276,0,0.0,11
2026-06-13,6,Summer,0,None,P004,Dates,Groceries,35.0,15.0,260,0,0.0,16
2026-06-14,6,Summer,0,None,P004,Dates,Groceries,27.65,15.0,241,1,0.20993692273131564,19
2026-06-15,6,Summer,0,None,P004,Dates,Groceries,35.0,15.0,232,0,0.0,9
2026-06-16,6,Summer,1,Eid al-Adha,P004,Dates,Groceries,28.58,15.0,219,1,0.1833272074827501,13
2026-06-17,6,Summer,1,Eid al-Adha,P004,Dates,Groceries,35.0,15.0,207,0,0.0,12
2026-06-18,6,Summer,0,None,P004,Dates,Groceries,35.0,15.0,196,0,0.0,11
2026-06-19,6,Summer,0,None,P004,Dates,Groceries,35.0,15.0,189,0,0.0,7
2026-06-20,6,Summer,0,None,P004,Dates,Groceries,35.0,15.0,177,0,0.0,12
2026-06-21,6,Summer,0,None,P004,Dates,Groceries,35.0,15.0,162,0,0.0,15
2026-06-22,6,Summer,0,None,P004,Dates,Groceries,35.0,15.0,152,0,0.0,10
2026-06-23,6,Summer,0,None,P004,Dates,Groceries,35.0,15.0,139,0,0.0,13
2026-06-24,6,Summer,0,None,P004,Dates,Groceries,35.0,15.0,130,0,0.0,9
2026-06-25,6,Summer,0,None,P004,Dates,Groceries,35.0,15.0,120,0,0.0,10
2026-06-26,6,Summer,0,None,P004,Dates,Groceries,35.0,15.0,113,0,0.0,7
2026-06-27,6,Summer,0,None,P004,Dates,Groceries,35.0,15.0,102,0,0.0,11
2026-06-28,6,Summer,0,None,P004,Dates,Groceries,35.0,15.0,90,0,0.0,12
2026-06-29,6,Summer,0,None,P004,Dates,Groceries,24.69,15.0,548,1,0.2945044991267324,22
2026-06-30,6,Summer,0,None,P004,Dates,Groceries,35.0,15.0,535,0,0.0,13
2026-07-01,7,Summer,0,None,P004,Dates,Groceries,35.0,15.0,527,0,0.0,8
2026-07-02,7,Summer,0,None,P004,Dates,Groceries,35.0,15.0,520,0,0.0,7
2026-07-03,7,Summer,0,None,P004,Dates,Groceries,35.0,15.0,510,0,0.0,10
2026-07-04,7,Summer,0,None,P004,Dates,Groceries,35.0,15.0,499,0,0.0,11
2026-07-05,7,Summer,0,None,P004,Dates,Groceries,35.0,15.0,489,0,0.0,10
2026-07-06,7,Summer,0,None,P004,Dates,Groceries,35.0,15.0,479,0,0.0,10
2026-07-07,7,Summer,0,None,P004,Dates,Groceries,35.0,15.0,473,0,0.0,6
2026-07-08,7,Summer,0,None,P004,Dates,Groceries,35.0,15.0,462,0,0.0,11
2026-07-09,7,Summer,0,None,P004,Dates,Groceries,35.0,15.0,456,0,0.0,6
2026-07-10,7,Summer,0,None,P004,Dates,Groceries,35.0,15.0,444,0,0.0,12
2026-07-11,7,Summer,0,None,P004,Dates,Groceries,35.0,15.0,431,0,0.0,13
2026-07-12,7,Summer,0,None,P004,Dates,Groceries,35.0,15.0,420,0,0.0,11
2026-07-13,7,Summer,0,None,P004,Dates,Groceries,35.0,15.0,407,0,0.0,13
2026-07-14,7,Summer,0,None,P004,Dates,Groceries,35.0,15.0,395,0,0.0,12
2026-07-15,7,Summer,0,None,P004,Dates,Groceries,35.0,15.0,384,0,0.0,11
2026-07-16,7,Summer,0,None,P004,Dates,Groceries,35.0,15.0,373,0,0.0,11
2026-07-17,7,Summer,0,None,P004,Dates,Groceries,35.0,15.0,366,0,0.0,7
2026-07-18,7,Summer,0,None,P004,Dates,Groceries,31.12,15.0,350,1,0.11090237798217184,16
2026-07-19,7,Summer,0,None,P004,Dates,Groceries,35.0,15.0,337,0,0.0,13
2026-07-20,7,Summer,0,None,P004,Dates,Groceries,27.75,15.0,319,1,0.20709411491826762,18
2026-07-21,7,Summer,0,None,P004,Dates,Groceries,35.0,15.0,307,0,0.0,12
2026-07-22,7,Summer,0,None,P004,Dates,Groceries,35.0,15.0,297,0,0.0,10
2026-07-23,7,Summer,0,None,P004,Dates,Groceries,35.0,15.0,286,0,0.0,11
2026-07-24,7,Summer,0,None,P004,Dates,Groceries,35.0,15.0,275,0,0.0,11
2026-07-25,7,Summer,0,None,P004,Dates,Groceries,27.88,15.0,254,1,0.20351989301076154,21
2026-07-26,7,Summer,0,None,P004,Dates,Groceries,35.0,15.0,243,0,0.0,11
2026-07-27,7,Summer,0,None,P004,Dates,Groceries,35.0,15.0,234,0,0.0,9
2026-07-28,7,Summer,0,None,P004,Dates,Groceries,35.0,15.0,223,0,0.0,11
2026-07-29,7,Summer,0,None,P004,Dates,Groceries,35.0,15.0,216,0,0.0,7
2026-07-30,7,Summer,0,None,P004,Dates,Groceries,35.0,15.0,205,0,0.0,11
2026-07-31,7,Summer,0,None,P004,Dates,Groceries,35.0,15.0,194,0,0.0,11
2026-08-01,8,Summer,0,None,P004,Dates,Groceries,35.0,15.0,179,0,0.0,15
2026-08-02,8,Summer,0,None,P004,Dates,Groceries,35.0,15.0,168,0,0.0,11
2026-08-03,8,Summer,0,None,P004,Dates,Groceries,35.0,15.0,157,0,0.0,11
2026-08-04,8,Summer,0,None,P004,Dates,Groceries,35.0,15.0,148,0,0.0,9
2026-08-05,8,Summer,0,None,P004,Dates,Groceries,35.0,15.0,136,0,0.0,12
2026-08-06,8,Summer,0,None,P004,Dates,Groceries,35.0,15.0,128,0,0.0,8
2026-08-07,8,Summer,0,None,P004,Dates,Groceries,35.0,15.0,118,0,0.0,10
2026-08-08,8,Summer,0,None,P004,Dates,Groceries,35.0,15.0,109,0,0.0,9
2026-08-09,8,Summer,0,None,P004,Dates,Groceries,35.0,15.0,98,0,0.0,11
2026-08-10,8,Summer,0,None,P004,Dates,Groceries,35.0,15.0,631,0,0.0,11
2026-08-11,8,Summer,0,None,P004,Dates,Groceries,35.0,15.0,623,0,0.0,8
2026-08-12,8,Summer,0,None,P004,Dates,Groceries,35.0,15.0,614,0,0.0,9
2026-08-13,8,Summer,0,None,P004,Dates,Groceries,35.0,15.0,606,0,0.0,8
2026-08-14,8,Summer,0,None,P004,Dates,Groceries,35.0,15.0,599,0,0.0,7
2026-08-15,8,Summer,0,None,P004,Dates,Groceries,35.0,15.0,590,0,0.0,9
2026-08-16,8,Summer,0,None,P004,Dates,Groceries,35.0,15.0,578,0,0.0,12
2026-08-17,8,Summer,0,None,P004,Dates,Groceries,35.0,15.0,571,0,0.0,7
2026-08-18,8,Summer,0,None,P004,Dates,Groceries,31.43,15.0,559,1,0.10195587606115238,12
2026-08-19,8,Summer,0,None,P004,Dates,Groceries,35.0,15.0,551,0,0.0,8
2026-08-20,8,Summer,0,None,P004,Dates,Groceries,24.94,15.0,529,1,0.2873322609169362,22
2026-08-21,8,Summer,0,None,P004,Dates,Groceries,35.0,15.0,520,0,0.0,9
2026-08-22,8,Summer,0,None,P004,Dates,Groceries,35.0,15.0,506,0,0.0,14
2026-08-23,8,Summer,0,None,P004,Dates,Groceries,35.0,15.0,492,0,0.0,14
2026-08-24,8,Summer,0,None,P004,Dates,Groceries,35.0,15.0,482,0,0.0,10
2026-08-25,8,Summer,0,None,P004,Dates,Groceries,35.0,15.0,473,0,0.0,9
2026-08-26,8,Summer,0,None,P004,Dates,Groceries,35.0,15.0,462,0,0.0,11
2026-08-27,8,Summer,0,None,P004,Dates,Groceries,35.0,15.0,452,0,0.0,10
2026-08-28,8,Summer,0,None,P004,Dates,Groceries,35.0,15.0,444,0,0.0,8
2026-08-29,8,Summer,0,None,P004,Dates,Groceries,35.0,15.0,428,0,0.0,16
2026-08-30,8,Summer,0,None,P004,Dates,Groceries,35.0,15.0,413,0,0.0,15
2026-08-31,8,Summer,0,None,P004,Dates,Groceries,31.09,15.0,402,1,0.11164350241506793,11
2026-09-01,9,Autumn,1,Back_to_school,P004,Dates,Groceries,35.0,15.0,395,0,0.0,7
2026-09-02,9,Autumn,1,Back_to_school,P004,Dates,Groceries,35.0,15.0,382,0,0.0,13
2026-09-03,9,Autumn,1,Back_to_school,P004,Dates,Groceries,35.0,15.0,374,0,0.0,8
2026-09-04,9,Autumn,1,Back_to_school,P004,Dates,Groceries,35.0,15.0,364,0,0.0,10
2026-09-05,9,Autumn,1,Back_to_school,P004,Dates,Groceries,35.0,15.0,351,0,0.0,13
2026-09-06,9,Autumn,1,Back_to_school,P004,Dates,Groceries,35.0,15.0,339,0,0.0,12
2026-09-07,9,Autumn,1,Back_to_school,P004,Dates,Groceries,35.0,15.0,332,0,0.0,7
2026-09-08,9,Autumn,1,Back_to_school,P004,Dates,Groceries,35.0,15.0,319,0,0.0,13
2026-09-09,9,Autumn,1,Back_to_school,P004,Dates,Groceries,35.0,15.0,309,0,0.0,10
2026-09-10,9,Autumn,1,Back_to_school,P004,Dates,Groceries,35.0,15.0,298,0,0.0,11
2026-09-11,9,Autumn,1,Back_to_school,P004,Dates,Groceries,35.0,15.0,289,0,0.0,9
2026-09-12,9,Autumn,1,Back_to_school,P004,Dates,Groceries,27.51,15.0,273,1,0.213866926381445,16
2026-09-13,9,Autumn,1,Back_to_school,P004,Dates,Groceries,35.0,15.0,263,0,0.0,10
2026-09-14,9,Autumn,1,Back_to_school,P004,Dates,Groceries,35.0,15.0,251,0,0.0,12
2026-09-15,9,Autumn,1,Back_to_school,P004,Dates,Groceries,35.0,15.0,240,0,0.0,11
2026-09-16,9,Autumn,0,None,P004,Dates,Groceries,35.0,15.0,231,0,0.0,9
2026-09-17,9,Autumn,0,None,P004,Dates,Groceries,35.0,15.0,221,0,0.0,10
2026-09-18,9,Autumn,0,None,P004,Dates,Groceries,28.22,15.0,208,1,0.19362838837414714,13
2026-09-19,9,Autumn,0,None,P004,Dates,Groceries,35.0,15.0,198,0,0.0,10
2026-09-20,9,Autumn,0,None,P004,Dates,Groceries,35.0,15.0,181,0,0.0,17
2026-09-21,9,Autumn,0,None,P004,Dates,Groceries,35.0,15.0,176,0,0.0,5
2026-09-22,9,Autumn,0,None,P004,Dates,Groceries,35.0,15.0,166,0,0.0,10
2026-09-23,9,Autumn,0,None,P004,Dates,Groceries,35.0,15.0,157,0,0.0,9
2026-09-24,9,Autumn,0,None,P004,Dates,Groceries,35.0,15.0,145,0,0.0,12
2026-09-25,9,Autumn,0,None,P004,Dates,Groceries,35.0,15.0,136,0,0.0,9
2026-09-26,9,Autumn,0,None,P004,Dates,Groceries,35.0,15.0,121,0,0.0,15
2024-09-27,9,Autumn,0,None,P005,Sunglasses,Accessories,50.0,10.0,330,0,0.0,3
2024-09-28,9,Autumn,0,None,P005,Sunglasses,Accessories,50.0,10.0,327,0,0.0,3
2024-09-29,9,Autumn,0,None,P005,Sunglasses,Accessories,50.0,10.0,323,0,0.0,4
2024-09-30,9,Autumn,0,None,P005,Sunglasses,Accessories,50.0,10.0,320,0,0.0,3
2024-10-01,10,Autumn,0,None,P005,Sunglasses,Accessories,43.06,10.0,316,1,0.13882575408919445,4
2024-10-02,10,Autumn,0,None,P005,Sunglasses,Accessories,50.0,10.0,313,0,0.0,3
2024-10-03,10,Autumn,0,None,P005,Sunglasses,Accessories,50.0,10.0,311,0,0.0,2
2024-10-04,10,Autumn,0,None,P005,Sunglasses,Accessories,50.0,10.0,309,0,0.0,2
2024-10-05,10,Autumn,0,None,P005,Sunglasses,Accessories,50.0,10.0,306,0,0.0,3
2024-10-06,10,Autumn,0,None,P005,Sunglasses,Accessories,35.71,10.0,301,1,0.28570155038875567,5
2024-10-07,10,Autumn,0,None,P005,Sunglasses,Accessories,50.0,10.0,298,0,0.0,3
2024-10-08,10,Autumn,0,None,P005,Sunglasses,Accessories,50.0,10.0,295,0,0.0,3
2024-10-09,10,Autumn,0,None,P005,Sunglasses,Accessories,50.0,10.0,292,0,0.0,3
2024-10-10,10,Autumn,0,None,P005,Sunglasses,Accessories,50.0,10.0,289,0,0.0,3
2024-10-11,10,Autumn,0,None,P005,Sunglasses,Accessories,50.0,10.0,287,0,0.0,2
2024-10-12,10,Autumn,0,None,P005,Sunglasses,Accessories,50.0,10.0,284,0,0.0,3
2024-10-13,10,Autumn,0,None,P005,Sunglasses,Accessories,50.0,10.0,281,0,0.0,3
2024-10-14,10,Autumn,0,None,P005,Sunglasses,Accessories,50.0,10.0,279,0,0.0,2
2024-10-15,10,Autumn,0,None,P005,Sunglasses,Accessories,50.0,10.0,276,0,0.0,3
2024-10-16,10,Autumn,0,None,P005,Sunglasses,Accessories,50.0,10.0,273,0,0.0,3
2024-10-17,10,Autumn,0,None,P005,Sunglasses,Accessories,50.0,10.0,269,0,0.0,4
2024-10-18,10,Autumn,0,None,P005,Sunglasses,Accessories,50.0,10.0,266,0,0.0,3
2024-10-19,10,Autumn,0,None,P005,Sunglasses,Accessories,50.0,10.0,262,0,0.0,4
2024-10-20,10,Autumn,0,None,P005,Sunglasses,Accessories,35.16,10.0,253,1,0.2968643957628082,9
2024-10-21,10,Autumn,0,None,P005,Sunglasses,Accessories,50.0,10.0,250,0,0.0,3
2024-10-22,10,Autumn,0,None,P005,Sunglasses,Accessories,50.0,10.0,248,0,0.0,2
2024-10-23,10,Autumn,0,None,P005,Sunglasses,Accessories,50.0,10.0,246,0,0.0,2
2024-10-24,10,Autumn,0,None,P005,Sunglasses,Accessories,50.0,10.0,242,0,0.0,4
2024-10-25,10,Autumn,0,None,P005,Sunglasses,Accessories,50.0,10.0,238,0,0.0,4
2024-10-26,10,Autumn,0,None,P005,Sunglasses,Accessories,50.0,10.0,236,0,0.0,2
2024-10-27,10,Autumn,0,None,P005,Sunglasses,Accessories,50.0,10.0,231,0,0.0,5
2024-10-28,10,Autumn,0,None,P005,Sunglasses,Accessories,50.0,10.0,229,0,0.0,2
2024-10-29,10,Autumn,0,None,P005,Sunglasses,Accessories,50.0,10.0,225,0,0.0,4
2024-10-30,10,Autumn,0,None,P005,Sunglasses,Accessories,42.95,10.0,222,1,0.1410374285809614,3
2024-10-31,10,Autumn,0,None,P005,Sunglasses,Accessories,50.0,10.0,219,0,0.0,3
2024-11-01,11,Autumn,0,None,P005,Sunglasses,Accessories,50.0,10.0,216,0,0.0,3
2024-11-02,11,Autumn,0,None,P005,Sunglasses,Accessories,50.0,10.0,213,0,0.0,3
2024-11-03,11,Autumn,0,None,P005,Sunglasses,Accessories,50.0,10.0,209,0,0.0,4
2024-11-04,11,Autumn,0,None,P005,Sunglasses,Accessories,50.0,10.0,206,0,0.0,3
2024-11-05,11,Autumn,0,None,P005,Sunglasses,Accessories,50.0,10.0,203,0,0.0,3
2024-11-06,11,Autumn,0,None,P005,Sunglasses,Accessories,50.0,10.0,200,0,0.0,3
2024-11-07,11,Autumn,0,None,P005,Sunglasses,Accessories,40.02,10.0,197,1,0.1995132166777452,3
2024-11-08,11,Autumn,0,None,P005,Sunglasses,Accessories,50.0,10.0,195,0,0.0,2
2024-11-09,11,Autumn,0,None,P005,Sunglasses,Accessories,50.0,10.0,192,0,0.0,3
2024-11-10,11,Autumn,0,None,P005,Sunglasses,Accessories,50.0,10.0,188,0,0.0,4
2024-11-11,11,Autumn,0,None,P005,Sunglasses,Accessories,50.0,10.0,186,0,0.0,2
2024-11-12,11,Autumn,0,None,P005,Sunglasses,Accessories,50.0,10.0,183,0,0.0,3
2024-11-13,11,Autumn,0,None,P005,Sunglasses,Accessories,50.0,10.0,179,0,0.0,4
2024-11-14,11,Autumn,0,None,P005,Sunglasses,Accessories,50.0,10.0,177,0,0.0,2
2024-11-15,11,Autumn,0,None,P005,Sunglasses,Accessories,50.0,10.0,173,0,0.0,4
2024-11-16,11,Autumn,0,None,P005,Sunglasses,Accessories,50.0,10.0,171,0,0.0,2
2024-11-17,11,Autumn,0,None,P005,Sunglasses,Accessories,44.09,10.0,165,1,0.11818708998260824,6
2024-11-18,11,Autumn,0,None,P005,Sunglasses,Accessories,50.0,10.0,163,0,0.0,2
2024-11-19,11,Autumn,0,None,P005,Sunglasses,Accessories,50.0,10.0,160,0,0.0,3
2024-11-20,11,Autumn,0,None,P005,Sunglasses,Accessories,50.0,10.0,157,0,0.0,3
2024-11-21,11,Autumn,0,None,P005,Sunglasses,Accessories,42.99,10.0,154,1,0.14027982055877747,3
2024-11-22,11,Autumn,0,None,P005,Sunglasses,Accessories,50.0,10.0,152,0,0.0,2
2024-11-23,11,Autumn,0,None,P005,Sunglasses,Accessories,44.72,10.0,147,1,0.10563826808944443,5
2024-11-24,11,Autumn,0,None,P005,Sunglasses,Accessories,50.0,10.0,144,0,0.0,3
2024-11-25,11,Autumn,0,None,P005,Sunglasses,Accessories,50.0,10.0,141,0,0.0,3
2024-11-26,11,Autumn,0,None,P005,Sunglasses,Accessories,50.0,10.0,139,0,0.0,2
2024-11-27,11,Autumn,0,None,P005,Sunglasses,Accessories,50.0,10.0,137,0,0.0,2
2024-11-28,11,Autumn,0,None,P005,Sunglasses,Accessories,50.0,10.0,134,0,0.0,3
2024-11-29,11,Autumn,0,None,P005,Sunglasses,Accessories,50.0,10.0,130,0,0.0,4
2024-11-30,11,Autumn,0,None,P005,Sunglasses,Accessories,50.0,10.0,125,0,0.0,5
2024-12-01,12,Winter,0,None,P005,Sunglasses,Accessories,50.0,10.0,124,0,0.0,1
2024-12-02,12,Winter,0,None,P005,Sunglasses,Accessories,50.0,10.0,123,0,0.0,1
2024-12-03,12,Winter,0,None,P005,Sunglasses,Accessories,50.0,10.0,122,0,0.0,1
2024-12-04,12,Winter,0,None,P005,Sunglasses,Accessories,50.0,10.0,121,0,0.0,1
2024-12-05,12,Winter,0,None,P005,Sunglasses,Accessories,50.0,10.0,121,0,0.0,0
2024-12-06,12,Winter,0,None,P005,Sunglasses,Accessories,50.0,10.0,120,0,0.0,1
2024-12-07,12,Winter,0,None,P005,Sunglasses,Accessories,50.0,10.0,119,0,0.0,1
2024-12-08,12,Winter,0,None,P005,Sunglasses,Accessories,50.0,10.0,118,0,0.0,1
2024-12-09,12,Winter,0,None,P005,Sunglasses,Accessories,50.0,10.0,117,0,0.0,1
2024-12-10,12,Winter,0,None,P005,Sunglasses,Accessories,50.0,10.0,116,0,0.0,1
2024-12-11,12,Winter,0,None,P005,Sunglasses,Accessories,50.0,10.0,115,0,0.0,1
2024-12-12,12,Winter,0,None,P005,Sunglasses,Accessories,50.0,10.0,114,0,0.0,1
2024-12-13,12,Winter,0,None,P005,Sunglasses,Accessories,50.0,10.0,113,0,0.0,1
2024-12-14,12,Winter,0,None,P005,Sunglasses,Accessories,50.0,10.0,112,0,0.0,1
2024-12-15,12,Winter,0,None,P005,Sunglasses,Accessories,50.0,10.0,111,0,0.0,1
2024-12-16,12,Winter,0,None,P005,Sunglasses,Accessories,50.0,10.0,110,0,0.0,1
2024-12-17,12,Winter,0,None,P005,Sunglasses,Accessories,50.0,10.0,109,0,0.0,1
2024-12-18,12,Winter,0,None,P005,Sunglasses,Accessories,50.0,10.0,108,0,0.0,1
2024-12-19,12,Winter,0,None,P005,Sunglasses,Accessories,50.0,10.0,108,0,0.0,0
2024-12-20,12,Winter,0,None,P005,Sunglasses,Accessories,50.0,10.0,107,0,0.0,1
2024-12-21,12,Winter,0,None,P005,Sunglasses,Accessories,50.0,10.0,106,0,0.0,1
2024-12-22,12,Winter,0,None,P005,Sunglasses,Accessories,36.4,10.0,105,1,0.2719495611370134,1
2024-12-23,12,Winter,0,None,P005,Sunglasses,Accessories,50.0,10.0,104,0,0.0,1
2024-12-24,12,Winter,0,None,P005,Sunglasses,Accessories,50.0,10.0,103,0,0.0,1
2024-12-25,12,Winter,0,None,P005,Sunglasses,Accessories,50.0,10.0,102,0,0.0,1
2024-12-26,12,Winter,0,None,P005,Sunglasses,Accessories,40.24,10.0,101,1,0.19521134043021235,1
2024-12-27,12,Winter,0,None,P005,Sunglasses,Accessories,50.0,10.0,101,0,0.0,0
2024-12-28,12,Winter,0,None,P005,Sunglasses,Accessories,50.0,10.0,100,0,0.0,1
2024-12-29,12,Winter,0,None,P005,Sunglasses,Accessories,50.0,10.0,99,0,0.0,1
2024-12-30,12,Winter,0,None,P005,Sunglasses,Accessories,50.0,10.0,99,0,0.0,0
2024-12-31,12,Winter,0,None,P005,Sunglasses,Accessories,50.0,10.0,98,0,0.0,1
2025-01-01,1,Winter,0,None,P005,Sunglasses,Accessories,50.0,10.0,97,0,0.0,1
2025-01-02,1,Winter,0,None,P005,Sunglasses,Accessories,50.0,10.0,96,0,0.0,1
2025-01-03,1,Winter,0,None,P005,Sunglasses,Accessories,50.0,10.0,95,0,0.0,1
2025-01-04,1,Winter,0,None,P005,Sunglasses,Accessories,50.0,10.0,94,0,0.0,1
2025-01-05,1,Winter,0,None,P005,Sunglasses,Accessories,50.0,10.0,93,0,0.0,1
2025-01-06,1,Winter,0,None,P005,Sunglasses,Accessories,50.0,10.0,92,0,0.0,1
2025-01-07,1,Winter,0,None,P005,Sunglasses,Accessories,50.0,10.0,91,0,0.0,1
2025-01-08,1,Winter,0,None,P005,Sunglasses,Accessories,50.0,10.0,91,0,0.0,0
2025-01-09,1,Winter,0,None,P005,Sunglasses,Accessories,50.0,10.0,91,0,0.0,0
2025-01-10,1,Winter,0,None,P005,Sunglasses,Accessories,50.0,10.0,90,0,0.0,1
2025-01-11,1,Winter,0,None,P005,Sunglasses,Accessories,50.0,10.0,89,0,0.0,1
2025-01-12,1,Winter,0,None,P005,Sunglasses,Accessories,50.0,10.0,88,0,0.0,1
2025-01-13,1,Winter,0,None,P005,Sunglasses,Accessories,50.0,10.0,87,0,0.0,1
2025-01-14,1,Winter,0,None,P005,Sunglasses,Accessories,50.0,10.0,86,0,0.0,1
2025-01-15,1,Winter,0,None,P005,Sunglasses,Accessories,50.0,10.0,85,0,0.0,1
2025-01-16,1,Winter,0,None,P005,Sunglasses,Accessories,40.58,10.0,84,1,0.18847874814963872,1
2025-01-17,1,Winter,0,None,P005,Sunglasses,Accessories,39.56,10.0,83,1,0.2087755842322235,1
2025-01-18,1,Winter,0,None,P005,Sunglasses,Accessories,50.0,10.0,83,0,0.0,0
2025-01-19,1,Winter,0,None,P005,Sunglasses,Accessories,50.0,10.0,82,0,0.0,1
2025-01-20,1,Winter,0,None,P005,Sunglasses,Accessories,50.0,10.0,81,0,0.0,1
2025-01-21,1,Winter,0,None,P005,Sunglasses,Accessories,50.0,10.0,80,0,0.0,1
2025-01-22,1,Winter,0,None,P005,Sunglasses,Accessories,50.0,10.0,80,0,0.0,0
2025-01-23,1,Winter,0,None,P005,Sunglasses,Accessories,38.31,10.0,79,1,0.23370933902279706,1
2025-01-24,1,Winter,0,None,P005,Sunglasses,Accessories,50.0,10.0,78,0,0.0,1
2025-01-25,1,Winter,0,None,P005,Sunglasses,Accessories,50.0,10.0,77,0,0.0,1
2025-01-26,1,Winter,0,None,P005,Sunglasses,Accessories,50.0,10.0,76,0,0.0,1
2025-01-27,1,Winter,0,None,P005,Sunglasses,Accessories,50.0,10.0,75,0,0.0,1
2025-01-28,1,Winter,0,None,P005,Sunglasses,Accessories,37.8,10.0,74,1,0.24407464254644057,1
2025-01-29,1,Winter,0,None,P005,Sunglasses,Accessories,50.0,10.0,73,0,0.0,1
2025-01-30,1,Winter,0,None,P005,Sunglasses,Accessories,50.0,10.0,72,0,0.0,1
2025-01-31,1,Winter,0,None,P005,Sunglasses,Accessories,36.94,10.0,71,1,0.26117823383937083,1
2025-02-01,2,Winter,0,None,P005,Sunglasses,Accessories,50.0,10.0,71,0,0.0,0
2025-02-02,2,Winter,0,None,P005,Sunglasses,Accessories,50.0,10.0,70,0,0.0,1
2025-02-03,2,Winter,0,None,P005,Sunglasses,Accessories,40.7,10.0,69,1,0.18603518168886263,1
2025-02-04,2,Winter,0,None,P005,Sunglasses,Accessories,50.0,10.0,68,0,0.0,1
2025-02-05,2,Winter,0,None,P005,Sunglasses,Accessories,50.0,10.0,67,0,0.0,1
2025-02-06,2,Winter,0,None,P005,Sunglasses,Accessories,50.0,10.0,66,0,0.0,1
2025-02-07,2,Winter,0,None,P005,Sunglasses,Accessories,50.0,10.0,65,0,0.0,1
2025-02-08,2,Winter,0,None,P005,Sunglasses,Accessories,50.0,10.0,64,0,0.0,1
2025-02-09,2,Winter,0,None,P005,Sunglasses,Accessories,50.0,10.0,63,0,0.0,1
2025-02-10,2,Winter,0,None,P005,Sunglasses,Accessories,50.0,10.0,62,0,0.0,1
2025-02-11,2,Winter,0,None,P005,Sunglasses,Accessories,50.0,10.0,61,0,0.0,1
2025-02-12,2,Winter,0,None,P005,Sunglasses,Accessories,50.0,10.0,60,0,0.0,1
2025-02-13,2,Winter,0,None,P005,Sunglasses,Accessories,50.0,10.0,60,0,0.0,0
2025-02-14,2,Winter,0,None,P005,Sunglasses,Accessories,50.0,10.0,59,0,0.0,1
2025-02-15,2,Winter,0,None,P005,Sunglasses,Accessories,50.0,10.0,58,0,0.0,1
2025-02-16,2,Winter,0,None,P005,Sunglasses,Accessories,50.0,10.0,57,0,0.0,1
2025-02-17,2,Winter,0,None,P005,Sunglasses,Accessories,50.0,10.0,56,0,0.0,1
2025-02-18,2,Winter,0,None,P005,Sunglasses,Accessories,35.33,10.0,55,1,0.2933731100586787,1
2025-02-19,2,Winter,0,None,P005,Sunglasses,Accessories,50.0,10.0,54,0,0.0,1
2025-02-20,2,Winter,0,None,P005,Sunglasses,Accessories,35.11,10.0,53,1,0.29786990280840786,1
2025-02-21,2,Winter,0,None,P005,Sunglasses,Accessories,50.0,10.0,52,0,0.0,1
2025-02-22,2,Winter,0,None,P005,Sunglasses,Accessories,50.0,10.0,51,0,0.0,1
2025-02-23,2,Winter,0,None,P005,Sunglasses,Accessories,50.0,10.0,50,0,0.0,1
2025-02-24,2,Winter,0,None,P005,Sunglasses,Accessories,50.0,10.0,49,0,0.0,1
2025-02-25,2,Winter,0,None,P005,Sunglasses,Accessories,50.0,10.0,49,0,0.0,0
2025-02-26,2,Winter,0,None,P005,Sunglasses,Accessories,50.0,10.0,48,0,0.0,1
2025-02-27,2,Winter,0,None,P005,Sunglasses,Accessories,50.0,10.0,47,0,0.0,1
2025-02-28,2,Winter,0,None,P005,Sunglasses,Accessories,50.0,10.0,47,0,0.0,0
2025-03-01,3,Spring,0,None,P005,Sunglasses,Accessories,42.31,10.0,42,1,0.15370001523949908,5
2025-03-02,3,Spring,0,None,P005,Sunglasses,Accessories,50.0,10.0,37,0,0.0,5
2025-03-03,3,Spring,0,None,P005,Sunglasses,Accessories,50.0,10.0,200,0,0.0,4
2025-03-04,3,Spring,0,None,P005,Sunglasses,Accessories,50.0,10.0,198,0,0.0,2
2025-03-05,3,Spring,0,None,P005,Sunglasses,Accessories,50.0,10.0,194,0,0.0,4
2025-03-06,3,Spring,0,None,P005,Sunglasses,Accessories,50.0,10.0,190,0,0.0,4
2025-03-07,3,Spring,0,None,P005,Sunglasses,Accessories,50.0,10.0,186,0,0.0,4
2025-03-08,3,Spring,0,None,P005,Sunglasses,Accessories,40.04,10.0,181,1,0.19925902510012794,5
2025-03-09,3,Spring,0,None,P005,Sunglasses,Accessories,50.0,10.0,176,0,0.0,5
2025-03-10,3,Spring,1,Ramadan,P005,Sunglasses,Accessories,50.0,10.0,172,0,0.0,4
2025-03-11,3,Spring,1,Ramadan,P005,Sunglasses,Accessories,50.0,10.0,168,0,0.0,4
2025-03-12,3,Spring,1,Ramadan,P005,Sunglasses,Accessories,50.0,10.0,165,0,0.0,3
2025-03-13,3,Spring,1,Ramadan,P005,Sunglasses,Accessories,50.0,10.0,161,0,0.0,4
2025-03-14,3,Spring,1,Ramadan,P005,Sunglasses,Accessories,50.0,10.0,159,0,0.0,2
2025-03-15,3,Spring,1,Ramadan,P005,Sunglasses,Accessories,50.0,10.0,154,0,0.0,5
2025-03-16,3,Spring,1,Ramadan,P005,Sunglasses,Accessories,50.0,10.0,150,0,0.0,4
2025-03-17,3,Spring,1,Ramadan,P005,Sunglasses,Accessories,50.0,10.0,146,0,0.0,4
2025-03-18,3,Spring,1,Ramadan,P005,Sunglasses,Accessories,50.0,10.0,142,0,0.0,4
2025-03-19,3,Spring,1,Ramadan,P005,Sunglasses,Accessories,50.0,10.0,139,0,0.0,3
2025-03-20,3,Spring,1,Ramadan,P005,Sunglasses,Accessories,50.0,10.0,136,0,0.0,3
2025-03-21,3,Spring,1,Ramadan,P005,Sunglasses,Accessories,50.0,10.0,133,0,0.0,3
2025-03-22,3,Spring,1,Ramadan,P005,Sunglasses,Accessories,50.0,10.0,126,0,0.0,7
2025-03-23,3,Spring,1,Ramadan,P005,Sunglasses,Accessories,50.0,10.0,121,0,0.0,5
2025-03-24,3,Spring,1,Ramadan,P005,Sunglasses,Accessories,35.24,10.0,116,1,0.2951741725567073,5
2025-03-25,3,Spring,1,Ramadan,P005,Sunglasses,Accessories,50.0,10.0,114,0,0.0,2
2025-03-26,3,Spring,1,Ramadan,P005,Sunglasses,Accessories,36.9,10.0,111,1,0.26205182610345734,3
2025-03-27,3,Spring,1,Ramadan,P005,Sunglasses,Accessories,43.38,10.0,106,1,0.1324996830948883,5
2025-03-28,3,Spring,1,Ramadan,P005,Sunglasses,Accessories,50.0,10.0,103,0,0.0,3
2025-03-29,3,Spring,1,Ramadan,P005,Sunglasses,Accessories,38.09,10.0,95,1,0.23812306247732726,8
2025-03-30,3,Spring,1,Ramadan,P005,Sunglasses,Accessories,50.0,10.0,92,0,0.0,3
2025-03-31,3,Spring,1,Ramadan,P005,Sunglasses,Accessories,50.0,10.0,89,0,0.0,3
2025-04-01,4,Spring,0,None,P005,Sunglasses,Accessories,50.0,10.0,87,0,0.0,2
2025-04-02,4,Spring,0,None,P005,Sunglasses,Accessories,50.0,10.0,82,0,0.0,5
2025-04-03,4,Spring,0,None,P005,Sunglasses,Accessories,50.0,10.0,79,0,0.0,3
2025-04-04,4,Spring,0,None,P005,Sunglasses,Accessories,50.0,10.0,74,0,0.0,5
2025-04-05,4,Spring,0,None,P005,Sunglasses,Accessories,50.0,10.0,70,0,0.0,4
2025-04-06,4,Spring,0,None,P005,Sunglasses,Accessories,50.0,10.0,65,0,0.0,5
2025-04-07,4,Spring,0,None,P005,Sunglasses,Accessories,50.0,10.0,62,0,0.0,3
2025-04-08,4,Spring,0,None,P005,Sunglasses,Accessories,50.0,10.0,60,0,0.0,2
2025-04-09,4,Spring,1,Eid al-Fitr,P005,Sunglasses,Accessories,50.0,10.0,56,0,0.0,4
2025-04-10,4,Spring,1,Eid al-Fitr,P005,Sunglasses,Accessories,50.0,10.0,54,0,0.0,2
2025-04-11,4,Spring,0,None,P005,Sunglasses,Accessories,50.0,10.0,52,0,0.0,2
2025-04-12,4,Spring,0,None,P005,Sunglasses,Accessories,50.0,10.0,47,0,0.0,5
2025-04-13,4,Spring,0,None,P005,Sunglasses,Accessories,36.03,10.0,40,1,0.27934930998154894,7
2025-04-14,4,Spring,0,None,P005,Sunglasses,Accessories,50.0,10.0,37,0,0.0,3
2025-04-15,4,Spring,0,None,P005,Sunglasses,Accessories,50.0,10.0,170,0,0.0,2
2025-04-16,4,Spring,0,None,P005,Sunglasses,Accessories,50.0,10.0,166,0,0.0,4
2025-04-17,4,Spring,0,None,P005,Sunglasses,Accessories,50.0,10.0,162,0,0.0,4
2025-04-18,4,Spring,0,None,P005,Sunglasses,Accessories,50.0,10.0,160,0,0.0,2
2025-04-19,4,Spring,0,None,P005,Sunglasses,Accessories,50.0,10.0,157,0,0.0,3
2025-04-20,4,Spring,0,None,P005,Sunglasses,Accessories,50.0,10.0,153,0,0.0,4
2025-04-21,4,Spring,0,None,P005,Sunglasses,Accessories,50.0,10.0,151,0,0.0,2
2025-04-22,4,Spring,0,None,P005,Sunglasses,Accessories,50.0,10.0,148,0,0.0,3
2025-04-23,4,Spring,0,None,P005,Sunglasses,Accessories,50.0,10.0,144,0,0.0,4
2025-04-24,4,Spring,0,None,P005,Sunglasses,Accessories,50.0,10.0,141,0,0.0,3
2025-04-25,4,Spring,0,None,P005,Sunglasses,Accessories,50.0,10.0,137,0,0.0,4
2025-04-26,4,Spring,0,None,P005,Sunglasses,Accessories,50.0,10.0,133,0,0.0,4
2025-04-27,4,Spring,0,None,P005,Sunglasses,Accessories,50.0,10.0,127,0,0.0,6
2025-04-28,4,Spring,0,None,P005,Sunglasses,Accessories,36.29,10.0,122,1,0.2741594344676226,5
2025-04-29,4,Spring,0,None,P005,Sunglasses,Accessories,50.0,10.0,119,0,0.0,3
2025-04-30,4,Spring,0,None,P005,Sunglasses,Accessories,50.0,10.0,118,0,0.0,1
2025-05-01,5,Spring,0,None,P005,Sunglasses,Accessories,36.28,10.0,115,1,0.27431037129164954,3
2025-05-02,5,Spring,0,None,P005,Sunglasses,Accessories,50.0,10.0,112,0,0.0,3
2025-05-03,5,Spring,0,None,P005,Sunglasses,Accessories,50.0,10.0,110,0,0.0,2
2025-05-04,5,Spring,0,None,P005,Sunglasses,Accessories,50.0,10.0,105,0,0.0,5
2025-05-05,5,Spring,0,None,P005,Sunglasses,Accessories,50.0,10.0,101,0,0.0,4
2025-05-06,5,Spring,0,None,P005,Sunglasses,Accessories,50.0,10.0,97,0,0.0,4
2025-05-07,5,Spring,0,None,P005,Sunglasses,Accessories,50.0,10.0,95,0,0.0,2
2025-05-08,5,Spring,0,None,P005,Sunglasses,Accessories,50.0,10.0,92,0,0.0,3
2025-05-09,5,Spring,0,None,P005,Sunglasses,Accessories,50.0,10.0,89,0,0.0,3
2025-05-10,5,Spring,0,None,P005,Sunglasses,Accessories,50.0,10.0,84,0,0.0,5
2025-05-11,5,Spring,0,None,P005,Sunglasses,Accessories,50.0,10.0,79,0,0.0,5
2025-05-12,5,Spring,0,None,P005,Sunglasses,Accessories,50.0,10.0,76,0,0.0,3
2025-05-13,5,Spring,0,None,P005,Sunglasses,Accessories,50.0,10.0,72,0,0.0,4
2025-05-14,5,Spring,0,None,P005,Sunglasses,Accessories,50.0,10.0,70,0,0.0,2
2025-05-15,5,Spring,0,None,P005,Sunglasses,Accessories,50.0,10.0,66,0,0.0,4
2025-05-16,5,Spring,0,None,P005,Sunglasses,Accessories,50.0,10.0,63,0,0.0,3
2025-05-17,5,Spring,0,None,P005,Sunglasses,Accessories,50.0,10.0,58,0,0.0,5
2025-05-18,5,Spring,0,None,P005,Sunglasses,Accessories,41.31,10.0,52,1,0.17387652951651703,6
2025-05-19,5,Spring,0,None,P005,Sunglasses,Accessories,50.0,10.0,47,0,0.0,5
2025-05-20,5,Spring,0,None,P005,Sunglasses,Accessories,50.0,10.0,43,0,0.0,4
2025-05-21,5,Spring,0,None,P005,Sunglasses,Accessories,50.0,10.0,39,0,0.0,4
2025-05-22,5,Spring,0,None,P005,Sunglasses,Accessories,50.0,10.0,230,0,0.0,5
2025-05-23,5,Spring,0,None,P005,Sunglasses,Accessories,43.81,10.0,226,1,0.12385433440794869,4
2025-05-24,5,Spring,0,None,P005,Sunglasses,Accessories,50.0,10.0,223,0,0.0,3
2025-05-25,5,Spring,0,None,P005,Sunglasses,Accessories,50.0,10.0,219,0,0.0,4
2025-05-26,5,Spring,0,None,P005,Sunglasses,Accessories,50.0,10.0,215,0,0.0,4
2025-05-27,5,Spring,0,None,P005,Sunglasses,Accessories,50.0,10.0,211,0,0.0,4
2025-05-28,5,Spring,0,None,P005,Sunglasses,Accessories,50.0,10.0,207,0,0.0,4
2025-05-29,5,Spring,0,None,P005,Sunglasses,Accessories,37.2,10.0,201,1,0.25590633636478655,6
2025-05-30,5,Spring,0,None,P005,Sunglasses,Accessories,50.0,10.0,198,0,0.0,3
2025-05-31,5,Spring,0,None,P005,Sunglasses,Accessories,50.0,10.0,191,0,0.0,7
2025-06-01,6,Summer,0,None,P005,Sunglasses,Accessories,50.0,10.0,179,0,0.0,12
2025-06-02,6,Summer,0,None,P005,Sunglasses,Accessories,50.0,10.0,171,0,0.0,8
2025-06-03,6,Summer,0,None,P005,Sunglasses,Accessories,50.0,10.0,160,0,0.0,11
2025-06-04,6,Summer,0,None,P005,Sunglasses,Accessories,50.0,10.0,147,0,0.0,13
2025-06-05,6,Summer,0,None,P005,Sunglasses,Accessories,50.0,10.0,134,0,0.0,13
2025-06-06,6,Summer,0,None,P005,Sunglasses,Accessories,50.0,10.0,122,0,0.0,12
2025-06-07,6,Summer,0,None,P005,Sunglasses,Accessories,50.0,10.0,101,0,0.0,21
2025-06-08,6,Summer,0,None,P005,Sunglasses,Accessories,50.0,10.0,86,0,0.0,15
2025-06-09,6,Summer,0,None,P005,Sunglasses,Accessories,50.0,10.0,75,0,0.0,11
2025-06-10,6,Summer,0,None,P005,Sunglasses,Accessories,50.0,10.0,63,0,0.0,12
2025-06-11,6,Summer,0,None,P005,Sunglasses,Accessories,50.0,10.0,54,0,0.0,9
2025-06-12,6,Summer,0,None,P005,Sunglasses,Accessories,50.0,10.0,40,0,0.0,14
2025-06-13,6,Summer,0,None,P005,Sunglasses,Accessories,50.0,10.0,26,0,0.0,14
2025-06-14,6,Summer,0,None,P005,Sunglasses,Accessories,50.0,10.0,125,0,0.0,21
2025-06-15,6,Summer,0,None,P005,Sunglasses,Accessories,50.0,10.0,109,0,0.0,16
2025-06-16,6,Summer,1,Eid al-Adha,P005,Sunglasses,Accessories,50.0,10.0,99,0,0.0,10
2025-06-17,6,Summer,1,Eid al-Adha,P005,Sunglasses,Accessories,50.0,10.0,87,0,0.0,12
2025-06-18,6,Summer,0,None,P005,Sunglasses,Accessories,50.0,10.0,74,0,0.0,13
2025-06-19,6,Summer,0,None,P005,Sunglasses,Accessories,50.0,10.0,62,0,0.0,12
2025-06-20,6,Summer,0,None,P005,Sunglasses,Accessories,50.0,10.0,53,0,0.0,9
2025-06-21,6,Summer,0,None,P005,Sunglasses,Accessories,50.0,10.0,36,0,0.0,17
2025-06-22,6,Summer,0,None,P005,Sunglasses,Accessories,50.0,10.0,252,0,0.0,12
2025-06-23,6,Summer,0,None,P005,Sunglasses,Accessories,50.0,10.0,239,0,0.0,13
2025-06-24,6,Summer,0,None,P005,Sunglasses,Accessories,50.0,10.0,229,0,0.0,10
2025-06-25,6,Summer,0,None,P005,Sunglasses,Accessories,50.0,10.0,220,0,0.0,9
2025-06-26,6,Summer,0,None,P005,Sunglasses,Accessories,50.0,10.0,212,0,0.0,8
2025-06-27,6,Summer,0,None,P005,Sunglasses,Accessories,50.0,10.0,202,0,0.0,10
2025-06-28,6,Summer,0,None,P005,Sunglasses,Accessories,50.0,10.0,183,0,0.0,19
2025-06-29,6,Summer,0,None,P005,Sunglasses,Accessories,50.0,10.0,168,0,0.0,15
2025-06-30,6,Summer,0,None,P005,Sunglasses,Accessories,50.0,10.0,156,0,0.0,12
2025-07-01,7,Summer,0,None,P005,Sunglasses,Accessories,50.0,10.0,140,0,0.0,16
2025-07-02,7,Summer,0,None,P005,Sunglasses,Accessories,50.0,10.0,126,0,0.0,14
2025-07-03,7,Summer,0,None,P005,Sunglasses,Accessories,50.0,10.0,115,0,0.0,11
2025-07-04,7,Summer,0,None,P005,Sunglasses,Accessories,50.0,10.0,107,0,0.0,8
2025-07-05,7,Summer,0,None,P005,Sunglasses,Accessories,50.0,10.0,89,0,0.0,18
2025-07-06,7,Summer,0,None,P005,Sunglasses,Accessories,50.0,10.0,74,0,0.0,15
2025-07-07,7,Summer,0,None,P005,Sunglasses,Accessories,50.0,10.0,63,0,0.0,11
2025-07-08,7,Summer,0,None,P005,Sunglasses,Accessories,44.76,10.0,55,1,0.10477683826382855,8
2025-07-09,7,Summer,0,None,P005,Sunglasses,Accessories,50.0,10.0,45,0,0.0,10
2025-07-10,7,Summer,0,None,P005,Sunglasses,Accessories,50.0,10.0,32,0,0.0,13
2025-07-11,7,Summer,0,None,P005,Sunglasses,Accessories,50.0,10.0,204,0,0.0,9
2025-07-12,7,Summer,0,None,P005,Sunglasses,Accessories,50.0,10.0,191,0,0.0,13
2025-07-13,7,Summer,0,None,P005,Sunglasses,Accessories,50.0,10.0,175,0,0.0,16
2025-07-14,7,Summer,0,None,P005,Sunglasses,Accessories,36.88,10.0,154,1,0.26246346654282376,21
2025-07-15,7,Summer,0,None,P005,Sunglasses,Accessories,50.0,10.0,141,0,0.0,13
2025-07-16,7,Summer,0,None,P005,Sunglasses,Accessories,50.0,10.0,124,0,0.0,17
2025-07-17,7,Summer,0,None,P005,Sunglasses,Accessories,38.79,10.0,108,1,0.22429288453135693,16
2025-07-18,7,Summer,0,None,P005,Sunglasses,Accessories,50.0,10.0,102,0,0.0,6
2025-07-19,7,Summer,0,None,P005,Sunglasses,Accessories,50.0,10.0,87,0,0.0,15
2025-07-20,7,Summer,0,None,P005,Sunglasses,Accessories,50.0,10.0,70,0,0.0,17
2025-07-21,7,Summer,0,None,P005,Sunglasses,Accessories,50.0,10.0,58,0,0.0,12
2025-07-22,7,Summer,0,None,P005,Sunglasses,Accessories,50.0,10.0,44,0,0.0,14
2025-07-23,7,Summer,0,None,P005,Sunglasses,Accessories,50.0,10.0,32,0,0.0,12
2025-07-24,7,Summer,0,None,P005,Sunglasses,Accessories,50.0,10.0,202,0,0.0,12
2025-07-25,7,Summer,0,None,P005,Sunglasses,Accessories,50.0,10.0,189,0,0.0,13
2025-07-26,7,Summer,0,None,P005,Sunglasses,Accessories,50.0,10.0,173,0,0.0,16
2025-07-27,7,Summer,0,None,P005,Sunglasses,Accessories,50.0,10.0,159,0,0.0,14
2025-07-28,7,Summer,0,None,P005,Sunglasses,Accessories,50.0,10.0,145,0,0.0,14
2025-07-29,7,Summer,0,None,P005,Sunglasses,Accessories,36.19,10.0,129,1,0.2762210296713131,16
2025-07-30,7,Summer,0,None,P005,Sunglasses,Accessories,50.0,10.0,116,0,0.0,13
2025-07-31,7,Summer,0,None,P005,Sunglasses,Accessories,50.0,10.0,104,0,0.0,12
2025-08-01,8,Summer,0,None,P005,Sunglasses,Accessories,50.0,10.0,95,0,0.0,9
2025-08-02,8,Summer,0,None,P005,Sunglasses,Accessories,50.0,10.0,76,0,0.0,19
2025-08-03,8,Summer,0,None,P005,Sunglasses,Accessories,50.0,10.0,59,0,0.0,17
2025-08-04,8,Summer,0,None,P005,Sunglasses,Accessories,50.0,10.0,44,0,0.0,15
2025-08-05,8,Summer,0,None,P005,Sunglasses,Accessories,44.69,10.0,25,1,0.10621137520703113,19
2025-08-06,8,Summer,0,None,P005,Sunglasses,Accessories,50.0,10.0,197,0,0.0,12
2025-08-07,8,Summer,0,None,P005,Sunglasses,Accessories,41.33,10.0,182,1,0.17335041528518802,15
2025-08-08,8,Summer,0,None,P005,Sunglasses,Accessories,35.46,10.0,169,1,0.2908263283142145,13
2025-08-09,8,Summer,0,None,P005,Sunglasses,Accessories,50.0,10.0,154,0,0.0,15
2025-08-10,8,Summer,0,None,P005,Sunglasses,Accessories,50.0,10.0,136,0,0.0,18
2025-08-11,8,Summer,0,None,P005,Sunglasses,Accessories,50.0,10.0,124,0,0.0,12
2025-08-12,8,Summer,0,None,P005,Sunglasses,Accessories,50.0,10.0,112,0,0.0,12
2025-08-13,8,Summer,0,None,P005,Sunglasses,Accessories,40.75,10.0,96,1,0.18491452143719112,16
2025-08-14,8,Summer,0,None,P005,Sunglasses,Accessories,50.0,10.0,83,0,0.0,13
2025-08-15,8,Summer,0,None,P005,Sunglasses,Accessories,50.0,10.0,71,0,0.0,12
2025-08-16,8,Summer,0,None,P005,Sunglasses,Accessories,50.0,10.0,58,0,0.0,13
2025-08-17,8,Summer,0,None,P005,Sunglasses,Accessories,50.0,10.0,45,0,0.0,13
2025-08-18,8,Summer,0,None,P005,Sunglasses,Accessories,50.0,10.0,33,0,0.0,12
2025-08-19,8,Summer,0,None,P005,Sunglasses,Accessories,50.0,10.0,161,0,0.0,11
2025-08-20,8,Summer,0,None,P005,Sunglasses,Accessories,50.0,10.0,154,0,0.0,7
2025-08-21,8,Summer,0,None,P005,Sunglasses,Accessories,50.0,10.0,145,0,0.0,9
2025-08-22,8,Summer,0,None,P005,Sunglasses,Accessories,50.0,10.0,131,0,0.0,14
2025-08-23,8,Summer,0,None,P005,Sunglasses,Accessories,50.0,10.0,118,0,0.0,13
2025-08-24,8,Summer,0,None,P005,Sunglasses,Accessories,50.0,10.0,102,0,0.0,16
2025-08-25,8,Summer,0,None,P005,Sunglasses,Accessories,50.0,10.0,93,0,0.0,9
2025-08-26,8,Summer,0,None,P005,Sunglasses,Accessories,50.0,10.0,79,0,0.0,14
2025-08-27,8,Summer,0,None,P005,Sunglasses,Accessories,50.0,10.0,66,0,0.0,13
2025-08-28,8,Summer,0,None,P005,Sunglasses,Accessories,41.08,10.0,54,1,0.17830741992032584,12
2025-08-29,8,Summer,0,None,P005,Sunglasses,Accessories,50.0,10.0,40,0,0.0,14
2025-08-30,8,Summer,0,None,P005,Sunglasses,Accessories,50.0,10.0,20,0,0.0,20
2025-08-31,8,Summer,0,None,P005,Sunglasses,Accessories,50.0,10.0,170,0,0.0,15
2025-09-01,9,Autumn,1,Back_to_school,P005,Sunglasses,Accessories,50.0,10.0,166,0,0.0,4
2025-09-02,9,Autumn,1,Back_to_school,P005,Sunglasses,Accessories,50.0,10.0,164,0,0.0,2
2025-09-03,9,Autumn,1,Back_to_school,P005,Sunglasses,Accessories,41.59,10.0,161,1,0.1682095745661247,3
2025-09-04,9,Autumn,1,Back_to_school,P005,Sunglasses,Accessories,50.0,10.0,158,0,0.0,3
2025-09-05,9,Autumn,1,Back_to_school,P005,Sunglasses,Accessories,50.0,10.0,155,0,0.0,3
2025-09-06,9,Autumn,1,Back_to_school,P005,Sunglasses,Accessories,36.21,10.0,152,1,0.2758408675170765,3
2025-09-07,9,Autumn,1,Back_to_school,P005,Sunglasses,Accessories,50.0,10.0,148,0,0.0,4
2025-09-08,9,Autumn,1,Back_to_school,P005,Sunglasses,Accessories,39.19,10.0,145,1,0.21628497897381743,3
2025-09-09,9,Autumn,1,Back_to_school,P005,Sunglasses,Accessories,50.0,10.0,142,0,0.0,3
2025-09-10,9,Autumn,1,Back_to_school,P005,Sunglasses,Accessories,50.0,10.0,140,0,0.0,2
2025-09-11,9,Autumn,1,Back_to_school,P005,Sunglasses,Accessories,43.77,10.0,137,1,0.124610424718065,3
2025-09-12,9,Autumn,1,Back_to_school,P005,Sunglasses,Accessories,50.0,10.0,135,0,0.0,2
2025-09-13,9,Autumn,1,Back_to_school,P005,Sunglasses,Accessories,50.0,10.0,132,0,0.0,3
2025-09-14,9,Autumn,1,Back_to_school,P005,Sunglasses,Accessories,50.0,10.0,129,0,0.0,3
2025-09-15,9,Autumn,1,Back_to_school,P005,Sunglasses,Accessories,42.77,10.0,125,1,0.14461800368907116,4
2025-09-16,9,Autumn,0,None,P005,Sunglasses,Accessories,43.97,10.0,123,1,0.1206789873260083,2
2025-09-17,9,Autumn,0,None,P005,Sunglasses,Accessories,50.0,10.0,121,0,0.0,2
2025-09-18,9,Autumn,0,None,P005,Sunglasses,Accessories,50.0,10.0,120,0,0.0,1
2025-09-19,9,Autumn,0,None,P005,Sunglasses,Accessories,50.0,10.0,117,0,0.0,3
2025-09-20,9,Autumn,0,None,P005,Sunglasses,Accessories,50.0,10.0,114,0,0.0,3
2025-09-21,9,Autumn,0,None,P005,Sunglasses,Accessories,50.0,10.0,109,0,0.0,5
2025-09-22,9,Autumn,0,None,P005,Sunglasses,Accessories,50.0,10.0,106,0,0.0,3
2025-09-23,9,Autumn,0,None,P005,Sunglasses,Accessories,43.0,10.0,104,1,0.1400938095532718,2
2025-09-24,9,Autumn,0,None,P005,Sunglasses,Accessories,50.0,10.0,101,0,0.0,3
2025-09-25,9,Autumn,0,None,P005,Sunglasses,Accessories,50.0,10.0,98,0,0.0,3
2025-09-26,9,Autumn,0,None,P005,Sunglasses,Accessories,50.0,10.0,94,0,0.0,4
2025-09-27,9,Autumn,0,None,P005,Sunglasses,Accessories,50.0,10.0,90,0,0.0,4
2025-09-28,9,Autumn,0,None,P005,Sunglasses,Accessories,50.0,10.0,88,0,0.0,2
2025-09-29,9,Autumn,0,None,P005,Sunglasses,Accessories,40.35,10.0,82,1,0.192937893689033,6
2025-09-30,9,Autumn,0,None,P005,Sunglasses,Accessories,50.0,10.0,79,0,0.0,3
2025-10-01,10,Autumn,0,None,P005,Sunglasses,Accessories,50.0,10.0,76,0,0.0,3
2025-10-02,10,Autumn,0,None,P005,Sunglasses,Accessories,50.0,10.0,73,0,0.0,3
2025-10-03,10,Autumn,0,None,P005,Sunglasses,Accessories,50.0,10.0,70,0,0.0,3
2025-10-04,10,Autumn,0,None,P005,Sunglasses,Accessories,50.0,10.0,68,0,0.0,2
2025-10-05,10,Autumn,0,None,P005,Sunglasses,Accessories,50.0,10.0,66,0,0.0,2
2025-10-06,10,Autumn,0,None,P005,Sunglasses,Accessories,50.0,10.0,64,0,0.0,2
2025-10-07,10,Autumn,0,None,P005,Sunglasses,Accessories,50.0,10.0,61,0,0.0,3
2025-10-08,10,Autumn,0,None,P005,Sunglasses,Accessories,50.0,10.0,59,0,0.0,2
2025-10-09,10,Autumn,0,None,P005,Sunglasses,Accessories,36.61,10.0,56,1,0.2678415906078918,3
2025-10-10,10,Autumn,0,None,P005,Sunglasses,Accessories,35.6,10.0,51,1,0.28803596694584827,5
2025-10-11,10,Autumn,0,None,P005,Sunglasses,Accessories,50.0,10.0,47,0,0.0,4
2025-10-12,10,Autumn,0,None,P005,Sunglasses,Accessories,50.0,10.0,42,0,0.0,5
2025-10-13,10,Autumn,0,None,P005,Sunglasses,Accessories,44.46,10.0,40,1,0.11080952546994532,2
2025-10-14,10,Autumn,0,None,P005,Sunglasses,Accessories,50.0,10.0,37,0,0.0,3
2025-10-15,10,Autumn,0,None,P005,Sunglasses,Accessories,50.0,10.0,166,0,0.0,3
2025-10-16,10,Autumn,0,None,P005,Sunglasses,Accessories,50.0,10.0,164,0,0.0,2
2025-10-17,10,Autumn,0,None,P005,Sunglasses,Accessories,50.0,10.0,162,0,0.0,2
2025-10-18,10,Autumn,0,None,P005,Sunglasses,Accessories,50.0,10.0,157,0,0.0,5
2025-10-19,10,Autumn,0,None,P005,Sunglasses,Accessories,50.0,10.0,153,0,0.0,4
2025-10-20,10,Autumn,0,None,P005,Sunglasses,Accessories,50.0,10.0,150,0,0.0,3
2025-10-21,10,Autumn,0,None,P005,Sunglasses,Accessories,50.0,10.0,147,0,0.0,3
2025-10-22,10,Autumn,0,None,P005,Sunglasses,Accessories,50.0,10.0,144,0,0.0,3
2025-10-23,10,Autumn,0,None,P005,Sunglasses,Accessories,50.0,10.0,141,0,0.0,3
2025-10-24,10,Autumn,0,None,P005,Sunglasses,Accessories,50.0,10.0,139,0,0.0,2
2025-10-25,10,Autumn,0,None,P005,Sunglasses,Accessories,50.0,10.0,134,0,0.0,5
2025-10-26,10,Autumn,0,None,P005,Sunglasses,Accessories,50.0,10.0,129,0,0.0,5
2025-10-27,10,Autumn,0,None,P005,Sunglasses,Accessories,44.98,10.0,127,1,0.10046949477349064,2
2025-10-28,10,Autumn,0,None,P005,Sunglasses,Accessories,50.0,10.0,125,0,0.0,2
2025-10-29,10,Autumn,0,None,P005,Sunglasses,Accessories,50.0,10.0,122,0,0.0,3
2025-10-30,10,Autumn,0,None,P005,Sunglasses,Accessories,50.0,10.0,118,0,0.0,4
2025-10-31,10,Autumn,0,None,P005,Sunglasses,Accessories,50.0,10.0,115,0,0.0,3
2025-11-01,11,Autumn,0,None,P005,Sunglasses,Accessories,35.6,10.0,108,1,0.2880794067891088,7
2025-11-02,11,Autumn,0,None,P005,Sunglasses,Accessories,50.0,10.0,105,0,0.0,3
2025-11-03,11,Autumn,0,None,P005,Sunglasses,Accessories,50.0,10.0,102,0,0.0,3
2025-11-04,11,Autumn,0,None,P005,Sunglasses,Accessories,50.0,10.0,100,0,0.0,2
2025-11-05,11,Autumn,0,None,P005,Sunglasses,Accessories,50.0,10.0,98,0,0.0,2
2025-11-06,11,Autumn,0,None,P005,Sunglasses,Accessories,50.0,10.0,96,0,0.0,2
2025-11-07,11,Autumn,0,None,P005,Sunglasses,Accessories,50.0,10.0,94,0,0.0,2
2025-11-08,11,Autumn,0,None,P005,Sunglasses,Accessories,50.0,10.0,89,0,0.0,5
2025-11-09,11,Autumn,0,None,P005,Sunglasses,Accessories,50.0,10.0,85,0,0.0,4
2025-11-10,11,Autumn,0,None,P005,Sunglasses,Accessories,50.0,10.0,82,0,0.0,3
2025-11-11,11,Autumn,0,None,P005,Sunglasses,Accessories,50.0,10.0,79,0,0.0,3
2025-11-12,11,Autumn,0,None,P005,Sunglasses,Accessories,50.0,10.0,77,0,0.0,2
2025-11-13,11,Autumn,0,None,P005,Sunglasses,Accessories,50.0,10.0,74,0,0.0,3
2025-11-14,11,Autumn,0,None,P005,Sunglasses,Accessories,36.06,10.0,70,1,0.27875483755238895,4
2025-11-15,11,Autumn,0,None,P005,Sunglasses,Accessories,50.0,10.0,66,0,0.0,4
2025-11-16,11,Autumn,0,None,P005,Sunglasses,Accessories,50.0,10.0,62,0,0.0,4
2025-11-17,11,Autumn,0,None,P005,Sunglasses,Accessories,36.21,10.0,58,1,0.2757762291825704,4
2025-11-18,11,Autumn,0,None,P005,Sunglasses,Accessories,50.0,10.0,56,0,0.0,2
2025-11-19,11,Autumn,0,None,P005,Sunglasses,Accessories,50.0,10.0,53,0,0.0,3
2025-11-20,11,Autumn,0,None,P005,Sunglasses,Accessories,50.0,10.0,51,0,0.0,2
2025-11-21,11,Autumn,0,None,P005,Sunglasses,Accessories,50.0,10.0,49,0,0.0,2
2025-11-22,11,Autumn,0,None,P005,Sunglasses,Accessories,50.0,10.0,45,0,0.0,4
2025-11-23,11,Autumn,0,None,P005,Sunglasses,Accessories,50.0,10.0,41,0,0.0,4
2025-11-24,11,Autumn,0,None,P005,Sunglasses,Accessories,50.0,10.0,38,0,0.0,3
2025-11-25,11,Autumn,0,None,P005,Sunglasses,Accessories,50.0,10.0,180,0,0.0,2
2025-11-26,11,Autumn,0,None,P005,Sunglasses,Accessories,50.0,10.0,177,0,0.0,3
2025-11-27,11,Autumn,0,None,P005,Sunglasses,Accessories,50.0,10.0,174,0,0.0,3
2025-11-28,11,Autumn,0,None,P005,Sunglasses,Accessories,50.0,10.0,170,0,0.0,4
2025-11-29,11,Autumn,0,None,P005,Sunglasses,Accessories,50.0,10.0,167,0,0.0,3
2025-11-30,11,Autumn,0,None,P005,Sunglasses,Accessories,50.0,10.0,163,0,0.0,4
2025-12-01,12,Winter,0,None,P005,Sunglasses,Accessories,50.0,10.0,162,0,0.0,1
2025-12-02,12,Winter,0,None,P005,Sunglasses,Accessories,50.0,10.0,161,0,0.0,1
2025-12-03,12,Winter,0,None,P005,Sunglasses,Accessories,50.0,10.0,160,0,0.0,1
2025-12-04,12,Winter,0,None,P005,Sunglasses,Accessories,35.77,10.0,158,1,0.28451448098116,2
2025-12-05,12,Winter,0,None,P005,Sunglasses,Accessories,50.0,10.0,157,0,0.0,1
2025-12-06,12,Winter,0,None,P005,Sunglasses,Accessories,50.0,10.0,156,0,0.0,1
2025-12-07,12,Winter,0,None,P005,Sunglasses,Accessories,50.0,10.0,154,0,0.0,2
2025-12-08,12,Winter,0,None,P005,Sunglasses,Accessories,50.0,10.0,153,0,0.0,1
2025-12-09,12,Winter,0,None,P005,Sunglasses,Accessories,50.0,10.0,152,0,0.0,1
2025-12-10,12,Winter,0,None,P005,Sunglasses,Accessories,50.0,10.0,151,0,0.0,1
2025-12-11,12,Winter,0,None,P005,Sunglasses,Accessories,50.0,10.0,150,0,0.0,1
2025-12-12,12,Winter,0,None,P005,Sunglasses,Accessories,50.0,10.0,149,0,0.0,1
2025-12-13,12,Winter,0,None,P005,Sunglasses,Accessories,50.0,10.0,148,0,0.0,1
2025-12-14,12,Winter,0,None,P005,Sunglasses,Accessories,50.0,10.0,147,0,0.0,1
2025-12-15,12,Winter,0,None,P005,Sunglasses,Accessories,50.0,10.0,146,0,0.0,1
2025-12-16,12,Winter,0,None,P005,Sunglasses,Accessories,50.0,10.0,146,0,0.0,0
2025-12-17,12,Winter,0,None,P005,Sunglasses,Accessories,50.0,10.0,146,0,0.0,0
2025-12-18,12,Winter,0,None,P005,Sunglasses,Accessories,50.0,10.0,145,0,0.0,1
2025-12-19,12,Winter,0,None,P005,Sunglasses,Accessories,50.0,10.0,144,0,0.0,1
2025-12-20,12,Winter,0,None,P005,Sunglasses,Accessories,50.0,10.0,143,0,0.0,1
2025-12-21,12,Winter,0,None,P005,Sunglasses,Accessories,50.0,10.0,142,0,0.0,1
2025-12-22,12,Winter,0,None,P005,Sunglasses,Accessories,50.0,10.0,141,0,0.0,1
2025-12-23,12,Winter,0,None,P005,Sunglasses,Accessories,50.0,10.0,140,0,0.0,1
2025-12-24,12,Winter,0,None,P005,Sunglasses,Accessories,50.0,10.0,139,0,0.0,1
2025-12-25,12,Winter,0,None,P005,Sunglasses,Accessories,50.0,10.0,138,0,0.0,1
2025-12-26,12,Winter,0,None,P005,Sunglasses,Accessories,50.0,10.0,138,0,0.0,0
2025-12-27,12,Winter,0,None,P005,Sunglasses,Accessories,50.0,10.0,137,0,0.0,1
2025-12-28,12,Winter,0,None,P005,Sunglasses,Accessories,50.0,10.0,136,0,0.0,1
2025-12-29,12,Winter,0,None,P005,Sunglasses,Accessories,50.0,10.0,136,0,0.0,0
2025-12-30,12,Winter,0,None,P005,Sunglasses,Accessories,50.0,10.0,135,0,0.0,1
2025-12-31,12,Winter,0,None,P005,Sunglasses,Accessories,50.0,10.0,134,0,0.0,1
2026-01-01,1,Winter,0,None,P005,Sunglasses,Accessories,50.0,10.0,133,0,0.0,1
2026-01-02,1,Winter,0,None,P005,Sunglasses,Accessories,50.0,10.0,133,0,0.0,0
2026-01-03,1,Winter,0,None,P005,Sunglasses,Accessories,50.0,10.0,132,0,0.0,1
2026-01-04,1,Winter,0,None,P005,Sunglasses,Accessories,50.0,10.0,131,0,0.0,1
2026-01-05,1,Winter,0,None,P005,Sunglasses,Accessories,50.0,10.0,130,0,0.0,1
2026-01-06,1,Winter,0,None,P005,Sunglasses,Accessories,50.0,10.0,129,0,0.0,1
2026-01-07,1,Winter,0,None,P005,Sunglasses,Accessories,50.0,10.0,128,0,0.0,1
2026-01-08,1,Winter,0,None,P005,Sunglasses,Accessories,36.16,10.0,127,1,0.2768490347857908,1
2026-01-09,1,Winter,0,None,P005,Sunglasses,Accessories,50.0,10.0,126,0,0.0,1
2026-01-10,1,Winter,0,None,P005,Sunglasses,Accessories,50.0,10.0,125,0,0.0,1
2026-01-11,1,Winter,0,None,P005,Sunglasses,Accessories,43.09,10.0,123,1,0.13821037374173656,2
2026-01-12,1,Winter,0,None,P005,Sunglasses,Accessories,50.0,10.0,122,0,0.0,1
2026-01-13,1,Winter,0,None,P005,Sunglasses,Accessories,50.0,10.0,121,0,0.0,1
2026-01-14,1,Winter,0,None,P005,Sunglasses,Accessories,50.0,10.0,121,0,0.0,0
2026-01-15,1,Winter,0,None,P005,Sunglasses,Accessories,50.0,10.0,120,0,0.0,1
2026-01-16,1,Winter,0,None,P005,Sunglasses,Accessories,50.0,10.0,119,0,0.0,1
2026-01-17,1,Winter,0,None,P005,Sunglasses,Accessories,50.0,10.0,117,0,0.0,2
2026-01-18,1,Winter,0,None,P005,Sunglasses,Accessories,50.0,10.0,116,0,0.0,1
2026-01-19,1,Winter,0,None,P005,Sunglasses,Accessories,50.0,10.0,115,0,0.0,1
2026-01-20,1,Winter,0,None,P005,Sunglasses,Accessories,50.0,10.0,114,0,0.0,1
2026-01-21,1,Winter,0,None,P005,Sunglasses,Accessories,50.0,10.0,113,0,0.0,1
2026-01-22,1,Winter,0,None,P005,Sunglasses,Accessories,50.0,10.0,113,0,0.0,0
2026-01-23,1,Winter,0,None,P005,Sunglasses,Accessories,50.0,10.0,112,0,0.0,1
2026-01-24,1,Winter,0,None,P005,Sunglasses,Accessories,50.0,10.0,111,0,0.0,1
2026-01-25,1,Winter,0,None,P005,Sunglasses,Accessories,50.0,10.0,110,0,0.0,1
2026-01-26,1,Winter,0,None,P005,Sunglasses,Accessories,50.0,10.0,109,0,0.0,1
2026-01-27,1,Winter,0,None,P005,Sunglasses,Accessories,41.04,10.0,108,1,0.17924946936328118,1
2026-01-28,1,Winter,0,None,P005,Sunglasses,Accessories,50.0,10.0,108,0,0.0,0
2026-01-29,1,Winter,0,None,P005,Sunglasses,Accessories,50.0,10.0,107,0,0.0,1
2026-01-30,1,Winter,0,None,P005,Sunglasses,Accessories,50.0,10.0,107,0,0.0,0
2026-01-31,1,Winter,0,None,P005,Sunglasses,Accessories,50.0,10.0,105,0,0.0,2
2026-02-01,2,Winter,0,None,P005,Sunglasses,Accessories,41.96,10.0,104,1,0.16074477032636517,1
2026-02-02,2,Winter,0,None,P005,Sunglasses,Accessories,50.0,10.0,103,0,0.0,1
2026-02-03,2,Winter,0,None,P005,Sunglasses,Accessories,50.0,10.0,102,0,0.0,1
2026-02-04,2,Winter,0,None,P005,Sunglasses,Accessories,50.0,10.0,102,0,0.0,0
2026-02-05,2,Winter,0,None,P005,Sunglasses,Accessories,50.0,10.0,101,0,0.0,1
2026-02-06,2,Winter,0,None,P005,Sunglasses,Accessories,50.0,10.0,101,0,0.0,0
2026-02-07,2,Winter,0,None,P005,Sunglasses,Accessories,50.0,10.0,100,0,0.0,1
2026-02-08,2,Winter,0,None,P005,Sunglasses,Accessories,50.0,10.0,99,0,0.0,1
2026-02-09,2,Winter,0,None,P005,Sunglasses,Accessories,50.0,10.0,98,0,0.0,1
2026-02-10,2,Winter,0,None,P005,Sunglasses,Accessories,50.0,10.0,97,0,0.0,1
2026-02-11,2,Winter,0,None,P005,Sunglasses,Accessories,50.0,10.0,96,0,0.0,1
2026-02-12,2,Winter,0,None,P005,Sunglasses,Accessories,50.0,10.0,96,0,0.0,0
2026-02-13,2,Winter,0,None,P005,Sunglasses,Accessories,50.0,10.0,95,0,0.0,1
2026-02-14,2,Winter,0,None,P005,Sunglasses,Accessories,50.0,10.0,94,0,0.0,1
2026-02-15,2,Winter,0,None,P005,Sunglasses,Accessories,50.0,10.0,93,0,0.0,1
2026-02-16,2,Winter,0,None,P005,Sunglasses,Accessories,50.0,10.0,92,0,0.0,1
2026-02-17,2,Winter,0,None,P005,Sunglasses,Accessories,50.0,10.0,91,0,0.0,1
2026-02-18,2,Winter,0,None,P005,Sunglasses,Accessories,50.0,10.0,91,0,0.0,0
2026-02-19,2,Winter,0,None,P005,Sunglasses,Accessories,50.0,10.0,90,0,0.0,1
2026-02-20,2,Winter,0,None,P005,Sunglasses,Accessories,43.09,10.0,89,1,0.13825783133930286,1
2026-02-21,2,Winter,0,None,P005,Sunglasses,Accessories,50.0,10.0,88,0,0.0,1
2026-02-22,2,Winter,0,None,P005,Sunglasses,Accessories,50.0,10.0,87,0,0.0,1
2026-02-23,2,Winter,0,None,P005,Sunglasses,Accessories,50.0,10.0,87,0,0.0,0
2026-02-24,2,Winter,0,None,P005,Sunglasses,Accessories,50.0,10.0,86,0,0.0,1
2026-02-25,2,Winter,0,None,P005,Sunglasses,Accessories,50.0,10.0,85,0,0.0,1
2026-02-26,2,Winter,0,None,P005,Sunglasses,Accessories,50.0,10.0,84,0,0.0,1
2026-02-27,2,Winter,0,None,P005,Sunglasses,Accessories,50.0,10.0,84,0,0.0,0
2026-02-28,2,Winter,0,None,P005,Sunglasses,Accessories,50.0,10.0,83,0,0.0,1
2026-03-01,3,Spring,0,None,P005,Sunglasses,Accessories,50.0,10.0,79,0,0.0,4
2026-03-02,3,Spring,0,None,P005,Sunglasses,Accessories,36.02,10.0,73,1,0.2795591612784052,6
2026-03-03,3,Spring,0,None,P005,Sunglasses,Accessories,50.0,10.0,71,0,0.0,2
2026-03-04,3,Spring,0,None,P005,Sunglasses,Accessories,50.0,10.0,67,0,0.0,4
2026-03-05,3,Spring,0,None,P005,Sunglasses,Accessories,50.0,10.0,65,0,0.0,2
2026-03-06,3,Spring,0,None,P005,Sunglasses,Accessories,50.0,10.0,61,0,0.0,4
2026-03-07,3,Spring,0,None,P005,Sunglasses,Accessories,50.0,10.0,57,0,0.0,4
2026-03-08,3,Spring,0,None,P005,Sunglasses,Accessories,50.0,10.0,52,0,0.0,5
2026-03-09,3,Spring,0,None,P005,Sunglasses,Accessories,50.0,10.0,48,0,0.0,4
2026-03-10,3,Spring,1,Ramadan,P005,Sunglasses,Accessories,50.0,10.0,44,0,0.0,4
2026-03-11,3,Spring,1,Ramadan,P005,Sunglasses,Accessories,50.0,10.0,42,0,0.0,2
2026-03-12,3,Spring,1,Ramadan,P005,Sunglasses,Accessories,50.0,10.0,39,0,0.0,3
2026-03-13,3,Spring,1,Ramadan,P005,Sunglasses,Accessories,50.0,10.0,180,0,0.0,4
2026-03-14,3,Spring,1,Ramadan,P005,Sunglasses,Accessories,50.0,10.0,176,0,0.0,4
2026-03-15,3,Spring,1,Ramadan,P005,Sunglasses,Accessories,50.0,10.0,170,0,0.0,6
2026-03-16,3,Spring,1,Ramadan,P005,Sunglasses,Accessories,43.17,10.0,165,1,0.136691576951773,5
2026-03-17,3,Spring,1,Ramadan,P005,Sunglasses,Accessories,50.0,10.0,160,0,0.0,5
2026-03-18,3,Spring,1,Ramadan,P005,Sunglasses,Accessories,50.0,10.0,158,0,0.0,2
2026-03-19,3,Spring,1,Ramadan,P005,Sunglasses,Accessories,50.0,10.0,154,0,0.0,4
2026-03-20,3,Spring,1,Ramadan,P005,Sunglasses,Accessories,50.0,10.0,148,0,0.0,6
2026-03-21,3,Spring,1,Ramadan,P005,Sunglasses,Accessories,50.0,10.0,145,0,0.0,3
2026-03-22,3,Spring,1,Ramadan,P005,Sunglasses,Accessories,41.64,10.0,141,1,0.16711144033933142,4
2026-03-23,3,Spring,1,Ramadan,P005,Sunglasses,Accessories,50.0,10.0,138,0,0.0,3
2026-03-24,3,Spring,1,Ramadan,P005,Sunglasses,Accessories,50.0,10.0,134,0,0.0,4
2026-03-25,3,Spring,1,Ramadan,P005,Sunglasses,Accessories,50.0,10.0,131,0,0.0,3
2026-03-26,3,Spring,1,Ramadan,P005,Sunglasses,Accessories,39.9,10.0,126,1,0.2020785442697413,5
2026-03-27,3,Spring,1,Ramadan,P005,Sunglasses,Accessories,50.0,10.0,123,0,0.0,3
2026-03-28,3,Spring,1,Ramadan,P005,Sunglasses,Accessories,50.0,10.0,118,0,0.0,5
2026-03-29,3,Spring,1,Ramadan,P005,Sunglasses,Accessories,50.0,10.0,113,0,0.0,5
2026-03-30,3,Spring,1,Ramadan,P005,Sunglasses,Accessories,50.0,10.0,109,0,0.0,4
2026-03-31,3,Spring,1,Ramadan,P005,Sunglasses,Accessories,36.71,10.0,104,1,0.2657060519163017,5
2026-04-01,4,Spring,0,None,P005,Sunglasses,Accessories,50.0,10.0,100,0,0.0,4
2026-04-02,4,Spring,0,None,P005,Sunglasses,Accessories,50.0,10.0,97,0,0.0,3
2026-04-03,4,Spring,0,None,P005,Sunglasses,Accessories,50.0,10.0,94,0,0.0,3
2026-04-04,4,Spring,0,None,P005,Sunglasses,Accessories,50.0,10.0,91,0,0.0,3
2026-04-05,4,Spring,0,None,P005,Sunglasses,Accessories,38.95,10.0,84,1,0.22102032444743014,7
2026-04-06,4,Spring,0,None,P005,Sunglasses,Accessories,50.0,10.0,80,0,0.0,4
2026-04-07,4,Spring,0,None,P005,Sunglasses,Accessories,50.0,10.0,77,0,0.0,3
2026-04-08,4,Spring,0,None,P005,Sunglasses,Accessories,50.0,10.0,74,0,0.0,3
2026-04-09,4,Spring,1,Eid al-Fitr,P005,Sunglasses,Accessories,50.0,10.0,71,0,0.0,3
2026-04-10,4,Spring,1,Eid al-Fitr,P005,Sunglasses,Accessories,50.0,10.0,68,0,0.0,3
2026-04-11,4,Spring,0,None,P005,Sunglasses,Accessories,50.0,10.0,63,0,0.0,5
2026-04-12,4,Spring,0,None,P005,Sunglasses,Accessories,50.0,10.0,57,0,0.0,6
2026-04-13,4,Spring,0,None,P005,Sunglasses,Accessories,50.0,10.0,54,0,0.0,3
2026-04-14,4,Spring,0,None,P005,Sunglasses,Accessories,50.0,10.0,49,0,0.0,5
2026-04-15,4,Spring,0,None,P005,Sunglasses,Accessories,50.0,10.0,46,0,0.0,3
2026-04-16,4,Spring,0,None,P005,Sunglasses,Accessories,50.0,10.0,45,0,0.0,1
2026-04-17,4,Spring,0,None,P005,Sunglasses,Accessories,50.0,10.0,42,0,0.0,3
2026-04-18,4,Spring,0,None,P005,Sunglasses,Accessories,50.0,10.0,39,0,0.0,3
2026-04-19,4,Spring,0,None,P005,Sunglasses,Accessories,50.0,10.0,210,0,0.0,5
2026-04-20,4,Spring,0,None,P005,Sunglasses,Accessories,50.0,10.0,205,0,0.0,5
2026-04-21,4,Spring,0,None,P005,Sunglasses,Accessories,50.0,10.0,202,0,0.0,3
2026-04-22,4,Spring,0,None,P005,Sunglasses,Accessories,36.48,10.0,198,1,0.2704877771283746,4
2026-04-23,4,Spring,0,None,P005,Sunglasses,Accessories,50.0,10.0,194,0,0.0,4
2026-04-24,4,Spring,0,None,P005,Sunglasses,Accessories,50.0,10.0,191,0,0.0,3
2026-04-25,4,Spring,0,None,P005,Sunglasses,Accessories,50.0,10.0,186,0,0.0,5
2026-04-26,4,Spring,0,None,P005,Sunglasses,Accessories,50.0,10.0,182,0,0.0,4
2026-04-27,4,Spring,0,None,P005,Sunglasses,Accessories,50.0,10.0,179,0,0.0,3
2026-04-28,4,Spring,0,None,P005,Sunglasses,Accessories,50.0,10.0,176,0,0.0,3
2026-04-29,4,Spring,0,None,P005,Sunglasses,Accessories,50.0,10.0,171,0,0.0,5
2026-04-30,4,Spring,0,None,P005,Sunglasses,Accessories,50.0,10.0,169,0,0.0,2
2026-05-01,5,Spring,0,None,P005,Sunglasses,Accessories,50.0,10.0,166,0,0.0,3
2026-05-02,5,Spring,0,None,P005,Sunglasses,Accessories,50.0,10.0,162,0,0.0,4
2026-05-03,5,Spring,0,None,P005,Sunglasses,Accessories,50.0,10.0,158,0,0.0,4
2026-05-04,5,Spring,0,None,P005,Sunglasses,Accessories,50.0,10.0,154,0,0.0,4
2026-05-05,5,Spring,0,None,P005,Sunglasses,Accessories,50.0,10.0,153,0,0.0,1
2026-05-06,5,Spring,0,None,P005,Sunglasses,Accessories,50.0,10.0,150,0,0.0,3
2026-05-07,5,Spring,0,None,P005,Sunglasses,Accessories,50.0,10.0,146,0,0.0,4
2026-05-08,5,Spring,0,None,P005,Sunglasses,Accessories,50.0,10.0,142,0,0.0,4
2026-05-09,5,Spring,0,None,P005,Sunglasses,Accessories,38.94,10.0,138,1,0.22120300049588865,4
2026-05-10,5,Spring,0,None,P005,Sunglasses,Accessories,35.41,10.0,129,1,0.29184708706476437,9
2026-05-11,5,Spring,0,None,P005,Sunglasses,Accessories,50.0,10.0,125,0,0.0,4
2026-05-12,5,Spring,0,None,P005,Sunglasses,Accessories,50.0,10.0,121,0,0.0,4
2026-05-13,5,Spring,0,None,P005,Sunglasses,Accessories,50.0,10.0,118,0,0.0,3
2026-05-14,5,Spring,0,None,P005,Sunglasses,Accessories,50.0,10.0,114,0,0.0,4
2026-05-15,5,Spring,0,None,P005,Sunglasses,Accessories,50.0,10.0,110,0,0.0,4
2026-05-16,5,Spring,0,None,P005,Sunglasses,Accessories,50.0,10.0,105,0,0.0,5
2026-05-17,5,Spring,0,None,P005,Sunglasses,Accessories,50.0,10.0,102,0,0.0,3
2026-05-18,5,Spring,0,None,P005,Sunglasses,Accessories,50.0,10.0,99,0,0.0,3
2026-05-19,5,Spring,0,None,P005,Sunglasses,Accessories,37.25,10.0,94,1,0.2550819029184989,5
2026-05-20,5,Spring,0,None,P005,Sunglasses,Accessories,50.0,10.0,91,0,0.0,3
2026-05-21,5,Spring,0,None,P005,Sunglasses,Accessories,50.0,10.0,87,0,0.0,4
2026-05-22,5,Spring,0,None,P005,Sunglasses,Accessories,50.0,10.0,84,0,0.0,3
2026-05-23,5,Spring,0,None,P005,Sunglasses,Accessories,50.0,10.0,80,0,0.0,4
2026-05-24,5,Spring,0,None,P005,Sunglasses,Accessories,50.0,10.0,76,0,0.0,4
2026-05-25,5,Spring,0,None,P005,Sunglasses,Accessories,50.0,10.0,73,0,0.0,3
2026-05-26,5,Spring,0,None,P005,Sunglasses,Accessories,50.0,10.0,70,0,0.0,3
2026-05-27,5,Spring,0,None,P005,Sunglasses,Accessories,50.0,10.0,67,0,0.0,3
2026-05-28,5,Spring,0,None,P005,Sunglasses,Accessories,50.0,10.0,64,0,0.0,3
2026-05-29,5,Spring,0,None,P005,Sunglasses,Accessories,50.0,10.0,61,0,0.0,3
2026-05-30,5,Spring,0,None,P005,Sunglasses,Accessories,50.0,10.0,56,0,0.0,5
2026-05-31,5,Spring,0,None,P005,Sunglasses,Accessories,50.0,10.0,52,0,0.0,4
2026-06-01,6,Summer,0,None,P005,Sunglasses,Accessories,50.0,10.0,40,0,0.0,12
2026-06-02,6,Summer,0,None,P005,Sunglasses,Accessories,50.0,10.0,29,0,0.0,11
2026-06-03,6,Summer,0,None,P005,Sunglasses,Accessories,50.0,10.0,149,0,0.0,13
2026-06-04,6,Summer,0,None,P005,Sunglasses,Accessories,50.0,10.0,138,0,0.0,11
2026-06-05,6,Summer,0,None,P005,Sunglasses,Accessories,50.0,10.0,125,0,0.0,13
2026-06-06,6,Summer,0,None,P005,Sunglasses,Accessories,50.0,10.0,110,0,0.0,15
2026-06-07,6,Summer,0,None,P005,Sunglasses,Accessories,50.0,10.0,96,0,0.0,14
2026-06-08,6,Summer,0,None,P005,Sunglasses,Accessories,50.0,10.0,83,0,0.0,13
2026-06-09,6,Summer,0,None,P005,Sunglasses,Accessories,50.0,10.0,72,0,0.0,11
2026-06-10,6,Summer,0,None,P005,Sunglasses,Accessories,50.0,10.0,64,0,0.0,8
2026-06-11,6,Summer,0,None,P005,Sunglasses,Accessories,50.0,10.0,54,0,0.0,10
2026-06-12,6,Summer,0,None,P005,Sunglasses,Accessories,50.0,10.0,47,0,0.0,7
2026-06-13,6,Summer,0,None,P005,Sunglasses,Accessories,50.0,10.0,33,0,0.0,14
2026-06-14,6,Summer,0,None,P005,Sunglasses,Accessories,50.0,10.0,215,0,0.0,16
2026-06-15,6,Summer,0,None,P005,Sunglasses,Accessories,50.0,10.0,201,0,0.0,14
2026-06-16,6,Summer,1,Eid al-Adha,P005,Sunglasses,Accessories,39.86,10.0,182,1,0.20277516695564674,19
2026-06-17,6,Summer,1,Eid al-Adha,P005,Sunglasses,Accessories,50.0,10.0,169,0,0.0,13
2026-06-18,6,Summer,0,None,P005,Sunglasses,Accessories,50.0,10.0,159,0,0.0,10
2026-06-19,6,Summer,0,None,P005,Sunglasses,Accessories,50.0,10.0,151,0,0.0,8
2026-06-20,6,Summer,0,None,P005,Sunglasses,Accessories,50.0,10.0,135,0,0.0,16
2026-06-21,6,Summer,0,None,P005,Sunglasses,Accessories,50.0,10.0,123,0,0.0,12
2026-06-22,6,Summer,0,None,P005,Sunglasses,Accessories,50.0,10.0,114,0,0.0,9
2026-06-23,6,Summer,0,None,P005,Sunglasses,Accessories,50.0,10.0,101,0,0.0,13
2026-06-24,6,Summer,0,None,P005,Sunglasses,Accessories,50.0,10.0,89,0,0.0,12
2026-06-25,6,Summer,0,None,P005,Sunglasses,Accessories,50.0,10.0,74,0,0.0,15
2026-06-26,6,Summer,0,None,P005,Sunglasses,Accessories,50.0,10.0,60,0,0.0,14
2026-06-27,6,Summer,0,None,P005,Sunglasses,Accessories,50.0,10.0,45,0,0.0,15
2026-06-28,6,Summer,0,None,P005,Sunglasses,Accessories,50.0,10.0,27,0,0.0,18
2026-06-29,6,Summer,0,None,P005,Sunglasses,Accessories,50.0,10.0,190,0,0.0,11
2026-06-30,6,Summer,0,None,P005,Sunglasses,Accessories,50.0,10.0,181,0,0.0,9
2026-07-01,7,Summer,0,None,P005,Sunglasses,Accessories,40.56,10.0,163,1,0.18882260103508128,18
2026-07-02,7,Summer,0,None,P005,Sunglasses,Accessories,50.0,10.0,149,0,0.0,14
2026-07-03,7,Summer,0,None,P005,Sunglasses,Accessories,50.0,10.0,137,0,0.0,12
2026-07-04,7,Summer,0,None,P005,Sunglasses,Accessories,50.0,10.0,123,0,0.0,14
2026-07-05,7,Summer,0,None,P005,Sunglasses,Accessories,50.0,10.0,110,0,0.0,13
2026-07-06,7,Summer,0,None,P005,Sunglasses,Accessories,50.0,10.0,99,0,0.0,11
2026-07-07,7,Summer,0,None,P005,Sunglasses,Accessories,50.0,10.0,87,0,0.0,12
2026-07-08,7,Summer,0,None,P005,Sunglasses,Accessories,50.0,10.0,73,0,0.0,14
2026-07-09,7,Summer,0,None,P005,Sunglasses,Accessories,50.0,10.0,64,0,0.0,9
2026-07-10,7,Summer,0,None,P005,Sunglasses,Accessories,50.0,10.0,49,0,0.0,15
2026-07-11,7,Summer,0,None,P005,Sunglasses,Accessories,50.0,10.0,38,0,0.0,11
2026-07-12,7,Summer,0,None,P005,Sunglasses,Accessories,50.0,10.0,159,0,0.0,10
2026-07-13,7,Summer,0,None,P005,Sunglasses,Accessories,38.52,10.0,148,1,0.22964183548971118,11
2026-07-14,7,Summer,0,None,P005,Sunglasses,Accessories,50.0,10.0,140,0,0.0,8
2026-07-15,7,Summer,0,None,P005,Sunglasses,Accessories,39.06,10.0,121,1,0.21874115659028692,19
2026-07-16,7,Summer,0,None,P005,Sunglasses,Accessories,50.0,10.0,108,0,0.0,13
2026-07-17,7,Summer,0,None,P005,Sunglasses,Accessories,50.0,10.0,95,0,0.0,13
2026-07-18,7,Summer,0,None,P005,Sunglasses,Accessories,50.0,10.0,79,0,0.0,16
2026-07-19,7,Summer,0,None,P005,Sunglasses,Accessories,50.0,10.0,69,0,0.0,10
2026-07-20,7,Summer,0,None,P005,Sunglasses,Accessories,50.0,10.0,58,0,0.0,11
2026-07-21,7,Summer,0,None,P005,Sunglasses,Accessories,50.0,10.0,49,0,0.0,9
2026-07-22,7,Summer,0,None,P005,Sunglasses,Accessories,50.0,10.0,40,0,0.0,9
2026-07-23,7,Summer,0,None,P005,Sunglasses,Accessories,38.22,10.0,25,1,0.23552223641991882,15
2026-07-24,7,Summer,0,None,P005,Sunglasses,Accessories,50.0,10.0,143,0,0.0,9
2026-07-25,7,Summer,0,None,P005,Sunglasses,Accessories,50.0,10.0,129,0,0.0,14
2026-07-26,7,Summer,0,None,P005,Sunglasses,Accessories,50.0,10.0,113,0,0.0,16
2026-07-27,7,Summer,0,None,P005,Sunglasses,Accessories,50.0,10.0,101,0,0.0,12
2026-07-28,7,Summer,0,None,P005,Sunglasses,Accessories,50.0,10.0,88,0,0.0,13
2026-07-29,7,Summer,0,None,P005,Sunglasses,Accessories,50.0,10.0,75,0,0.0,13
2026-07-30,7,Summer,0,None,P005,Sunglasses,Accessories,50.0,10.0,64,0,0.0,11
2026-07-31,7,Summer,0,None,P005,Sunglasses,Accessories,50.0,10.0,58,0,0.0,6
2026-08-01,8,Summer,0,None,P005,Sunglasses,Accessories,50.0,10.0,42,0,0.0,16
2026-08-02,8,Summer,0,None,P005,Sunglasses,Accessories,50.0,10.0,22,0,0.0,20
2026-08-03,8,Summer,0,None,P005,Sunglasses,Accessories,50.0,10.0,235,0,0.0,10
2026-08-04,8,Summer,0,None,P005,Sunglasses,Accessories,50.0,10.0,219,0,0.0,16
2026-08-05,8,Summer,0,None,P005,Sunglasses,Accessories,50.0,10.0,209,0,0.0,10
2026-08-06,8,Summer,0,None,P005,Sunglasses,Accessories,50.0,10.0,198,0,0.0,11
2026-08-07,8,Summer,0,None,P005,Sunglasses,Accessories,50.0,10.0,184,0,0.0,14
2026-08-08,8,Summer,0,None,P005,Sunglasses,Accessories,50.0,10.0,170,0,0.0,14
2026-08-09,8,Summer,0,None,P005,Sunglasses,Accessories,50.0,10.0,156,0,0.0,14
2026-08-10,8,Summer,0,None,P005,Sunglasses,Accessories,50.0,10.0,144,0,0.0,12
2026-08-11,8,Summer,0,None,P005,Sunglasses,Accessories,50.0,10.0,136,0,0.0,8
2026-08-12,8,Summer,0,None,P005,Sunglasses,Accessories,38.96,10.0,117,1,0.22089779645169189,19
2026-08-13,8,Summer,0,None,P005,Sunglasses,Accessories,50.0,10.0,107,0,0.0,10
2026-08-14,8,Summer,0,None,P005,Sunglasses,Accessories,50.0,10.0,98,0,0.0,9
2026-08-15,8,Summer,0,None,P005,Sunglasses,Accessories,40.91,10.0,74,1,0.18184991475707946,24
2026-08-16,8,Summer,0,None,P005,Sunglasses,Accessories,50.0,10.0,57,0,0.0,17
2026-08-17,8,Summer,0,None,P005,Sunglasses,Accessories,50.0,10.0,44,0,0.0,13
2026-08-18,8,Summer,0,None,P005,Sunglasses,Accessories,50.0,10.0,30,0,0.0,14
2026-08-19,8,Summer,0,None,P005,Sunglasses,Accessories,50.0,10.0,189,0,0.0,12
2026-08-20,8,Summer,0,None,P005,Sunglasses,Accessories,50.0,10.0,183,0,0.0,6
2026-08-21,8,Summer,0,None,P005,Sunglasses,Accessories,50.0,10.0,167,0,0.0,16
2026-08-22,8,Summer,0,None,P005,Sunglasses,Accessories,37.81,10.0,147,1,0.24372074813803912,20
2026-08-23,8,Summer,0,None,P005,Sunglasses,Accessories,50.0,10.0,134,0,0.0,13
2026-08-24,8,Summer,0,None,P005,Sunglasses,Accessories,50.0,10.0,127,0,0.0,7
2026-08-25,8,Summer,0,None,P005,Sunglasses,Accessories,50.0,10.0,113,0,0.0,14
2026-08-26,8,Summer,0,None,P005,Sunglasses,Accessories,50.0,10.0,103,0,0.0,10
2026-08-27,8,Summer,0,None,P005,Sunglasses,Accessories,50.0,10.0,92,0,0.0,11
2026-08-28,8,Summer,0,None,P005,Sunglasses,Accessories,50.0,10.0,82,0,0.0,10
2026-08-29,8,Summer,0,None,P005,Sunglasses,Accessories,50.0,10.0,67,0,0.0,15
2026-08-30,8,Summer,0,None,P005,Sunglasses,Accessories,50.0,10.0,46,0,0.0,21
2026-08-31,8,Summer,0,None,P005,Sunglasses,Accessories,50.0,10.0,33,0,0.0,13
2026-09-01,9,Autumn,1,Back_to_school,P005,Sunglasses,Accessories,50.0,10.0,181,0,0.0,2
2026-09-02,9,Autumn,1,Back_to_school,P005,Sunglasses,Accessories,41.74,10.0,177,1,0.16510066762522707,4
2026-09-03,9,Autumn,1,Back_to_school,P005,Sunglasses,Accessories,50.0,10.0,174,0,0.0,3
2026-09-04,9,Autumn,1,Back_to_school,P005,Sunglasses,Accessories,50.0,10.0,170,0,0.0,4
2026-09-05,9,Autumn,1,Back_to_school,P005,Sunglasses,Accessories,36.92,10.0,164,1,0.26163140980484256,6
2026-09-06,9,Autumn,1,Back_to_school,P005,Sunglasses,Accessories,50.0,10.0,161,0,0.0,3
2026-09-07,9,Autumn,1,Back_to_school,P005,Sunglasses,Accessories,50.0,10.0,159,0,0.0,2
2026-09-08,9,Autumn,1,Back_to_school,P005,Sunglasses,Accessories,50.0,10.0,156,0,0.0,3
2026-09-09,9,Autumn,1,Back_to_school,P005,Sunglasses,Accessories,50.0,10.0,152,0,0.0,4
2026-09-10,9,Autumn,1,Back_to_school,P005,Sunglasses,Accessories,50.0,10.0,150,0,0.0,2
2026-09-11,9,Autumn,1,Back_to_school,P005,Sunglasses,Accessories,39.81,10.0,146,1,0.20378747285295137,4
2026-09-12,9,Autumn,1,Back_to_school,P005,Sunglasses,Accessories,50.0,10.0,142,0,0.0,4
2026-09-13,9,Autumn,1,Back_to_school,P005,Sunglasses,Accessories,50.0,10.0,138,0,0.0,4
2026-09-14,9,Autumn,1,Back_to_school,P005,Sunglasses,Accessories,50.0,10.0,135,0,0.0,3
2026-09-15,9,Autumn,1,Back_to_school,P005,Sunglasses,Accessories,50.0,10.0,133,0,0.0,2
2026-09-16,9,Autumn,0,None,P005,Sunglasses,Accessories,50.0,10.0,131,0,0.0,2
2026-09-17,9,Autumn,0,None,P005,Sunglasses,Accessories,50.0,10.0,129,0,0.0,2
2026-09-18,9,Autumn,0,None,P005,Sunglasses,Accessories,50.0,10.0,126,0,0.0,3
2026-09-19,9,Autumn,0,None,P005,Sunglasses,Accessories,50.0,10.0,122,0,0.0,4
2026-09-20,9,Autumn,0,None,P005,Sunglasses,Accessories,50.0,10.0,119,0,0.0,3
2026-09-21,9,Autumn,0,None,P005,Sunglasses,Accessories,50.0,10.0,116,0,0.0,3
2026-09-22,9,Autumn,0,None,P005,Sunglasses,Accessories,50.0,10.0,113,0,0.0,3
2026-09-23,9,Autumn,0,None,P005,Sunglasses,Accessories,50.0,10.0,112,0,0.0,1
2026-09-24,9,Autumn,0,None,P005,Sunglasses,Accessories,50.0,10.0,109,0,0.0,3
2026-09-25,9,Autumn,0,None,P005,Sunglasses,Accessories,50.0,10.0,106,0,0.0,3
2026-09-26,9,Autumn,0,None,P005,Sunglasses,Accessories,50.0,10.0,103,0,0.0,3
2024-09-27,9,Autumn,0,None,P006,Olive Oil 1L,Groceries,75.0,40.0,193,0,0.0,27
2024-09-28,9,Autumn,0,None,P006,Olive Oil 1L,Groceries,75.0,40.0,1023,0,0.0,24
2024-09-29,9,Autumn,0,None,P006,Olive Oil 1L,Groceries,75.0,40.0,990,0,0.0,33
2024-09-30,9,Autumn,0,None,P006,Olive Oil 1L,Groceries,75.0,40.0,966,0,0.0,24
2024-10-01,10,Autumn,0,None,P006,Olive Oil 1L,Groceries,75.0,40.0,947,0,0.0,19
2024-10-02,10,Autumn,0,None,P006,Olive Oil 1L,Groceries,75.0,40.0,924,0,0.0,23
2024-10-03,10,Autumn,0,None,P006,Olive Oil 1L,Groceries,75.0,40.0,903,0,0.0,21
2024-10-04,10,Autumn,0,None,P006,Olive Oil 1L,Groceries,75.0,40.0,883,0,0.0,20
2024-10-05,10,Autumn,0,None,P006,Olive Oil 1L,Groceries,75.0,40.0,852,0,0.0,31
2024-10-06,10,Autumn,0,None,P006,Olive Oil 1L,Groceries,75.0,40.0,824,0,0.0,28
2024-10-07,10,Autumn,0,None,P006,Olive Oil 1L,Groceries,75.0,40.0,800,0,0.0,24
2024-10-08,10,Autumn,0,None,P006,Olive Oil 1L,Groceries,75.0,40.0,775,0,0.0,25
2024-10-09,10,Autumn,0,None,P006,Olive Oil 1L,Groceries,75.0,40.0,749,0,0.0,26
2024-10-10,10,Autumn,0,None,P006,Olive Oil 1L,Groceries,75.0,40.0,723,0,0.0,26
2024-10-11,10,Autumn,0,None,P006,Olive Oil 1L,Groceries,75.0,40.0,693,0,0.0,30
2024-10-12,10,Autumn,0,None,P006,Olive Oil 1L,Groceries,75.0,40.0,667,0,0.0,26
2024-10-13,10,Autumn,0,None,P006,Olive Oil 1L,Groceries,75.0,40.0,635,0,0.0,32
2024-10-14,10,Autumn,0,None,P006,Olive Oil 1L,Groceries,75.0,40.0,612,0,0.0,23
2024-10-15,10,Autumn,0,None,P006,Olive Oil 1L,Groceries,75.0,40.0,592,0,0.0,20
2024-10-16,10,Autumn,0,None,P006,Olive Oil 1L,Groceries,63.58,40.0,560,1,0.15220573305868984,32
2024-10-17,10,Autumn,0,None,P006,Olive Oil 1L,Groceries,75.0,40.0,539,0,0.0,21
2024-10-18,10,Autumn,0,None,P006,Olive Oil 1L,Groceries,75.0,40.0,516,0,0.0,23
2024-10-19,10,Autumn,0,None,P006,Olive Oil 1L,Groceries,75.0,40.0,490,0,0.0,26
2024-10-20,10,Autumn,0,None,P006,Olive Oil 1L,Groceries,75.0,40.0,461,0,0.0,29
2024-10-21,10,Autumn,0,None,P006,Olive Oil 1L,Groceries,75.0,40.0,432,0,0.0,29
2024-10-22,10,Autumn,0,None,P006,Olive Oil 1L,Groceries,75.0,40.0,411,0,0.0,21
2024-10-23,10,Autumn,0,None,P006,Olive Oil 1L,Groceries,75.0,40.0,395,0,0.0,16
2024-10-24,10,Autumn,0,None,P006,Olive Oil 1L,Groceries,65.74,40.0,379,1,0.12340901454126524,16
2024-10-25,10,Autumn,0,None,P006,Olive Oil 1L,Groceries,75.0,40.0,357,0,0.0,22
2024-10-26,10,Autumn,0,None,P006,Olive Oil 1L,Groceries,75.0,40.0,331,0,0.0,26
2024-10-27,10,Autumn,0,None,P006,Olive Oil 1L,Groceries,75.0,40.0,309,0,0.0,22
2024-10-28,10,Autumn,0,None,P006,Olive Oil 1L,Groceries,75.0,40.0,279,0,0.0,30
2024-10-29,10,Autumn,0,None,P006,Olive Oil 1L,Groceries,59.99,40.0,254,1,0.20006673113520446,25
2024-10-30,10,Autumn,0,None,P006,Olive Oil 1L,Groceries,75.0,40.0,231,0,0.0,23
2024-10-31,10,Autumn,0,None,P006,Olive Oil 1L,Groceries,75.0,40.0,212,0,0.0,19
2024-11-01,11,Autumn,0,None,P006,Olive Oil 1L,Groceries,75.0,40.0,191,0,0.0,21
2024-11-02,11,Autumn,0,None,P006,Olive Oil 1L,Groceries,75.0,40.0,1211,0,0.0,31
2024-11-03,11,Autumn,0,None,P006,Olive Oil 1L,Groceries,75.0,40.0,1190,0,0.0,21
2024-11-04,11,Autumn,0,None,P006,Olive Oil 1L,Groceries,75.0,40.0,1170,0,0.0,20
2024-11-05,11,Autumn,0,None,P006,Olive Oil 1L,Groceries,58.2,40.0,1134,1,0.224057730517717,36
2024-11-06,11,Autumn,0,None,P006,Olive Oil 1L,Groceries,75.0,40.0,1110,0,0.0,24
2024-11-07,11,Autumn,0,None,P006,Olive Oil 1L,Groceries,75.0,40.0,1088,0,0.0,22
2024-11-08,11,Autumn,0,None,P006,Olive Oil 1L,Groceries,75.0,40.0,1061,0,0.0,27
2024-11-09,11,Autumn,0,None,P006,Olive Oil 1L,Groceries,75.0,40.0,1039,0,0.0,22
2024-11-10,11,Autumn,0,None,P006,Olive Oil 1L,Groceries,75.0,40.0,1013,0,0.0,26
2024-11-11,11,Autumn,0,None,P006,Olive Oil 1L,Groceries,75.0,40.0,987,0,0.0,26
2024-11-12,11,Autumn,0,None,P006,Olive Oil 1L,Groceries,75.0,40.0,958,0,0.0,29
2024-11-13,11,Autumn,0,None,P006,Olive Oil 1L,Groceries,75.0,40.0,934,0,0.0,24
2024-11-14,11,Autumn,0,None,P006,Olive Oil 1L,Groceries,57.67,40.0,908,1,0.231083139360571,26
2024-11-15,11,Autumn,0,None,P006,Olive Oil 1L,Groceries,75.0,40.0,879,0,0.0,29
2024-11-16,11,Autumn,0,None,P006,Olive Oil 1L,Groceries,75.0,40.0,852,0,0.0,27
2024-11-17,11,Autumn,0,None,P006,Olive Oil 1L,Groceries,75.0,40.0,814,0,0.0,38
2024-11-18,11,Autumn,0,None,P006,Olive Oil 1L,Groceries,75.0,40.0,791,0,0.0,23
2024-11-19,11,Autumn,0,None,P006,Olive Oil 1L,Groceries,75.0,40.0,769,0,0.0,22
2024-11-20,11,Autumn,0,None,P006,Olive Oil 1L,Groceries,75.0,40.0,748,0,0.0,21
2024-11-21,11,Autumn,0,None,P006,Olive Oil 1L,Groceries,75.0,40.0,724,0,0.0,24
2024-11-22,11,Autumn,0,None,P006,Olive Oil 1L,Groceries,75.0,40.0,700,0,0.0,24
2024-11-23,11,Autumn,0,None,P006,Olive Oil 1L,Groceries,75.0,40.0,669,0,0.0,31
2024-11-24,11,Autumn,0,None,P006,Olive Oil 1L,Groceries,75.0,40.0,639,0,0.0,30
2024-11-25,11,Autumn,0,None,P006,Olive Oil 1L,Groceries,75.0,40.0,620,0,0.0,19
2024-11-26,11,Autumn,0,None,P006,Olive Oil 1L,Groceries,75.0,40.0,594,0,0.0,26
2024-11-27,11,Autumn,0,None,P006,Olive Oil 1L,Groceries,75.0,40.0,568,0,0.0,26
2024-11-28,11,Autumn,0,None,P006,Olive Oil 1L,Groceries,75.0,40.0,546,0,0.0,22
2024-11-29,11,Autumn,0,None,P006,Olive Oil 1L,Groceries,75.0,40.0,529,0,0.0,17
2024-11-30,11,Autumn,0,None,P006,Olive Oil 1L,Groceries,75.0,40.0,504,0,0.0,25
2024-12-01,12,Winter,0,None,P006,Olive Oil 1L,Groceries,53.75,40.0,458,1,0.28336131561495526,46
2024-12-02,12,Winter,0,None,P006,Olive Oil 1L,Groceries,75.0,40.0,437,0,0.0,21
2024-12-03,12,Winter,0,None,P006,Olive Oil 1L,Groceries,75.0,40.0,419,0,0.0,18
2024-12-04,12,Winter,0,None,P006,Olive Oil 1L,Groceries,75.0,40.0,408,0,0.0,11
2024-12-05,12,Winter,0,None,P006,Olive Oil 1L,Groceries,66.59,40.0,381,1,0.11218244537430543,27
2024-12-06,12,Winter,0,None,P006,Olive Oil 1L,Groceries,75.0,40.0,366,0,0.0,15
2024-12-07,12,Winter,0,None,P006,Olive Oil 1L,Groceries,75.0,40.0,343,0,0.0,23
2024-12-08,12,Winter,0,None,P006,Olive Oil 1L,Groceries,75.0,40.0,320,0,0.0,23
2024-12-09,12,Winter,0,None,P006,Olive Oil 1L,Groceries,75.0,40.0,297,0,0.0,23
2024-12-10,12,Winter,0,None,P006,Olive Oil 1L,Groceries,75.0,40.0,286,0,0.0,11
2024-12-11,12,Winter,0,None,P006,Olive Oil 1L,Groceries,75.0,40.0,265,0,0.0,21
2024-12-12,12,Winter,0,None,P006,Olive Oil 1L,Groceries,75.0,40.0,246,0,0.0,19
2024-12-13,12,Winter,0,None,P006,Olive Oil 1L,Groceries,75.0,40.0,227,0,0.0,19
2024-12-14,12,Winter,0,None,P006,Olive Oil 1L,Groceries,75.0,40.0,205,0,0.0,22
2024-12-15,12,Winter,0,None,P006,Olive Oil 1L,Groceries,75.0,40.0,178,0,0.0,27
2024-12-16,12,Winter,0,None,P006,Olive Oil 1L,Groceries,75.0,40.0,1009,0,0.0,25
2024-12-17,12,Winter,0,None,P006,Olive Oil 1L,Groceries,75.0,40.0,987,0,0.0,22
2024-12-18,12,Winter,0,None,P006,Olive Oil 1L,Groceries,75.0,40.0,966,0,0.0,21
2024-12-19,12,Winter,0,None,P006,Olive Oil 1L,Groceries,75.0,40.0,943,0,0.0,23
2024-12-20,12,Winter,0,None,P006,Olive Oil 1L,Groceries,75.0,40.0,925,0,0.0,18
2024-12-21,12,Winter,0,None,P006,Olive Oil 1L,Groceries,75.0,40.0,894,0,0.0,31
2024-12-22,12,Winter,0,None,P006,Olive Oil 1L,Groceries,75.0,40.0,871,0,0.0,23
2024-12-23,12,Winter,0,None,P006,Olive Oil 1L,Groceries,75.0,40.0,850,0,0.0,21
2024-12-24,12,Winter,0,None,P006,Olive Oil 1L,Groceries,75.0,40.0,835,0,0.0,15
2024-12-25,12,Winter,0,None,P006,Olive Oil 1L,Groceries,75.0,40.0,810,0,0.0,25
2024-12-26,12,Winter,0,None,P006,Olive Oil 1L,Groceries,75.0,40.0,792,0,0.0,18
2024-12-27,12,Winter,0,None,P006,Olive Oil 1L,Groceries,75.0,40.0,775,0,0.0,17
2024-12-28,12,Winter,0,None,P006,Olive Oil 1L,Groceries,75.0,40.0,747,0,0.0,28
2024-12-29,12,Winter,0,None,P006,Olive Oil 1L,Groceries,75.0,40.0,724,0,0.0,23
2024-12-30,12,Winter,0,None,P006,Olive Oil 1L,Groceries,75.0,40.0,707,0,0.0,17
2024-12-31,12,Winter,0,None,P006,Olive Oil 1L,Groceries,75.0,40.0,694,0,0.0,13
2025-01-01,1,Winter,0,None,P006,Olive Oil 1L,Groceries,75.0,40.0,673,0,0.0,21
2025-01-02,1,Winter,0,None,P006,Olive Oil 1L,Groceries,59.07,40.0,643,1,0.21239626832527586,30
2025-01-03,1,Winter,0,None,P006,Olive Oil 1L,Groceries,75.0,40.0,619,0,0.0,24
2025-01-04,1,Winter,0,None,P006,Olive Oil 1L,Groceries,75.0,40.0,597,0,0.0,22
2025-01-05,1,Winter,0,None,P006,Olive Oil 1L,Groceries,75.0,40.0,569,0,0.0,28
2025-01-06,1,Winter,0,None,P006,Olive Oil 1L,Groceries,75.0,40.0,549,0,0.0,20
2025-01-07,1,Winter,0,None,P006,Olive Oil 1L,Groceries,75.0,40.0,535,0,0.0,14
2025-01-08,1,Winter,0,None,P006,Olive Oil 1L,Groceries,75.0,40.0,515,0,0.0,20
2025-01-09,1,Winter,0,None,P006,Olive Oil 1L,Groceries,75.0,40.0,492,0,0.0,23
2025-01-10,1,Winter,0,None,P006,Olive Oil 1L,Groceries,75.0,40.0,466,0,0.0,26
2025-01-11,1,Winter,0,None,P006,Olive Oil 1L,Groceries,75.0,40.0,438,0,0.0,28
2025-01-12,1,Winter,0,None,P006,Olive Oil 1L,Groceries,75.0,40.0,417,0,0.0,21
2025-01-13,1,Winter,0,None,P006,Olive Oil 1L,Groceries,75.0,40.0,403,0,0.0,14
2025-01-14,1,Winter,0,None,P006,Olive Oil 1L,Groceries,75.0,40.0,386,0,0.0,17
2025-01-15,1,Winter,0,None,P006,Olive Oil 1L,Groceries,75.0,40.0,358,0,0.0,28
2025-01-16,1,Winter,0,None,P006,Olive Oil 1L,Groceries,75.0,40.0,342,0,0.0,16
2025-01-17,1,Winter,0,None,P006,Olive Oil 1L,Groceries,75.0,40.0,320,0,0.0,22
2025-01-18,1,Winter,0,None,P006,Olive Oil 1L,Groceries,75.0,40.0,290,0,0.0,30
2025-01-19,1,Winter,0,None,P006,Olive Oil 1L,Groceries,75.0,40.0,257,0,0.0,33
2025-01-20,1,Winter,0,None,P006,Olive Oil 1L,Groceries,75.0,40.0,233,0,0.0,24
2025-01-21,1,Winter,0,None,P006,Olive Oil 1L,Groceries,75.0,40.0,216,0,0.0,17
2025-01-22,1,Winter,0,None,P006,Olive Oil 1L,Groceries,75.0,40.0,192,0,0.0,24
2025-01-23,1,Winter,0,None,P006,Olive Oil 1L,Groceries,63.74,40.0,790,1,0.15015966702239253,30
2025-01-24,1,Winter,0,None,P006,Olive Oil 1L,Groceries,75.0,40.0,769,0,0.0,21
2025-01-25,1,Winter,0,None,P006,Olive Oil 1L,Groceries,75.0,40.0,749,0,0.0,20
2025-01-26,1,Winter,0,None,P006,Olive Oil 1L,Groceries,75.0,40.0,725,0,0.0,24
2025-01-27,1,Winter,0,None,P006,Olive Oil 1L,Groceries,75.0,40.0,706,0,0.0,19
2025-01-28,1,Winter,0,None,P006,Olive Oil 1L,Groceries,75.0,40.0,683,0,0.0,23
2025-01-29,1,Winter,0,None,P006,Olive Oil 1L,Groceries,75.0,40.0,663,0,0.0,20
2025-01-30,1,Winter,0,None,P006,Olive Oil 1L,Groceries,75.0,40.0,644,0,0.0,19
2025-01-31,1,Winter,0,None,P006,Olive Oil 1L,Groceries,75.0,40.0,620,0,0.0,24
2025-02-01,2,Winter,0,None,P006,Olive Oil 1L,Groceries,75.0,40.0,600,0,0.0,20
2025-02-02,2,Winter,0,None,P006,Olive Oil 1L,Groceries,75.0,40.0,579,0,0.0,21
2025-02-03,2,Winter,0,None,P006,Olive Oil 1L,Groceries,75.0,40.0,559,0,0.0,20
2025-02-04,2,Winter,0,None,P006,Olive Oil 1L,Groceries,75.0,40.0,541,0,0.0,18
2025-02-05,2,Winter,0,None,P006,Olive Oil 1L,Groceries,75.0,40.0,517,0,0.0,24
2025-02-06,2,Winter,0,None,P006,Olive Oil 1L,Groceries,63.28,40.0,489,1,0.1563019241544751,28
2025-02-07,2,Winter,0,None,P006,Olive Oil 1L,Groceries,59.69,40.0,470,1,0.20411410885983466,19
2025-02-08,2,Winter,0,None,P006,Olive Oil 1L,Groceries,75.0,40.0,436,0,0.0,34
2025-02-09,2,Winter,0,None,P006,Olive Oil 1L,Groceries,75.0,40.0,407,0,0.0,29
2025-02-10,2,Winter,0,None,P006,Olive Oil 1L,Groceries,75.0,40.0,388,0,0.0,19
2025-02-11,2,Winter,0,None,P006,Olive Oil 1L,Groceries,75.0,40.0,373,0,0.0,15
2025-02-12,2,Winter,0,None,P006,Olive Oil 1L,Groceries,75.0,40.0,354,0,0.0,19
2025-02-13,2,Winter,0,None,P006,Olive Oil 1L,Groceries,75.0,40.0,326,0,0.0,28
2025-02-14,2,Winter,0,None,P006,Olive Oil 1L,Groceries,75.0,40.0,309,0,0.0,17
2025-02-15,2,Winter,0,None,P006,Olive Oil 1L,Groceries,75.0,40.0,285,0,0.0,24
2025-02-16,2,Winter,0,None,P006,Olive Oil 1L,Groceries,75.0,40.0,264,0,0.0,21
2025-02-17,2,Winter,0,None,P006,Olive Oil 1L,Groceries,75.0,40.0,250,0,0.0,14
2025-02-18,2,Winter,0,None,P006,Olive Oil 1L,Groceries,75.0,40.0,228,0,0.0,22
2025-02-19,2,Winter,0,None,P006,Olive Oil 1L,Groceries,75.0,40.0,215,0,0.0,13
2025-02-20,2,Winter,0,None,P006,Olive Oil 1L,Groceries,75.0,40.0,192,0,0.0,23
2025-02-21,2,Winter,0,None,P006,Olive Oil 1L,Groceries,75.0,40.0,875,0,0.0,23
2025-02-22,2,Winter,0,None,P006,Olive Oil 1L,Groceries,75.0,40.0,851,0,0.0,24
2025-02-23,2,Winter,0,None,P006,Olive Oil 1L,Groceries,75.0,40.0,822,0,0.0,29
2025-02-24,2,Winter,0,None,P006,Olive Oil 1L,Groceries,75.0,40.0,806,0,0.0,16
2025-02-25,2,Winter,0,None,P006,Olive Oil 1L,Groceries,75.0,40.0,786,0,0.0,20
2025-02-26,2,Winter,0,None,P006,Olive Oil 1L,Groceries,75.0,40.0,766,0,0.0,20
2025-02-27,2,Winter,0,None,P006,Olive Oil 1L,Groceries,53.5,40.0,724,1,0.2866882014341717,42
2025-02-28,2,Winter,0,None,P006,Olive Oil 1L,Groceries,75.0,40.0,701,0,0.0,23
2025-03-01,3,Spring,0,None,P006,Olive Oil 1L,Groceries,75.0,40.0,672,0,0.0,29
2025-03-02,3,Spring,0,None,P006,Olive Oil 1L,Groceries,75.0,40.0,643,0,0.0,29
2025-03-03,3,Spring,0,None,P006,Olive Oil 1L,Groceries,75.0,40.0,618,0,0.0,25
2025-03-04,3,Spring,0,None,P006,Olive Oil 1L,Groceries,75.0,40.0,599,0,0.0,19
2025-03-05,3,Spring,0,None,P006,Olive Oil 1L,Groceries,65.97,40.0,577,1,0.12041498495321959,22
2025-03-06,3,Spring,0,None,P006,Olive Oil 1L,Groceries,75.0,40.0,554,0,0.0,23
2025-03-07,3,Spring,0,None,P006,Olive Oil 1L,Groceries,75.0,40.0,535,0,0.0,19
2025-03-08,3,Spring,0,None,P006,Olive Oil 1L,Groceries,75.0,40.0,509,0,0.0,26
2025-03-09,3,Spring,0,None,P006,Olive Oil 1L,Groceries,75.0,40.0,475,0,0.0,34
2025-03-10,3,Spring,1,Ramadan,P006,Olive Oil 1L,Groceries,75.0,40.0,458,0,0.0,17
2025-03-11,3,Spring,1,Ramadan,P006,Olive Oil 1L,Groceries,75.0,40.0,443,0,0.0,15
2025-03-12,3,Spring,1,Ramadan,P006,Olive Oil 1L,Groceries,75.0,40.0,425,0,0.0,18
2025-03-13,3,Spring,1,Ramadan,P006,Olive Oil 1L,Groceries,75.0,40.0,417,0,0.0,8
2025-03-14,3,Spring,1,Ramadan,P006,Olive Oil 1L,Groceries,75.0,40.0,400,0,0.0,17
2025-03-15,3,Spring,1,Ramadan,P006,Olive Oil 1L,Groceries,58.14,40.0,357,1,0.22477778863259407,43
2025-03-16,3,Spring,1,Ramadan,P006,Olive Oil 1L,Groceries,75.0,40.0,323,0,0.0,34
2025-03-17,3,Spring,1,Ramadan,P006,Olive Oil 1L,Groceries,75.0,40.0,308,0,0.0,15
2025-03-18,3,Spring,1,Ramadan,P006,Olive Oil 1L,Groceries,75.0,40.0,294,0,0.0,14
2025-03-19,3,Spring,1,Ramadan,P006,Olive Oil 1L,Groceries,75.0,40.0,282,0,0.0,12
2025-03-20,3,Spring,1,Ramadan,P006,Olive Oil 1L,Groceries,75.0,40.0,261,0,0.0,21
2025-03-21,3,Spring,1,Ramadan,P006,Olive Oil 1L,Groceries,75.0,40.0,239,0,0.0,22
2025-03-22,3,Spring,1,Ramadan,P006,Olive Oil 1L,Groceries,75.0,40.0,204,0,0.0,35
2025-03-23,3,Spring,1,Ramadan,P006,Olive Oil 1L,Groceries,75.0,40.0,177,0,0.0,27
2025-03-24,3,Spring,1,Ramadan,P006,Olive Oil 1L,Groceries,75.0,40.0,909,0,0.0,19
2025-03-25,3,Spring,1,Ramadan,P006,Olive Oil 1L,Groceries,75.0,40.0,884,0,0.0,25
2025-03-26,3,Spring,1,Ramadan,P006,Olive Oil 1L,Groceries,75.0,40.0,864,0,0.0,20
2025-03-27,3,Spring,1,Ramadan,P006,Olive Oil 1L,Groceries,75.0,40.0,842,0,0.0,22
2025-03-28,3,Spring,1,Ramadan,P006,Olive Oil 1L,Groceries,64.95,40.0,823,1,0.13405382742571886,19
2025-03-29,3,Spring,1,Ramadan,P006,Olive Oil 1L,Groceries,75.0,40.0,788,0,0.0,35
2025-03-30,3,Spring,1,Ramadan,P006,Olive Oil 1L,Groceries,54.99,40.0,753,1,0.2668270476820769,35
2025-03-31,3,Spring,1,Ramadan,P006,Olive Oil 1L,Groceries,75.0,40.0,731,0,0.0,22
2025-04-01,4,Spring,0,None,P006,Olive Oil 1L,Groceries,75.0,40.0,717,0,0.0,14
2025-04-02,4,Spring,0,None,P006,Olive Oil 1L,Groceries,75.0,40.0,693,0,0.0,24
2025-04-03,4,Spring,0,None,P006,Olive Oil 1L,Groceries,75.0,40.0,678,0,0.0,15
2025-04-04,4,Spring,0,None,P006,Olive Oil 1L,Groceries,75.0,40.0,662,0,0.0,16
2025-04-05,4,Spring,0,None,P006,Olive Oil 1L,Groceries,75.0,40.0,638,0,0.0,24
2025-04-06,4,Spring,0,None,P006,Olive Oil 1L,Groceries,75.0,40.0,610,0,0.0,28
2025-04-07,4,Spring,0,None,P006,Olive Oil 1L,Groceries,75.0,40.0,589,0,0.0,21
2025-04-08,4,Spring,0,None,P006,Olive Oil 1L,Groceries,75.0,40.0,577,0,0.0,12
2025-04-09,4,Spring,1,Eid al-Fitr,P006,Olive Oil 1L,Groceries,75.0,40.0,559,0,0.0,18
2025-04-10,4,Spring,1,Eid al-Fitr,P006,Olive Oil 1L,Groceries,55.94,40.0,539,1,0.2541285054029524,20
2025-04-11,4,Spring,0,None,P006,Olive Oil 1L,Groceries,75.0,40.0,515,0,0.0,24
2025-04-12,4,Spring,0,None,P006,Olive Oil 1L,Groceries,75.0,40.0,478,0,0.0,37
2025-04-13,4,Spring,0,None,P006,Olive Oil 1L,Groceries,75.0,40.0,455,0,0.0,23
2025-04-14,4,Spring,0,None,P006,Olive Oil 1L,Groceries,75.0,40.0,437,0,0.0,18
2025-04-15,4,Spring,0,None,P006,Olive Oil 1L,Groceries,75.0,40.0,417,0,0.0,20
2025-04-16,4,Spring,0,None,P006,Olive Oil 1L,Groceries,75.0,40.0,398,0,0.0,19
2025-04-17,4,Spring,0,None,P006,Olive Oil 1L,Groceries,75.0,40.0,368,0,0.0,30
2025-04-18,4,Spring,0,None,P006,Olive Oil 1L,Groceries,75.0,40.0,354,0,0.0,14
2025-04-19,4,Spring,0,None,P006,Olive Oil 1L,Groceries,75.0,40.0,326,0,0.0,28
2025-04-20,4,Spring,0,None,P006,Olive Oil 1L,Groceries,75.0,40.0,303,0,0.0,23
2025-04-21,4,Spring,0,None,P006,Olive Oil 1L,Groceries,75.0,40.0,294,0,0.0,9
2025-04-22,4,Spring,0,None,P006,Olive Oil 1L,Groceries,75.0,40.0,274,0,0.0,20
2025-04-23,4,Spring,0,None,P006,Olive Oil 1L,Groceries,75.0,40.0,254,0,0.0,20
2025-04-24,4,Spring,0,None,P006,Olive Oil 1L,Groceries,75.0,40.0,230,0,0.0,24
2025-04-25,4,Spring,0,None,P006,Olive Oil 1L,Groceries,75.0,40.0,209,0,0.0,21
2025-04-26,4,Spring,0,None,P006,Olive Oil 1L,Groceries,75.0,40.0,182,0,0.0,27
2025-04-27,4,Spring,0,None,P006,Olive Oil 1L,Groceries,75.0,40.0,894,0,0.0,32
2025-04-28,4,Spring,0,None,P006,Olive Oil 1L,Groceries,75.0,40.0,868,0,0.0,26
2025-04-29,4,Spring,0,None,P006,Olive Oil 1L,Groceries,75.0,40.0,845,0,0.0,23
2025-04-30,4,Spring,0,None,P006,Olive Oil 1L,Groceries,75.0,40.0,828,0,0.0,17
2025-05-01,5,Spring,0,None,P006,Olive Oil 1L,Groceries,75.0,40.0,815,0,0.0,13
2025-05-02,5,Spring,0,None,P006,Olive Oil 1L,Groceries,75.0,40.0,799,0,0.0,16
2025-05-03,5,Spring,0,None,P006,Olive Oil 1L,Groceries,75.0,40.0,755,0,0.0,44
2025-05-04,5,Spring,0,None,P006,Olive Oil 1L,Groceries,75.0,40.0,728,0,0.0,27
2025-05-05,5,Spring,0,None,P006,Olive Oil 1L,Groceries,75.0,40.0,712,0,0.0,16
2025-05-06,5,Spring,0,None,P006,Olive Oil 1L,Groceries,55.54,40.0,678,1,0.2595034813391772,34
2025-05-07,5,Spring,0,None,P006,Olive Oil 1L,Groceries,75.0,40.0,664,0,0.0,14
2025-05-08,5,Spring,0,None,P006,Olive Oil 1L,Groceries,75.0,40.0,640,0,0.0,24
2025-05-09,5,Spring,0,None,P006,Olive Oil 1L,Groceries,75.0,40.0,625,0,0.0,15
2025-05-10,5,Spring,0,None,P006,Olive Oil 1L,Groceries,75.0,40.0,599,0,0.0,26
2025-05-11,5,Spring,0,None,P006,Olive Oil 1L,Groceries,75.0,40.0,577,0,0.0,22
2025-05-12,5,Spring,0,None,P006,Olive Oil 1L,Groceries,75.0,40.0,561,0,0.0,16
2025-05-13,5,Spring,0,None,P006,Olive Oil 1L,Groceries,75.0,40.0,535,0,0.0,26
2025-05-14,5,Spring,0,None,P006,Olive Oil 1L,Groceries,75.0,40.0,518,0,0.0,17
2025-05-15,5,Spring,0,None,P006,Olive Oil 1L,Groceries,75.0,40.0,496,0,0.0,22
2025-05-16,5,Spring,0,None,P006,Olive Oil 1L,Groceries,75.0,40.0,474,0,0.0,22
2025-05-17,5,Spring,0,None,P006,Olive Oil 1L,Groceries,75.0,40.0,453,0,0.0,21
2025-05-18,5,Spring,0,None,P006,Olive Oil 1L,Groceries,75.0,40.0,432,0,0.0,21
2025-05-19,5,Spring,0,None,P006,Olive Oil 1L,Groceries,75.0,40.0,417,0,0.0,15
2025-05-20,5,Spring,0,None,P006,Olive Oil 1L,Groceries,75.0,40.0,400,0,0.0,17
2025-05-21,5,Spring,0,None,P006,Olive Oil 1L,Groceries,75.0,40.0,378,0,0.0,22
2025-05-22,5,Spring,0,None,P006,Olive Oil 1L,Groceries,75.0,40.0,358,0,0.0,20
2025-05-23,5,Spring,0,None,P006,Olive Oil 1L,Groceries,75.0,40.0,334,0,0.0,24
2025-05-24,5,Spring,0,None,P006,Olive Oil 1L,Groceries,75.0,40.0,304,0,0.0,30
2025-05-25,5,Spring,0,None,P006,Olive Oil 1L,Groceries,55.34,40.0,265,1,0.2621032973172744,39
2025-05-26,5,Spring,0,None,P006,Olive Oil 1L,Groceries,75.0,40.0,245,0,0.0,20
2025-05-27,5,Spring,0,None,P006,Olive Oil 1L,Groceries,75.0,40.0,225,0,0.0,20
2025-05-28,5,Spring,0,None,P006,Olive Oil 1L,Groceries,75.0,40.0,202,0,0.0,23
2025-05-29,5,Spring,0,None,P006,Olive Oil 1L,Groceries,75.0,40.0,178,0,0.0,24
2025-05-30,5,Spring,0,None,P006,Olive Oil 1L,Groceries,75.0,40.0,1032,0,0.0,26
2025-05-31,5,Spring,0,None,P006,Olive Oil 1L,Groceries,75.0,40.0,1007,0,0.0,25
2025-06-01,6,Summer,0,None,P006,Olive Oil 1L,Groceries,75.0,40.0,979,0,0.0,28
2025-06-02,6,Summer,0,None,P006,Olive Oil 1L,Groceries,75.0,40.0,955,0,0.0,24
2025-06-03,6,Summer,0,None,P006,Olive Oil 1L,Groceries,59.38,40.0,919,1,0.2082323118201317,36
2025-06-04,6,Summer,0,None,P006,Olive Oil 1L,Groceries,67.1,40.0,899,1,0.10527672360110768,20
2025-06-05,6,Summer,0,None,P006,Olive Oil 1L,Groceries,75.0,40.0,876,0,0.0,23
2025-06-06,6,Summer,0,None,P006,Olive Oil 1L,Groceries,64.81,40.0,851,1,0.13590005209887013,25
2025-06-07,6,Summer,0,None,P006,Olive Oil 1L,Groceries,75.0,40.0,817,0,0.0,34
2025-06-08,6,Summer,0,None,P006,Olive Oil 1L,Groceries,75.0,40.0,796,0,0.0,21
2025-06-09,6,Summer,0,None,P006,Olive Oil 1L,Groceries,75.0,40.0,782,0,0.0,14
2025-06-10,6,Summer,0,None,P006,Olive Oil 1L,Groceries,75.0,40.0,762,0,0.0,20
2025-06-11,6,Summer,0,None,P006,Olive Oil 1L,Groceries,75.0,40.0,739,0,0.0,23
2025-06-12,6,Summer,0,None,P006,Olive Oil 1L,Groceries,75.0,40.0,720,0,0.0,19
2025-06-13,6,Summer,0,None,P006,Olive Oil 1L,Groceries,75.0,40.0,699,0,0.0,21
2025-06-14,6,Summer,0,None,P006,Olive Oil 1L,Groceries,75.0,40.0,672,0,0.0,27
2025-06-15,6,Summer,0,None,P006,Olive Oil 1L,Groceries,75.0,40.0,647,0,0.0,25
2025-06-16,6,Summer,1,Eid al-Adha,P006,Olive Oil 1L,Groceries,52.84,40.0,618,1,0.29547381215552715,29
2025-06-17,6,Summer,1,Eid al-Adha,P006,Olive Oil 1L,Groceries,75.0,40.0,597,0,0.0,21
2025-06-18,6,Summer,0,None,P006,Olive Oil 1L,Groceries,75.0,40.0,574,0,0.0,23
2025-06-19,6,Summer,0,None,P006,Olive Oil 1L,Groceries,75.0,40.0,555,0,0.0,19
2025-06-20,6,Summer,0,None,P006,Olive Oil 1L,Groceries,75.0,40.0,530,0,0.0,25
2025-06-21,6,Summer,0,None,P006,Olive Oil 1L,Groceries,75.0,40.0,509,0,0.0,21
2025-06-22,6,Summer,0,None,P006,Olive Oil 1L,Groceries,75.0,40.0,489,0,0.0,20
2025-06-23,6,Summer,0,None,P006,Olive Oil 1L,Groceries,75.0,40.0,464,0,0.0,25
2025-06-24,6,Summer,0,None,P006,Olive Oil 1L,Groceries,75.0,40.0,454,0,0.0,10
2025-06-25,6,Summer,0,None,P006,Olive Oil 1L,Groceries,75.0,40.0,437,0,0.0,17
2025-06-26,6,Summer,0,None,P006,Olive Oil 1L,Groceries,75.0,40.0,419,0,0.0,18
2025-06-27,6,Summer,0,None,P006,Olive Oil 1L,Groceries,75.0,40.0,396,0,0.0,23
2025-06-28,6,Summer,0,None,P006,Olive Oil 1L,Groceries,75.0,40.0,378,0,0.0,18
2025-06-29,6,Summer,0,None,P006,Olive Oil 1L,Groceries,75.0,40.0,351,0,0.0,27
2025-06-30,6,Summer,0,None,P006,Olive Oil 1L,Groceries,75.0,40.0,331,0,0.0,20
2025-07-01,7,Summer,0,None,P006,Olive Oil 1L,Groceries,75.0,40.0,304,0,0.0,27
2025-07-02,7,Summer,0,None,P006,Olive Oil 1L,Groceries,75.0,40.0,288,0,0.0,16
2025-07-03,7,Summer,0,None,P006,Olive Oil 1L,Groceries,75.0,40.0,266,0,0.0,22
2025-07-04,7,Summer,0,None,P006,Olive Oil 1L,Groceries,75.0,40.0,247,0,0.0,19
2025-07-05,7,Summer,0,None,P006,Olive Oil 1L,Groceries,55.46,40.0,207,1,0.2605358325411838,40
2025-07-06,7,Summer,0,None,P006,Olive Oil 1L,Groceries,75.0,40.0,178,0,0.0,29
2025-07-07,7,Summer,0,None,P006,Olive Oil 1L,Groceries,75.0,40.0,1029,0,0.0,14
2025-07-08,7,Summer,0,None,P006,Olive Oil 1L,Groceries,75.0,40.0,998,0,0.0,31
2025-07-09,7,Summer,0,None,P006,Olive Oil 1L,Groceries,75.0,40.0,980,0,0.0,18
2025-07-10,7,Summer,0,None,P006,Olive Oil 1L,Groceries,75.0,40.0,957,0,0.0,23
2025-07-11,7,Summer,0,None,P006,Olive Oil 1L,Groceries,54.31,40.0,917,1,0.27582204477859296,40
2025-07-12,7,Summer,0,None,P006,Olive Oil 1L,Groceries,75.0,40.0,898,0,0.0,19
2025-07-13,7,Summer,0,None,P006,Olive Oil 1L,Groceries,58.8,40.0,852,1,0.2160076975801845,46
2025-07-14,7,Summer,0,None,P006,Olive Oil 1L,Groceries,75.0,40.0,832,0,0.0,20
2025-07-15,7,Summer,0,None,P006,Olive Oil 1L,Groceries,75.0,40.0,816,0,0.0,16
2025-07-16,7,Summer,0,None,P006,Olive Oil 1L,Groceries,75.0,40.0,801,0,0.0,15
2025-07-17,7,Summer,0,None,P006,Olive Oil 1L,Groceries,75.0,40.0,781,0,0.0,20
2025-07-18,7,Summer,0,None,P006,Olive Oil 1L,Groceries,75.0,40.0,760,0,0.0,21
2025-07-19,7,Summer,0,None,P006,Olive Oil 1L,Groceries,62.82,40.0,728,1,0.1624256553756212,32
2025-07-20,7,Summer,0,None,P006,Olive Oil 1L,Groceries,66.06,40.0,698,1,0.11920138930123055,30
2025-07-21,7,Summer,0,None,P006,Olive Oil 1L,Groceries,75.0,40.0,679,0,0.0,19
2025-07-22,7,Summer,0,None,P006,Olive Oil 1L,Groceries,56.97,40.0,646,1,0.24034272681321903,33
2025-07-23,7,Summer,0,None,P006,Olive Oil 1L,Groceries,75.0,40.0,628,0,0.0,18
2025-07-24,7,Summer,0,None,P006,Olive Oil 1L,Groceries,75.0,40.0,608,0,0.0,20
2025-07-25,7,Summer,0,None,P006,Olive Oil 1L,Groceries,64.3,40.0,584,1,0.14261147014660122,24
2025-07-26,7,Summer,0,None,P006,Olive Oil 1L,Groceries,75.0,40.0,553,0,0.0,31
2025-07-27,7,Summer,0,None,P006,Olive Oil 1L,Groceries,63.4,40.0,505,1,0.15466577533317813,48
2025-07-28,7,Summer,0,None,P006,Olive Oil 1L,Groceries,75.0,40.0,480,0,0.0,25
2025-07-29,7,Summer,0,None,P006,Olive Oil 1L,Groceries,75.0,40.0,465,0,0.0,15
2025-07-30,7,Summer,0,None,P006,Olive Oil 1L,Groceries,75.0,40.0,439,0,0.0,26
2025-07-31,7,Summer,0,None,P006,Olive Oil 1L,Groceries,75.0,40.0,417,0,0.0,22
2025-08-01,8,Summer,0,None,P006,Olive Oil 1L,Groceries,75.0,40.0,406,0,0.0,11
2025-08-02,8,Summer,0,None,P006,Olive Oil 1L,Groceries,75.0,40.0,385,0,0.0,21
2025-08-03,8,Summer,0,None,P006,Olive Oil 1L,Groceries,52.92,40.0,344,1,0.2944333247481381,41
2025-08-04,8,Summer,0,None,P006,Olive Oil 1L,Groceries,75.0,40.0,325,0,0.0,19
2025-08-05,8,Summer,0,None,P006,Olive Oil 1L,Groceries,75.0,40.0,304,0,0.0,21
2025-08-06,8,Summer,0,None,P006,Olive Oil 1L,Groceries,75.0,40.0,286,0,0.0,18
2025-08-07,8,Summer,0,None,P006,Olive Oil 1L,Groceries,75.0,40.0,274,0,0.0,12
2025-08-08,8,Summer,0,None,P006,Olive Oil 1L,Groceries,57.4,40.0,250,1,0.2346408492031619,24
2025-08-09,8,Summer,0,None,P006,Olive Oil 1L,Groceries,75.0,40.0,223,0,0.0,27
2025-08-10,8,Summer,0,None,P006,Olive Oil 1L,Groceries,75.0,40.0,201,0,0.0,22
2025-08-11,8,Summer,0,None,P006,Olive Oil 1L,Groceries,75.0,40.0,188,0,0.0,13
2025-08-12,8,Summer,0,None,P006,Olive Oil 1L,Groceries,75.0,40.0,1199,0,0.0,18
2025-08-13,8,Summer,0,None,P006,Olive Oil 1L,Groceries,75.0,40.0,1181,0,0.0,18
2025-08-14,8,Summer,0,None,P006,Olive Oil 1L,Groceries,75.0,40.0,1158,0,0.0,23
2025-08-15,8,Summer,0,None,P006,Olive Oil 1L,Groceries,75.0,40.0,1141,0,0.0,17
2025-08-16,8,Summer,0,None,P006,Olive Oil 1L,Groceries,75.0,40.0,1120,0,0.0,21
2025-08-17,8,Summer,0,None,P006,Olive Oil 1L,Groceries,75.0,40.0,1098,0,0.0,22
2025-08-18,8,Summer,0,None,P006,Olive Oil 1L,Groceries,75.0,40.0,1079,0,0.0,19
2025-08-19,8,Summer,0,None,P006,Olive Oil 1L,Groceries,75.0,40.0,1063,0,0.0,16
2025-08-20,8,Summer,0,None,P006,Olive Oil 1L,Groceries,56.21,40.0,1031,1,0.25059632345922334,32
2025-08-21,8,Summer,0,None,P006,Olive Oil 1L,Groceries,75.0,40.0,1011,0,0.0,20
2025-08-22,8,Summer,0,None,P006,Olive Oil 1L,Groceries,75.0,40.0,1003,0,0.0,8
2025-08-23,8,Summer,0,None,P006,Olive Oil 1L,Groceries,75.0,40.0,982,0,0.0,21
2025-08-24,8,Summer,0,None,P006,Olive Oil 1L,Groceries,75.0,40.0,954,0,0.0,28
2025-08-25,8,Summer,0,None,P006,Olive Oil 1L,Groceries,75.0,40.0,940,0,0.0,14
2025-08-26,8,Summer,0,None,P006,Olive Oil 1L,Groceries,60.53,40.0,911,1,0.19294496061613428,29
2025-08-27,8,Summer,0,None,P006,Olive Oil 1L,Groceries,75.0,40.0,891,0,0.0,20
2025-08-28,8,Summer,0,None,P006,Olive Oil 1L,Groceries,75.0,40.0,870,0,0.0,21
2025-08-29,8,Summer,0,None,P006,Olive Oil 1L,Groceries,75.0,40.0,853,0,0.0,17
2025-08-30,8,Summer,0,None,P006,Olive Oil 1L,Groceries,75.0,40.0,827,0,0.0,26
2025-08-31,8,Summer,0,None,P006,Olive Oil 1L,Groceries,75.0,40.0,797,0,0.0,30
2025-09-01,9,Autumn,1,Back_to_school,P006,Olive Oil 1L,Groceries,75.0,40.0,776,0,0.0,21
2025-09-02,9,Autumn,1,Back_to_school,P006,Olive Oil 1L,Groceries,75.0,40.0,759,0,0.0,17
2025-09-03,9,Autumn,1,Back_to_school,P006,Olive Oil 1L,Groceries,75.0,40.0,731,0,0.0,28
2025-09-04,9,Autumn,1,Back_to_school,P006,Olive Oil 1L,Groceries,75.0,40.0,705,0,0.0,26
2025-09-05,9,Autumn,1,Back_to_school,P006,Olive Oil 1L,Groceries,75.0,40.0,682,0,0.0,23
2025-09-06,9,Autumn,1,Back_to_school,P006,Olive Oil 1L,Groceries,75.0,40.0,655,0,0.0,27
2025-09-07,9,Autumn,1,Back_to_school,P006,Olive Oil 1L,Groceries,75.0,40.0,638,0,0.0,17
2025-09-08,9,Autumn,1,Back_to_school,P006,Olive Oil 1L,Groceries,75.0,40.0,608,0,0.0,30
2025-09-09,9,Autumn,1,Back_to_school,P006,Olive Oil 1L,Groceries,75.0,40.0,588,0,0.0,20
2025-09-10,9,Autumn,1,Back_to_school,P006,Olive Oil 1L,Groceries,75.0,40.0,568,0,0.0,20
2025-09-11,9,Autumn,1,Back_to_school,P006,Olive Oil 1L,Groceries,58.44,40.0,539,1,0.2208231249961899,29
2025-09-12,9,Autumn,1,Back_to_school,P006,Olive Oil 1L,Groceries,75.0,40.0,519,0,0.0,20
2025-09-13,9,Autumn,1,Back_to_school,P006,Olive Oil 1L,Groceries,64.34,40.0,478,1,0.1420773108988248,41
2025-09-14,9,Autumn,1,Back_to_school,P006,Olive Oil 1L,Groceries,75.0,40.0,451,0,0.0,27
2025-09-15,9,Autumn,1,Back_to_school,P006,Olive Oil 1L,Groceries,61.59,40.0,416,1,0.17879750154261104,35
2025-09-16,9,Autumn,0,None,P006,Olive Oil 1L,Groceries,75.0,40.0,386,0,0.0,30
2025-09-17,9,Autumn,0,None,P006,Olive Oil 1L,Groceries,56.94,40.0,352,1,0.24078841648439242,34
2025-09-18,9,Autumn,0,None,P006,Olive Oil 1L,Groceries,75.0,40.0,326,0,0.0,26
2025-09-19,9,Autumn,0,None,P006,Olive Oil 1L,Groceries,75.0,40.0,303,0,0.0,23
2025-09-20,9,Autumn,0,None,P006,Olive Oil 1L,Groceries,75.0,40.0,272,0,0.0,31
2025-09-21,9,Autumn,0,None,P006,Olive Oil 1L,Groceries,75.0,40.0,252,0,0.0,20
2025-09-22,9,Autumn,0,None,P006,Olive Oil 1L,Groceries,75.0,40.0,227,0,0.0,25
2025-09-23,9,Autumn,0,None,P006,Olive Oil 1L,Groceries,75.0,40.0,198,0,0.0,29
2025-09-24,9,Autumn,0,None,P006,Olive Oil 1L,Groceries,75.0,40.0,1171,0,0.0,23
2025-09-25,9,Autumn,0,None,P006,Olive Oil 1L,Groceries,75.0,40.0,1149,0,0.0,22
2025-09-26,9,Autumn,0,None,P006,Olive Oil 1L,Groceries,75.0,40.0,1122,0,0.0,27
2025-09-27,9,Autumn,0,None,P006,Olive Oil 1L,Groceries,75.0,40.0,1094,0,0.0,28
2025-09-28,9,Autumn,0,None,P006,Olive Oil 1L,Groceries,75.0,40.0,1070,0,0.0,24
2025-09-29,9,Autumn,0,None,P006,Olive Oil 1L,Groceries,75.0,40.0,1040,0,0.0,30
2025-09-30,9,Autumn,0,None,P006,Olive Oil 1L,Groceries,75.0,40.0,1020,0,0.0,20
2025-10-01,10,Autumn,0,None,P006,Olive Oil 1L,Groceries,75.0,40.0,999,0,0.0,21
2025-10-02,10,Autumn,0,None,P006,Olive Oil 1L,Groceries,75.0,40.0,977,0,0.0,22
2025-10-03,10,Autumn,0,None,P006,Olive Oil 1L,Groceries,59.84,40.0,951,1,0.2021478659012434,26
2025-10-04,10,Autumn,0,None,P006,Olive Oil 1L,Groceries,75.0,40.0,916,0,0.0,35
2025-10-05,10,Autumn,0,None,P006,Olive Oil 1L,Groceries,75.0,40.0,878,0,0.0,38
2025-10-06,10,Autumn,0,None,P006,Olive Oil 1L,Groceries,75.0,40.0,850,0,0.0,28
2025-10-07,10,Autumn,0,None,P006,Olive Oil 1L,Groceries,75.0,40.0,822,0,0.0,28
2025-10-08,10,Autumn,0,None,P006,Olive Oil 1L,Groceries,75.0,40.0,791,0,0.0,31
2025-10-09,10,Autumn,0,None,P006,Olive Oil 1L,Groceries,75.0,40.0,767,0,0.0,24
2025-10-10,10,Autumn,0,None,P006,Olive Oil 1L,Groceries,75.0,40.0,738,0,0.0,29
2025-10-11,10,Autumn,0,None,P006,Olive Oil 1L,Groceries,63.84,40.0,702,1,0.14876854599322106,36
2025-10-12,10,Autumn,0,None,P006,Olive Oil 1L,Groceries,75.0,40.0,672,0,0.0,30
2025-10-13,10,Autumn,0,None,P006,Olive Oil 1L,Groceries,75.0,40.0,643,0,0.0,29
2025-10-14,10,Autumn,0,None,P006,Olive Oil 1L,Groceries,75.0,40.0,624,0,0.0,19
2025-10-15,10,Autumn,0,None,P006,Olive Oil 1L,Groceries,75.0,40.0,596,0,0.0,28
2025-10-16,10,Autumn,0,None,P006,Olive Oil 1L,Groceries,75.0,40.0,580,0,0.0,16
2025-10-17,10,Autumn,0,None,P006,Olive Oil 1L,Groceries,75.0,40.0,559,0,0.0,21
2025-10-18,10,Autumn,0,None,P006,Olive Oil 1L,Groceries,75.0,40.0,521,0,0.0,38
2025-10-19,10,Autumn,0,None,P006,Olive Oil 1L,Groceries,75.0,40.0,503,0,0.0,18
2025-10-20,10,Autumn,0,None,P006,Olive Oil 1L,Groceries,75.0,40.0,485,0,0.0,18
2025-10-21,10,Autumn,0,None,P006,Olive Oil 1L,Groceries,75.0,40.0,457,0,0.0,28
2025-10-22,10,Autumn,0,None,P006,Olive Oil 1L,Groceries,75.0,40.0,427,0,0.0,30
2025-10-23,10,Autumn,0,None,P006,Olive Oil 1L,Groceries,75.0,40.0,401,0,0.0,26
2025-10-24,10,Autumn,0,None,P006,Olive Oil 1L,Groceries,75.0,40.0,381,0,0.0,20
2025-10-25,10,Autumn,0,None,P006,Olive Oil 1L,Groceries,75.0,40.0,349,0,0.0,32
2025-10-26,10,Autumn,0,None,P006,Olive Oil 1L,Groceries,75.0,40.0,311,0,0.0,38
2025-10-27,10,Autumn,0,None,P006,Olive Oil 1L,Groceries,75.0,40.0,289,0,0.0,22
2025-10-28,10,Autumn,0,None,P006,Olive Oil 1L,Groceries,75.0,40.0,260,0,0.0,29
2025-10-29,10,Autumn,0,None,P006,Olive Oil 1L,Groceries,75.0,40.0,222,0,0.0,38
2025-10-30,10,Autumn,0,None,P006,Olive Oil 1L,Groceries,75.0,40.0,196,0,0.0,26
2025-10-31,10,Autumn,0,None,P006,Olive Oil 1L,Groceries,75.0,40.0,995,0,0.0,25
2025-11-01,11,Autumn,0,None,P006,Olive Oil 1L,Groceries,75.0,40.0,965,0,0.0,30
2025-11-02,11,Autumn,0,None,P006,Olive Oil 1L,Groceries,75.0,40.0,933,0,0.0,32
2025-11-03,11,Autumn,0,None,P006,Olive Oil 1L,Groceries,75.0,40.0,904,0,0.0,29
2025-11-04,11,Autumn,0,None,P006,Olive Oil 1L,Groceries,75.0,40.0,889,0,0.0,15
2025-11-05,11,Autumn,0,None,P006,Olive Oil 1L,Groceries,61.32,40.0,869,1,0.18239879789843452,20
2025-11-06,11,Autumn,0,None,P006,Olive Oil 1L,Groceries,75.0,40.0,839,0,0.0,30
2025-11-07,11,Autumn,0,None,P006,Olive Oil 1L,Groceries,75.0,40.0,810,0,0.0,29
2025-11-08,11,Autumn,0,None,P006,Olive Oil 1L,Groceries,75.0,40.0,771,0,0.0,39
2025-11-09,11,Autumn,0,None,P006,Olive Oil 1L,Groceries,75.0,40.0,740,0,0.0,31
2025-11-10,11,Autumn,0,None,P006,Olive Oil 1L,Groceries,75.0,40.0,722,0,0.0,18
2025-11-11,11,Autumn,0,None,P006,Olive Oil 1L,Groceries,75.0,40.0,693,0,0.0,29
2025-11-12,11,Autumn,0,None,P006,Olive Oil 1L,Groceries,53.78,40.0,663,1,0.28288807395080945,30
2025-11-13,11,Autumn,0,None,P006,Olive Oil 1L,Groceries,53.06,40.0,643,1,0.29247002668765554,20
2025-11-14,11,Autumn,0,None,P006,Olive Oil 1L,Groceries,75.0,40.0,624,0,0.0,19
2025-11-15,11,Autumn,0,None,P006,Olive Oil 1L,Groceries,63.38,40.0,581,1,0.15495805288435996,43
2025-11-16,11,Autumn,0,None,P006,Olive Oil 1L,Groceries,75.0,40.0,555,0,0.0,26
2025-11-17,11,Autumn,0,None,P006,Olive Oil 1L,Groceries,75.0,40.0,531,0,0.0,24
2025-11-18,11,Autumn,0,None,P006,Olive Oil 1L,Groceries,75.0,40.0,508,0,0.0,23
2025-11-19,11,Autumn,0,None,P006,Olive Oil 1L,Groceries,75.0,40.0,491,0,0.0,17
2025-11-20,11,Autumn,0,None,P006,Olive Oil 1L,Groceries,75.0,40.0,470,0,0.0,21
2025-11-21,11,Autumn,0,None,P006,Olive Oil 1L,Groceries,75.0,40.0,444,0,0.0,26
2025-11-22,11,Autumn,0,None,P006,Olive Oil 1L,Groceries,75.0,40.0,412,0,0.0,32
2025-11-23,11,Autumn,0,None,P006,Olive Oil 1L,Groceries,75.0,40.0,388,0,0.0,24
2025-11-24,11,Autumn,0,None,P006,Olive Oil 1L,Groceries,75.0,40.0,365,0,0.0,23
2025-11-25,11,Autumn,0,None,P006,Olive Oil 1L,Groceries,75.0,40.0,347,0,0.0,18
2025-11-26,11,Autumn,0,None,P006,Olive Oil 1L,Groceries,75.0,40.0,325,0,0.0,22
2025-11-27,11,Autumn,0,None,P006,Olive Oil 1L,Groceries,56.49,40.0,288,1,0.24677907417991865,37
2025-11-28,11,Autumn,0,None,P006,Olive Oil 1L,Groceries,75.0,40.0,268,0,0.0,20
2025-11-29,11,Autumn,0,None,P006,Olive Oil 1L,Groceries,75.0,40.0,228,0,0.0,40
2025-11-30,11,Autumn,0,None,P006,Olive Oil 1L,Groceries,75.0,40.0,197,0,0.0,31
2025-12-01,12,Winter,0,None,P006,Olive Oil 1L,Groceries,75.0,40.0,866,0,0.0,28
2025-12-02,12,Winter,0,None,P006,Olive Oil 1L,Groceries,75.0,40.0,840,0,0.0,26
2025-12-03,12,Winter,0,None,P006,Olive Oil 1L,Groceries,75.0,40.0,818,0,0.0,22
2025-12-04,12,Winter,0,None,P006,Olive Oil 1L,Groceries,75.0,40.0,800,0,0.0,18
2025-12-05,12,Winter,0,None,P006,Olive Oil 1L,Groceries,75.0,40.0,774,0,0.0,26
2025-12-06,12,Winter,0,None,P006,Olive Oil 1L,Groceries,75.0,40.0,751,0,0.0,23
2025-12-07,12,Winter,0,None,P006,Olive Oil 1L,Groceries,75.0,40.0,718,0,0.0,33
2025-12-08,12,Winter,0,None,P006,Olive Oil 1L,Groceries,75.0,40.0,701,0,0.0,17
2025-12-09,12,Winter,0,None,P006,Olive Oil 1L,Groceries,75.0,40.0,676,0,0.0,25
2025-12-10,12,Winter,0,None,P006,Olive Oil 1L,Groceries,75.0,40.0,656,0,0.0,20
2025-12-11,12,Winter,0,None,P006,Olive Oil 1L,Groceries,75.0,40.0,632,0,0.0,24
2025-12-12,12,Winter,0,None,P006,Olive Oil 1L,Groceries,75.0,40.0,607,0,0.0,25
2025-12-13,12,Winter,0,None,P006,Olive Oil 1L,Groceries,75.0,40.0,588,0,0.0,19
2025-12-14,12,Winter,0,None,P006,Olive Oil 1L,Groceries,75.0,40.0,556,0,0.0,32
2025-12-15,12,Winter,0,None,P006,Olive Oil 1L,Groceries,75.0,40.0,534,0,0.0,22
2025-12-16,12,Winter,0,None,P006,Olive Oil 1L,Groceries,56.61,40.0,504,1,0.24515420939155547,30
2025-12-17,12,Winter,0,None,P006,Olive Oil 1L,Groceries,75.0,40.0,488,0,0.0,16
2025-12-18,12,Winter,0,None,P006,Olive Oil 1L,Groceries,75.0,40.0,463,0,0.0,25
2025-12-19,12,Winter,0,None,P006,Olive Oil 1L,Groceries,56.17,40.0,434,1,0.2510862201244055,29
2025-12-20,12,Winter,0,None,P006,Olive Oil 1L,Groceries,75.0,40.0,418,0,0.0,16
2025-12-21,12,Winter,0,None,P006,Olive Oil 1L,Groceries,75.0,40.0,390,0,0.0,28
2025-12-22,12,Winter,0,None,P006,Olive Oil 1L,Groceries,75.0,40.0,374,0,0.0,16
2025-12-23,12,Winter,0,None,P006,Olive Oil 1L,Groceries,75.0,40.0,358,0,0.0,16
2025-12-24,12,Winter,0,None,P006,Olive Oil 1L,Groceries,75.0,40.0,339,0,0.0,19
2025-12-25,12,Winter,0,None,P006,Olive Oil 1L,Groceries,61.03,40.0,305,1,0.18633017083687628,34
2025-12-26,12,Winter,0,None,P006,Olive Oil 1L,Groceries,67.48,40.0,275,1,0.10022629502417404,30
2025-12-27,12,Winter,0,None,P006,Olive Oil 1L,Groceries,56.06,40.0,240,1,0.25259977954238844,35
2025-12-28,12,Winter,0,None,P006,Olive Oil 1L,Groceries,75.0,40.0,214,0,0.0,26
2025-12-29,12,Winter,0,None,P006,Olive Oil 1L,Groceries,75.0,40.0,198,0,0.0,16
2025-12-30,12,Winter,0,None,P006,Olive Oil 1L,Groceries,75.0,40.0,922,0,0.0,18
2025-12-31,12,Winter,0,None,P006,Olive Oil 1L,Groceries,75.0,40.0,910,0,0.0,12
2026-01-01,1,Winter,0,None,P006,Olive Oil 1L,Groceries,75.0,40.0,892,0,0.0,18
2026-01-02,1,Winter,0,None,P006,Olive Oil 1L,Groceries,75.0,40.0,870,0,0.0,22
2026-01-03,1,Winter,0,None,P006,Olive Oil 1L,Groceries,63.61,40.0,847,1,0.15191044973299764,23
2026-01-04,1,Winter,0,None,P006,Olive Oil 1L,Groceries,75.0,40.0,818,0,0.0,29
2026-01-05,1,Winter,0,None,P006,Olive Oil 1L,Groceries,75.0,40.0,800,0,0.0,18
2026-01-06,1,Winter,0,None,P006,Olive Oil 1L,Groceries,59.97,40.0,768,1,0.20034256333769837,32
2026-01-07,1,Winter,0,None,P006,Olive Oil 1L,Groceries,75.0,40.0,754,0,0.0,14
2026-01-08,1,Winter,0,None,P006,Olive Oil 1L,Groceries,75.0,40.0,734,0,0.0,20
2026-01-09,1,Winter,0,None,P006,Olive Oil 1L,Groceries,75.0,40.0,715,0,0.0,19
2026-01-10,1,Winter,0,None,P006,Olive Oil 1L,Groceries,75.0,40.0,699,0,0.0,16
2026-01-11,1,Winter,0,None,P006,Olive Oil 1L,Groceries,75.0,40.0,666,0,0.0,33
2026-01-12,1,Winter,0,None,P006,Olive Oil 1L,Groceries,63.76,40.0,637,1,0.1498348994484733,29
2026-01-13,1,Winter,0,None,P006,Olive Oil 1L,Groceries,75.0,40.0,611,0,0.0,26
2026-01-14,1,Winter,0,None,P006,Olive Oil 1L,Groceries,65.17,40.0,589,1,0.13105532063546613,22
2026-01-15,1,Winter,0,None,P006,Olive Oil 1L,Groceries,75.0,40.0,565,0,0.0,24
2026-01-16,1,Winter,0,None,P006,Olive Oil 1L,Groceries,75.0,40.0,547,0,0.0,18
2026-01-17,1,Winter,0,None,P006,Olive Oil 1L,Groceries,75.0,40.0,514,0,0.0,33
2026-01-18,1,Winter,0,None,P006,Olive Oil 1L,Groceries,75.0,40.0,485,0,0.0,29
2026-01-19,1,Winter,0,None,P006,Olive Oil 1L,Groceries,58.16,40.0,453,1,0.22459457753761913,32
2026-01-20,1,Winter,0,None,P006,Olive Oil 1L,Groceries,66.85,40.0,429,1,0.10869124926023413,24
2026-01-21,1,Winter,0,None,P006,Olive Oil 1L,Groceries,75.0,40.0,406,0,0.0,23
2026-01-22,1,Winter,0,None,P006,Olive Oil 1L,Groceries,75.0,40.0,395,0,0.0,11
2026-01-23,1,Winter,0,None,P006,Olive Oil 1L,Groceries,75.0,40.0,376,0,0.0,19
2026-01-24,1,Winter,0,None,P006,Olive Oil 1L,Groceries,75.0,40.0,346,0,0.0,30
2026-01-25,1,Winter,0,None,P006,Olive Oil 1L,Groceries,75.0,40.0,331,0,0.0,15
2026-01-26,1,Winter,0,None,P006,Olive Oil 1L,Groceries,75.0,40.0,308,0,0.0,23
2026-01-27,1,Winter,0,None,P006,Olive Oil 1L,Groceries,75.0,40.0,283,0,0.0,25
2026-01-28,1,Winter,0,None,P006,Olive Oil 1L,Groceries,63.18,40.0,261,1,0.15762502577093834,22
2026-01-29,1,Winter,0,None,P006,Olive Oil 1L,Groceries,75.0,40.0,239,0,0.0,22
2026-01-30,1,Winter,0,None,P006,Olive Oil 1L,Groceries,75.0,40.0,222,0,0.0,17
2026-01-31,1,Winter,0,None,P006,Olive Oil 1L,Groceries,75.0,40.0,200,0,0.0,22
2026-02-01,2,Winter,0,None,P006,Olive Oil 1L,Groceries,75.0,40.0,171,0,0.0,29
2026-02-02,2,Winter,0,None,P006,Olive Oil 1L,Groceries,75.0,40.0,1092,0,0.0,23
2026-02-03,2,Winter,0,None,P006,Olive Oil 1L,Groceries,75.0,40.0,1076,0,0.0,16
2026-02-04,2,Winter,0,None,P006,Olive Oil 1L,Groceries,75.0,40.0,1051,0,0.0,25
2026-02-05,2,Winter,0,None,P006,Olive Oil 1L,Groceries,75.0,40.0,1037,0,0.0,14
2026-02-06,2,Winter,0,None,P006,Olive Oil 1L,Groceries,75.0,40.0,1016,0,0.0,21
2026-02-07,2,Winter,0,None,P006,Olive Oil 1L,Groceries,75.0,40.0,987,0,0.0,29
2026-02-08,2,Winter,0,None,P006,Olive Oil 1L,Groceries,75.0,40.0,958,0,0.0,29
2026-02-09,2,Winter,0,None,P006,Olive Oil 1L,Groceries,75.0,40.0,944,0,0.0,14
2026-02-10,2,Winter,0,None,P006,Olive Oil 1L,Groceries,75.0,40.0,923,0,0.0,21
2026-02-11,2,Winter,0,None,P006,Olive Oil 1L,Groceries,75.0,40.0,907,0,0.0,16
2026-02-12,2,Winter,0,None,P006,Olive Oil 1L,Groceries,75.0,40.0,898,0,0.0,9
2026-02-13,2,Winter,0,None,P006,Olive Oil 1L,Groceries,75.0,40.0,877,0,0.0,21
2026-02-14,2,Winter,0,None,P006,Olive Oil 1L,Groceries,75.0,40.0,852,0,0.0,25
2026-02-15,2,Winter,0,None,P006,Olive Oil 1L,Groceries,75.0,40.0,836,0,0.0,16
2026-02-16,2,Winter,0,None,P006,Olive Oil 1L,Groceries,65.59,40.0,806,1,0.12552463724755064,30
2026-02-17,2,Winter,0,None,P006,Olive Oil 1L,Groceries,75.0,40.0,791,0,0.0,15
2026-02-18,2,Winter,0,None,P006,Olive Oil 1L,Groceries,75.0,40.0,772,0,0.0,19
2026-02-19,2,Winter,0,None,P006,Olive Oil 1L,Groceries,75.0,40.0,750,0,0.0,22
2026-02-20,2,Winter,0,None,P006,Olive Oil 1L,Groceries,75.0,40.0,731,0,0.0,19
2026-02-21,2,Winter,0,None,P006,Olive Oil 1L,Groceries,75.0,40.0,705,0,0.0,26
2026-02-22,2,Winter,0,None,P006,Olive Oil 1L,Groceries,75.0,40.0,682,0,0.0,23
2026-02-23,2,Winter,0,None,P006,Olive Oil 1L,Groceries,75.0,40.0,655,0,0.0,27
2026-02-24,2,Winter,0,None,P006,Olive Oil 1L,Groceries,75.0,40.0,632,0,0.0,23
2026-02-25,2,Winter,0,None,P006,Olive Oil 1L,Groceries,75.0,40.0,610,0,0.0,22
2026-02-26,2,Winter,0,None,P006,Olive Oil 1L,Groceries,75.0,40.0,598,0,0.0,12
2026-02-27,2,Winter,0,None,P006,Olive Oil 1L,Groceries,75.0,40.0,579,0,0.0,19
2026-02-28,2,Winter,0,None,P006,Olive Oil 1L,Groceries,75.0,40.0,551,0,0.0,28
2026-03-01,3,Spring,0,None,P006,Olive Oil 1L,Groceries,75.0,40.0,531,0,0.0,20
2026-03-02,3,Spring,0,None,P006,Olive Oil 1L,Groceries,54.94,40.0,497,1,0.2674044261296661,34
2026-03-03,3,Spring,0,None,P006,Olive Oil 1L,Groceries,66.13,40.0,478,1,0.11827077307328733,19
2026-03-04,3,Spring,0,None,P006,Olive Oil 1L,Groceries,75.0,40.0,459,0,0.0,19
2026-03-05,3,Spring,0,None,P006,Olive Oil 1L,Groceries,75.0,40.0,437,0,0.0,22
2026-03-06,3,Spring,0,None,P006,Olive Oil 1L,Groceries,75.0,40.0,417,0,0.0,20
2026-03-07,3,Spring,0,None,P006,Olive Oil 1L,Groceries,75.0,40.0,393,0,0.0,24
2026-03-08,3,Spring,0,None,P006,Olive Oil 1L,Groceries,75.0,40.0,360,0,0.0,33
2026-03-09,3,Spring,0,None,P006,Olive Oil 1L,Groceries,75.0,40.0,338,0,0.0,22
2026-03-10,3,Spring,1,Ramadan,P006,Olive Oil 1L,Groceries,75.0,40.0,316,0,0.0,22
2026-03-11,3,Spring,1,Ramadan,P006,Olive Oil 1L,Groceries,75.0,40.0,294,0,0.0,22
2026-03-12,3,Spring,1,Ramadan,P006,Olive Oil 1L,Groceries,62.06,40.0,265,1,0.17248628223755413,29
2026-03-13,3,Spring,1,Ramadan,P006,Olive Oil 1L,Groceries,75.0,40.0,250,0,0.0,15
2026-03-14,3,Spring,1,Ramadan,P006,Olive Oil 1L,Groceries,75.0,40.0,223,0,0.0,27
2026-03-15,3,Spring,1,Ramadan,P006,Olive Oil 1L,Groceries,75.0,40.0,191,0,0.0,32
2026-03-16,3,Spring,1,Ramadan,P006,Olive Oil 1L,Groceries,75.0,40.0,1329,0,0.0,21
2026-03-17,3,Spring,1,Ramadan,P006,Olive Oil 1L,Groceries,75.0,40.0,1319,0,0.0,10
2026-03-18,3,Spring,1,Ramadan,P006,Olive Oil 1L,Groceries,75.0,40.0,1302,0,0.0,17
2026-03-19,3,Spring,1,Ramadan,P006,Olive Oil 1L,Groceries,75.0,40.0,1282,0,0.0,20
2026-03-20,3,Spring,1,Ramadan,P006,Olive Oil 1L,Groceries,75.0,40.0,1267,0,0.0,15
2026-03-21,3,Spring,1,Ramadan,P006,Olive Oil 1L,Groceries,75.0,40.0,1241,0,0.0,26
2026-03-22,3,Spring,1,Ramadan,P006,Olive Oil 1L,Groceries,75.0,40.0,1213,0,0.0,28
2026-03-23,3,Spring,1,Ramadan,P006,Olive Oil 1L,Groceries,75.0,40.0,1198,0,0.0,15
2026-03-24,3,Spring,1,Ramadan,P006,Olive Oil 1L,Groceries,58.75,40.0,1163,1,0.216687126942177,35
2026-03-25,3,Spring,1,Ramadan,P006,Olive Oil 1L,Groceries,75.0,40.0,1140,0,0.0,23
2026-03-26,3,Spring,1,Ramadan,P006,Olive Oil 1L,Groceries,75.0,40.0,1121,0,0.0,19
2026-03-27,3,Spring,1,Ramadan,P006,Olive Oil 1L,Groceries,75.0,40.0,1104,0,0.0,17
2026-03-28,3,Spring,1,Ramadan,P006,Olive Oil 1L,Groceries,75.0,40.0,1069,0,0.0,35
2026-03-29,3,Spring,1,Ramadan,P006,Olive Oil 1L,Groceries,75.0,40.0,1047,0,0.0,22
2026-03-30,3,Spring,1,Ramadan,P006,Olive Oil 1L,Groceries,75.0,40.0,1025,0,0.0,22
2026-03-31,3,Spring,1,Ramadan,P006,Olive Oil 1L,Groceries,75.0,40.0,1006,0,0.0,19
2026-04-01,4,Spring,0,None,P006,Olive Oil 1L,Groceries,75.0,40.0,985,0,0.0,21
2026-04-02,4,Spring,0,None,P006,Olive Oil 1L,Groceries,75.0,40.0,962,0,0.0,23
2026-04-03,4,Spring,0,None,P006,Olive Oil 1L,Groceries,75.0,40.0,936,0,0.0,26
2026-04-04,4,Spring,0,None,P006,Olive Oil 1L,Groceries,58.13,40.0,888,1,0.22491945030403088,48
2026-04-05,4,Spring,0,None,P006,Olive Oil 1L,Groceries,75.0,40.0,873,0,0.0,15
2026-04-06,4,Spring,0,None,P006,Olive Oil 1L,Groceries,75.0,40.0,848,0,0.0,25
2026-04-07,4,Spring,0,None,P006,Olive Oil 1L,Groceries,75.0,40.0,826,0,0.0,22
2026-04-08,4,Spring,0,None,P006,Olive Oil 1L,Groceries,75.0,40.0,811,0,0.0,15
2026-04-09,4,Spring,1,Eid al-Fitr,P006,Olive Oil 1L,Groceries,75.0,40.0,788,0,0.0,23
2026-04-10,4,Spring,1,Eid al-Fitr,P006,Olive Oil 1L,Groceries,75.0,40.0,768,0,0.0,20
2026-04-11,4,Spring,0,None,P006,Olive Oil 1L,Groceries,75.0,40.0,752,0,0.0,16
2026-04-12,4,Spring,0,None,P006,Olive Oil 1L,Groceries,75.0,40.0,730,0,0.0,22
2026-04-13,4,Spring,0,None,P006,Olive Oil 1L,Groceries,75.0,40.0,715,0,0.0,15
2026-04-14,4,Spring,0,None,P006,Olive Oil 1L,Groceries,75.0,40.0,695,0,0.0,20
2026-04-15,4,Spring,0,None,P006,Olive Oil 1L,Groceries,63.01,40.0,669,1,0.15991853111704313,26
2026-04-16,4,Spring,0,None,P006,Olive Oil 1L,Groceries,75.0,40.0,654,0,0.0,15
2026-04-17,4,Spring,0,None,P006,Olive Oil 1L,Groceries,75.0,40.0,635,0,0.0,19
2026-04-18,4,Spring,0,None,P006,Olive Oil 1L,Groceries,57.86,40.0,600,1,0.22854920921505587,35
2026-04-19,4,Spring,0,None,P006,Olive Oil 1L,Groceries,75.0,40.0,565,0,0.0,35
2026-04-20,4,Spring,0,None,P006,Olive Oil 1L,Groceries,75.0,40.0,550,0,0.0,15
2026-04-21,4,Spring,0,None,P006,Olive Oil 1L,Groceries,75.0,40.0,533,0,0.0,17
2026-04-22,4,Spring,0,None,P006,Olive Oil 1L,Groceries,75.0,40.0,507,0,0.0,26
2026-04-23,4,Spring,0,None,P006,Olive Oil 1L,Groceries,75.0,40.0,486,0,0.0,21
2026-04-24,4,Spring,0,None,P006,Olive Oil 1L,Groceries,75.0,40.0,468,0,0.0,18
2026-04-25,4,Spring,0,None,P006,Olive Oil 1L,Groceries,75.0,40.0,433,0,0.0,35
2026-04-26,4,Spring,0,None,P006,Olive Oil 1L,Groceries,75.0,40.0,405,0,0.0,28
2026-04-27,4,Spring,0,None,P006,Olive Oil 1L,Groceries,75.0,40.0,384,0,0.0,21
2026-04-28,4,Spring,0,None,P006,Olive Oil 1L,Groceries,75.0,40.0,368,0,0.0,16
2026-04-29,4,Spring,0,None,P006,Olive Oil 1L,Groceries,75.0,40.0,350,0,0.0,18
2026-04-30,4,Spring,0,None,P006,Olive Oil 1L,Groceries,75.0,40.0,337,0,0.0,13
2026-05-01,5,Spring,0,None,P006,Olive Oil 1L,Groceries,75.0,40.0,315,0,0.0,22
2026-05-02,5,Spring,0,None,P006,Olive Oil 1L,Groceries,62.28,40.0,274,1,0.16960267075269858,41
2026-05-03,5,Spring,0,None,P006,Olive Oil 1L,Groceries,75.0,40.0,244,0,0.0,30
2026-05-04,5,Spring,0,None,P006,Olive Oil 1L,Groceries,58.23,40.0,223,1,0.22360873582474747,21
2026-05-05,5,Spring,0,None,P006,Olive Oil 1L,Groceries,75.0,40.0,199,0,0.0,24
2026-05-06,5,Spring,0,None,P006,Olive Oil 1L,Groceries,75.0,40.0,1072,0,0.0,19
2026-05-07,5,Spring,0,None,P006,Olive Oil 1L,Groceries,75.0,40.0,1051,0,0.0,21
2026-05-08,5,Spring,0,None,P006,Olive Oil 1L,Groceries,75.0,40.0,1031,0,0.0,20
2026-05-09,5,Spring,0,None,P006,Olive Oil 1L,Groceries,75.0,40.0,1014,0,0.0,17
2026-05-10,5,Spring,0,None,P006,Olive Oil 1L,Groceries,75.0,40.0,996,0,0.0,18
2026-05-11,5,Spring,0,None,P006,Olive Oil 1L,Groceries,75.0,40.0,978,0,0.0,18
2026-05-12,5,Spring,0,None,P006,Olive Oil 1L,Groceries,75.0,40.0,951,0,0.0,27
2026-05-13,5,Spring,0,None,P006,Olive Oil 1L,Groceries,75.0,40.0,930,0,0.0,21
2026-05-14,5,Spring,0,None,P006,Olive Oil 1L,Groceries,75.0,40.0,917,0,0.0,13
2026-05-15,5,Spring,0,None,P006,Olive Oil 1L,Groceries,58.12,40.0,886,1,0.22500389083362082,31
2026-05-16,5,Spring,0,None,P006,Olive Oil 1L,Groceries,75.0,40.0,854,0,0.0,32
2026-05-17,5,Spring,0,None,P006,Olive Oil 1L,Groceries,75.0,40.0,824,0,0.0,30
2026-05-18,5,Spring,0,None,P006,Olive Oil 1L,Groceries,75.0,40.0,800,0,0.0,24
2026-05-19,5,Spring,0,None,P006,Olive Oil 1L,Groceries,54.58,40.0,761,1,0.2722466823773475,39
2026-05-20,5,Spring,0,None,P006,Olive Oil 1L,Groceries,75.0,40.0,745,0,0.0,16
2026-05-21,5,Spring,0,None,P006,Olive Oil 1L,Groceries,75.0,40.0,718,0,0.0,27
2026-05-22,5,Spring,0,None,P006,Olive Oil 1L,Groceries,75.0,40.0,703,0,0.0,15
2026-05-23,5,Spring,0,None,P006,Olive Oil 1L,Groceries,75.0,40.0,678,0,0.0,25
2026-05-24,5,Spring,0,None,P006,Olive Oil 1L,Groceries,75.0,40.0,650,0,0.0,28
2026-05-25,5,Spring,0,None,P006,Olive Oil 1L,Groceries,62.89,40.0,619,1,0.16148650650956745,31
2026-05-26,5,Spring,0,None,P006,Olive Oil 1L,Groceries,75.0,40.0,602,0,0.0,17
2026-05-27,5,Spring,0,None,P006,Olive Oil 1L,Groceries,75.0,40.0,583,0,0.0,19
2026-05-28,5,Spring,0,None,P006,Olive Oil 1L,Groceries,75.0,40.0,563,0,0.0,20
2026-05-29,5,Spring,0,None,P006,Olive Oil 1L,Groceries,75.0,40.0,543,0,0.0,20
2026-05-30,5,Spring,0,None,P006,Olive Oil 1L,Groceries,75.0,40.0,522,0,0.0,21
2026-05-31,5,Spring,0,None,P006,Olive Oil 1L,Groceries,75.0,40.0,514,0,0.0,8
2026-06-01,6,Summer,0,None,P006,Olive Oil 1L,Groceries,75.0,40.0,497,0,0.0,17
2026-06-02,6,Summer,0,None,P006,Olive Oil 1L,Groceries,75.0,40.0,483,0,0.0,14
2026-06-03,6,Summer,0,None,P006,Olive Oil 1L,Groceries,75.0,40.0,458,0,0.0,25
2026-06-04,6,Summer,0,None,P006,Olive Oil 1L,Groceries,75.0,40.0,439,0,0.0,19
2026-06-05,6,Summer,0,None,P006,Olive Oil 1L,Groceries,75.0,40.0,422,0,0.0,17
2026-06-06,6,Summer,0,None,P006,Olive Oil 1L,Groceries,75.0,40.0,396,0,0.0,26
2026-06-07,6,Summer,0,None,P006,Olive Oil 1L,Groceries,75.0,40.0,365,0,0.0,31
2026-06-08,6,Summer,0,None,P006,Olive Oil 1L,Groceries,75.0,40.0,346,0,0.0,19
2026-06-09,6,Summer,0,None,P006,Olive Oil 1L,Groceries,64.09,40.0,334,1,0.14549817817381247,12
2026-06-10,6,Summer,0,None,P006,Olive Oil 1L,Groceries,75.0,40.0,318,0,0.0,16
2026-06-11,6,Summer,0,None,P006,Olive Oil 1L,Groceries,75.0,40.0,300,0,0.0,18
2026-06-12,6,Summer,0,None,P006,Olive Oil 1L,Groceries,75.0,40.0,273,0,0.0,27
2026-06-13,6,Summer,0,None,P006,Olive Oil 1L,Groceries,75.0,40.0,242,0,0.0,31
2026-06-14,6,Summer,0,None,P006,Olive Oil 1L,Groceries,75.0,40.0,229,0,0.0,13
2026-06-15,6,Summer,0,None,P006,Olive Oil 1L,Groceries,75.0,40.0,213,0,0.0,16
2026-06-16,6,Summer,1,Eid al-Adha,P006,Olive Oil 1L,Groceries,67.3,40.0,191,1,0.10268458302402553,22
2026-06-17,6,Summer,1,Eid al-Adha,P006,Olive Oil 1L,Groceries,75.0,40.0,1024,0,0.0,20
2026-06-18,6,Summer,0,None,P006,Olive Oil 1L,Groceries,75.0,40.0,1006,0,0.0,18
2026-06-19,6,Summer,0,None,P006,Olive Oil 1L,Groceries,60.59,40.0,985,1,0.1921841545839319,21
2026-06-20,6,Summer,0,None,P006,Olive Oil 1L,Groceries,75.0,40.0,955,0,0.0,30
2026-06-21,6,Summer,0,None,P006,Olive Oil 1L,Groceries,75.0,40.0,927,0,0.0,28
2026-06-22,6,Summer,0,None,P006,Olive Oil 1L,Groceries,75.0,40.0,909,0,0.0,18
2026-06-23,6,Summer,0,None,P006,Olive Oil 1L,Groceries,75.0,40.0,886,0,0.0,23
2026-06-24,6,Summer,0,None,P006,Olive Oil 1L,Groceries,75.0,40.0,861,0,0.0,25
2026-06-25,6,Summer,0,None,P006,Olive Oil 1L,Groceries,75.0,40.0,837,0,0.0,24
2026-06-26,6,Summer,0,None,P006,Olive Oil 1L,Groceries,75.0,40.0,817,0,0.0,20
2026-06-27,6,Summer,0,None,P006,Olive Oil 1L,Groceries,75.0,40.0,791,0,0.0,26
2026-06-28,6,Summer,0,None,P006,Olive Oil 1L,Groceries,75.0,40.0,756,0,0.0,35
2026-06-29,6,Summer,0,None,P006,Olive Oil 1L,Groceries,75.0,40.0,741,0,0.0,15
2026-06-30,6,Summer,0,None,P006,Olive Oil 1L,Groceries,75.0,40.0,725,0,0.0,16
2026-07-01,7,Summer,0,None,P006,Olive Oil 1L,Groceries,75.0,40.0,704,0,0.0,21
2026-07-02,7,Summer,0,None,P006,Olive Oil 1L,Groceries,75.0,40.0,681,0,0.0,23
2026-07-03,7,Summer,0,None,P006,Olive Oil 1L,Groceries,75.0,40.0,667,0,0.0,14
2026-07-04,7,Summer,0,None,P006,Olive Oil 1L,Groceries,75.0,40.0,632,0,0.0,35
2026-07-05,7,Summer,0,None,P006,Olive Oil 1L,Groceries,75.0,40.0,597,0,0.0,35
2026-07-06,7,Summer,0,None,P006,Olive Oil 1L,Groceries,75.0,40.0,573,0,0.0,24
2026-07-07,7,Summer,0,None,P006,Olive Oil 1L,Groceries,75.0,40.0,554,0,0.0,19
2026-07-08,7,Summer,0,None,P006,Olive Oil 1L,Groceries,75.0,40.0,537,0,0.0,17
2026-07-09,7,Summer,0,None,P006,Olive Oil 1L,Groceries,62.03,40.0,510,1,0.17299143753364504,27
2026-07-10,7,Summer,0,None,P006,Olive Oil 1L,Groceries,75.0,40.0,498,0,0.0,12
2026-07-11,7,Summer,0,None,P006,Olive Oil 1L,Groceries,75.0,40.0,478,0,0.0,20
2026-07-12,7,Summer,0,None,P006,Olive Oil 1L,Groceries,75.0,40.0,452,0,0.0,26
2026-07-13,7,Summer,0,None,P006,Olive Oil 1L,Groceries,54.91,40.0,423,1,0.26780983361587146,29
2026-07-14,7,Summer,0,None,P006,Olive Oil 1L,Groceries,75.0,40.0,402,0,0.0,21
2026-07-15,7,Summer,0,None,P006,Olive Oil 1L,Groceries,75.0,40.0,382,0,0.0,20
2026-07-16,7,Summer,0,None,P006,Olive Oil 1L,Groceries,75.0,40.0,360,0,0.0,22
2026-07-17,7,Summer,0,None,P006,Olive Oil 1L,Groceries,75.0,40.0,343,0,0.0,17
2026-07-18,7,Summer,0,None,P006,Olive Oil 1L,Groceries,75.0,40.0,321,0,0.0,22
2026-07-19,7,Summer,0,None,P006,Olive Oil 1L,Groceries,75.0,40.0,286,0,0.0,35
2026-07-20,7,Summer,0,None,P006,Olive Oil 1L,Groceries,75.0,40.0,266,0,0.0,20
2026-07-21,7,Summer,0,None,P006,Olive Oil 1L,Groceries,53.18,40.0,228,1,0.29087387244564716,38
2026-07-22,7,Summer,0,None,P006,Olive Oil 1L,Groceries,75.0,40.0,211,0,0.0,17
2026-07-23,7,Summer,0,None,P006,Olive Oil 1L,Groceries,75.0,40.0,192,0,0.0,19
2026-07-24,7,Summer,0,None,P006,Olive Oil 1L,Groceries,75.0,40.0,789,0,0.0,27
2026-07-25,7,Summer,0,None,P006,Olive Oil 1L,Groceries,58.44,40.0,749,1,0.22074534350702618,40
2026-07-26,7,Summer,0,None,P006,Olive Oil 1L,Groceries,75.0,40.0,717,0,0.0,32
2026-07-27,7,Summer,0,None,P006,Olive Oil 1L,Groceries,75.0,40.0,694,0,0.0,23
2026-07-28,7,Summer,0,None,P006,Olive Oil 1L,Groceries,75.0,40.0,670,0,0.0,24
2026-07-29,7,Summer,0,None,P006,Olive Oil 1L,Groceries,75.0,40.0,652,0,0.0,18
2026-07-30,7,Summer,0,None,P006,Olive Oil 1L,Groceries,75.0,40.0,632,0,0.0,20
2026-07-31,7,Summer,0,None,P006,Olive Oil 1L,Groceries,75.0,40.0,620,0,0.0,12
2026-08-01,8,Summer,0,None,P006,Olive Oil 1L,Groceries,75.0,40.0,589,0,0.0,31
2026-08-02,8,Summer,0,None,P006,Olive Oil 1L,Groceries,75.0,40.0,570,0,0.0,19
2026-08-03,8,Summer,0,None,P006,Olive Oil 1L,Groceries,75.0,40.0,550,0,0.0,20
2026-08-04,8,Summer,0,None,P006,Olive Oil 1L,Groceries,75.0,40.0,533,0,0.0,17
2026-08-05,8,Summer,0,None,P006,Olive Oil 1L,Groceries,75.0,40.0,510,0,0.0,23
2026-08-06,8,Summer,0,None,P006,Olive Oil 1L,Groceries,56.8,40.0,491,1,0.24269238967329995,19
2026-08-07,8,Summer,0,None,P006,Olive Oil 1L,Groceries,75.0,40.0,474,0,0.0,17
2026-08-08,8,Summer,0,None,P006,Olive Oil 1L,Groceries,75.0,40.0,445,0,0.0,29
2026-08-09,8,Summer,0,None,P006,Olive Oil 1L,Groceries,75.0,40.0,420,0,0.0,25
2026-08-10,8,Summer,0,None,P006,Olive Oil 1L,Groceries,75.0,40.0,395,0,0.0,25
2026-08-11,8,Summer,0,None,P006,Olive Oil 1L,Groceries,75.0,40.0,377,0,0.0,18
2026-08-12,8,Summer,0,None,P006,Olive Oil 1L,Groceries,75.0,40.0,356,0,0.0,21
2026-08-13,8,Summer,0,None,P006,Olive Oil 1L,Groceries,75.0,40.0,344,0,0.0,12
2026-08-14,8,Summer,0,None,P006,Olive Oil 1L,Groceries,75.0,40.0,330,0,0.0,14
2026-08-15,8,Summer,0,None,P006,Olive Oil 1L,Groceries,65.3,40.0,306,1,0.12939208118076231,24
2026-08-16,8,Summer,0,None,P006,Olive Oil 1L,Groceries,75.0,40.0,284,0,0.0,22
2026-08-17,8,Summer,0,None,P006,Olive Oil 1L,Groceries,75.0,40.0,271,0,0.0,13
2026-08-18,8,Summer,0,None,P006,Olive Oil 1L,Groceries,75.0,40.0,246,0,0.0,25
2026-08-19,8,Summer,0,None,P006,Olive Oil 1L,Groceries,75.0,40.0,227,0,0.0,19
2026-08-20,8,Summer,0,None,P006,Olive Oil 1L,Groceries,75.0,40.0,195,0,0.0,32
2026-08-21,8,Summer,0,None,P006,Olive Oil 1L,Groceries,75.0,40.0,899,0,0.0,16
2026-08-22,8,Summer,0,None,P006,Olive Oil 1L,Groceries,75.0,40.0,884,0,0.0,15
2026-08-23,8,Summer,0,None,P006,Olive Oil 1L,Groceries,75.0,40.0,860,0,0.0,24
2026-08-24,8,Summer,0,None,P006,Olive Oil 1L,Groceries,75.0,40.0,843,0,0.0,17
2026-08-25,8,Summer,0,None,P006,Olive Oil 1L,Groceries,75.0,40.0,822,0,0.0,21
2026-08-26,8,Summer,0,None,P006,Olive Oil 1L,Groceries,75.0,40.0,809,0,0.0,13
2026-08-27,8,Summer,0,None,P006,Olive Oil 1L,Groceries,75.0,40.0,794,0,0.0,15
2026-08-28,8,Summer,0,None,P006,Olive Oil 1L,Groceries,75.0,40.0,770,0,0.0,24
2026-08-29,8,Summer,0,None,P006,Olive Oil 1L,Groceries,75.0,40.0,747,0,0.0,23
2026-08-30,8,Summer,0,None,P006,Olive Oil 1L,Groceries,75.0,40.0,728,0,0.0,19
2026-08-31,8,Summer,0,None,P006,Olive Oil 1L,Groceries,75.0,40.0,708,0,0.0,20
2026-09-01,9,Autumn,1,Back_to_school,P006,Olive Oil 1L,Groceries,75.0,40.0,687,0,0.0,21
2026-09-02,9,Autumn,1,Back_to_school,P006,Olive Oil 1L,Groceries,75.0,40.0,663,0,0.0,24
2026-09-03,9,Autumn,1,Back_to_school,P006,Olive Oil 1L,Groceries,75.0,40.0,643,0,0.0,20
2026-09-04,9,Autumn,1,Back_to_school,P006,Olive Oil 1L,Groceries,75.0,40.0,610,0,0.0,33
2026-09-05,9,Autumn,1,Back_to_school,P006,Olive Oil 1L,Groceries,55.12,40.0,567,1,0.2650429891503686,43
2026-09-06,9,Autumn,1,Back_to_school,P006,Olive Oil 1L,Groceries,75.0,40.0,541,0,0.0,26
2026-09-07,9,Autumn,1,Back_to_school,P006,Olive Oil 1L,Groceries,75.0,40.0,511,0,0.0,30
2026-09-08,9,Autumn,1,Back_to_school,P006,Olive Oil 1L,Groceries,75.0,40.0,488,0,0.0,23
2026-09-09,9,Autumn,1,Back_to_school,P006,Olive Oil 1L,Groceries,75.0,40.0,467,0,0.0,21
2026-09-10,9,Autumn,1,Back_to_school,P006,Olive Oil 1L,Groceries,75.0,40.0,439,0,0.0,28
2026-09-11,9,Autumn,1,Back_to_school,P006,Olive Oil 1L,Groceries,75.0,40.0,422,0,0.0,17
2026-09-12,9,Autumn,1,Back_to_school,P006,Olive Oil 1L,Groceries,75.0,40.0,386,0,0.0,36
2026-09-13,9,Autumn,1,Back_to_school,P006,Olive Oil 1L,Groceries,75.0,40.0,345,0,0.0,41
2026-09-14,9,Autumn,1,Back_to_school,P006,Olive Oil 1L,Groceries,75.0,40.0,327,0,0.0,18
2026-09-15,9,Autumn,1,Back_to_school,P006,Olive Oil 1L,Groceries,75.0,40.0,306,0,0.0,21
2026-09-16,9,Autumn,0,None,P006,Olive Oil 1L,Groceries,75.0,40.0,282,0,0.0,24
2026-09-17,9,Autumn,0,None,P006,Olive Oil 1L,Groceries,75.0,40.0,256,0,0.0,26
2026-09-18,9,Autumn,0,None,P006,Olive Oil 1L,Groceries,63.07,40.0,224,1,0.1590521260171948,32
2026-09-19,9,Autumn,0,None,P006,Olive Oil 1L,Groceries,75.0,40.0,207,0,0.0,17
2026-09-20,9,Autumn,0,None,P006,Olive Oil 1L,Groceries,75.0,40.0,170,0,0.0,37
2026-09-21,9,Autumn,0,None,P006,Olive Oil 1L,Groceries,75.0,40.0,1132,0,0.0,23
2026-09-22,9,Autumn,0,None,P006,Olive Oil 1L,Groceries,75.0,40.0,1117,0,0.0,15
2026-09-23,9,Autumn,0,None,P006,Olive Oil 1L,Groceries,75.0,40.0,1098,0,0.0,19
2026-09-24,9,Autumn,0,None,P006,Olive Oil 1L,Groceries,75.0,40.0,1081,0,0.0,17
2026-09-25,9,Autumn,0,None,P006,Olive Oil 1L,Groceries,75.0,40.0,1065,0,0.0,16
2026-09-26,9,Autumn,0,None,P006,Olive Oil 1L,Groceries,75.0,40.0,1040,0,0.0,25
